ISO-10303-21;
HEADER;

FILE_DESCRIPTION((''), '2;1');

FILE_NAME(
    'output_file',
    '2009-06-07T17:44:47-07:00',
    (''),
    (''),
    'SolveSpace',
    '',
    ''
);

FILE_SCHEMA (('CONFIG_CONTROL_DESIGN'));
ENDSEC;

DATA;

/**********************************************************
 * This defines the units and tolerances for the file. It
 * is always the same, independent of the actual data.
 **********************************************************/
#158=(
LENGTH_UNIT()
NAMED_UNIT(*)
SI_UNIT(.MILLI.,.METRE.)
);
#161=(
NAMED_UNIT(*)
PLANE_ANGLE_UNIT()
SI_UNIT($,.RADIAN.)
);
#166=(
NAMED_UNIT(*)
SI_UNIT($,.STERADIAN.)
SOLID_ANGLE_UNIT()
);
#167=UNCERTAINTY_MEASURE_WITH_UNIT(LENGTH_MEASURE(0.000002),#158,
'DISTANCE_ACCURACY_VALUE',
'string');
#168=(
GEOMETRIC_REPRESENTATION_CONTEXT(3)
GLOBAL_UNCERTAINTY_ASSIGNED_CONTEXT((#167))
GLOBAL_UNIT_ASSIGNED_CONTEXT((#166,#161,#158))
REPRESENTATION_CONTEXT('ID1','3D')
);
#169=SHAPE_REPRESENTATION('',(#170),#168);
#170=AXIS2_PLACEMENT_3D('',#173,#171,#172);
#171=DIRECTION('',(0.,0.,1.));
#172=DIRECTION('',(1.,0.,0.));
#173=CARTESIAN_POINT('',(0.,0.,0.));

#175 = SHAPE_DEFINITION_REPRESENTATION(#176, #169);
#176 = PRODUCT_DEFINITION_SHAPE('Version', 'Test Part', #177);
#177 = PRODUCT_DEFINITION('Version', 'Test Part', #182, #178);
#178 = DESIGN_CONTEXT('3D Mechanical Parts', #181, 'design');
#179 = PRODUCT('1', 'Product', 'Test Part', (#180));
#180 = MECHANICAL_CONTEXT('3D Mechanical Parts', #181, 'mechanical');
#181 = APPLICATION_CONTEXT(
'configuration controlled 3d designs of mechanical parts and assemblies');
#182 = PRODUCT_DEFINITION_FORMATION_WITH_SPECIFIED_SOURCE('Version',
'Test Part', #179, .MADE.);

#201=CARTESIAN_POINT('',(-21.75000,-1.10000,0.00000));
#202=CARTESIAN_POINT('',(-21.75000,0.00000,0.00000));
#203=CARTESIAN_POINT('',(-21.75000,-1.10000,21.75000));
#204=CARTESIAN_POINT('',(-21.75000,0.00000,21.75000));
#205=CARTESIAN_POINT('',(-0.00000,-1.10000,21.75000));
#206=CARTESIAN_POINT('',(-0.00000,0.00000,21.75000));
#200=(
BOUNDED_SURFACE()
B_SPLINE_SURFACE(2,1,((#201,#202),(#203,#204),(#205,#206)),.UNSPECIFIED.,.F.,.F.,.F.)
B_SPLINE_SURFACE_WITH_KNOTS((3,3),(2,2),(0.000,1.000),(0.000,1.000),.UNSPECIFIED.)
GEOMETRIC_REPRESENTATION_ITEM()
RATIONAL_B_SPLINE_SURFACE(((1.0000000000,1.0000000000),(0.7071067812,0.7071067812),(1.0000000000,1.0000000000)))
REPRESENTATION_ITEM('')
SURFACE()
);

#207=CARTESIAN_POINT('',(-21.69821,-1.10000,1.50000));
#208=VERTEX_POINT('',#207);
#211=CARTESIAN_POINT('',(-21.69821,-0.00000,1.50000));
#209=(
BOUNDED_CURVE()
B_SPLINE_CURVE(1,(#207,#211),.UNSPECIFIED.,.F.,.F.)
B_SPLINE_CURVE_WITH_KNOTS((2,2),(0.000,1.000),.UNSPECIFIED.)
CURVE()
GEOMETRIC_REPRESENTATION_ITEM()
RATIONAL_B_SPLINE_CURVE((1.0000000000,1.0000000000))
REPRESENTATION_ITEM('')
);

#213=VERTEX_POINT('',#211);
#214=EDGE_CURVE('',#208,#213,#209,.T.);
#215=ORIENTED_EDGE('',*,*,#214,.T.);
#218=CARTESIAN_POINT('',(-20.29833,0.00000,21.75000));
#216=(
BOUNDED_CURVE()
B_SPLINE_CURVE(2,(#211,#218,#206),.UNSPECIFIED.,.F.,.F.)
B_SPLINE_CURVE_WITH_KNOTS((3,3),(0.000,1.000),.UNSPECIFIED.)
CURVE()
GEOMETRIC_REPRESENTATION_ITEM()
RATIONAL_B_SPLINE_CURVE((0.9731600243,0.7212054176,1.0000000000))
REPRESENTATION_ITEM('')
);

#221=VERTEX_POINT('',#206);
#222=EDGE_CURVE('',#213,#221,#216,.T.);
#223=ORIENTED_EDGE('',*,*,#222,.T.);
#224=(
BOUNDED_CURVE()
B_SPLINE_CURVE(1,(#206,#205),.UNSPECIFIED.,.F.,.F.)
B_SPLINE_CURVE_WITH_KNOTS((2,2),(0.000,1.000),.UNSPECIFIED.)
CURVE()
GEOMETRIC_REPRESENTATION_ITEM()
RATIONAL_B_SPLINE_CURVE((1.0000000000,1.0000000000))
REPRESENTATION_ITEM('')
);

#228=VERTEX_POINT('',#205);
#229=EDGE_CURVE('',#221,#228,#224,.T.);
#230=ORIENTED_EDGE('',*,*,#229,.T.);
#233=CARTESIAN_POINT('',(-20.29833,-1.10000,21.75000));
#231=(
BOUNDED_CURVE()
B_SPLINE_CURVE(2,(#205,#233,#207),.UNSPECIFIED.,.F.,.F.)
B_SPLINE_CURVE_WITH_KNOTS((3,3),(0.000,1.000),.UNSPECIFIED.)
CURVE()
GEOMETRIC_REPRESENTATION_ITEM()
RATIONAL_B_SPLINE_CURVE((1.0000000000,0.7212054176,0.9731600243))
REPRESENTATION_ITEM('')
);

#235=EDGE_CURVE('',#228,#208,#231,.T.);
#236=ORIENTED_EDGE('',*,*,#235,.T.);
#237=EDGE_LOOP('',(#215,#223,#230,#236));
#238=FACE_OUTER_BOUND('',#237,.T.);
#239=ADVANCED_FACE('',(#238),#200,.T.);
#240=COLOUR_RGB('',0.39,0.39,0.39);
#241=FILL_AREA_STYLE_COLOUR('',#240);
#242=FILL_AREA_STYLE('',(#241));
#243=SURFACE_STYLE_FILL_AREA(#242);
#244=SURFACE_STYLE_TRANSPARENT(0.00);
#245=SURFACE_STYLE_RENDERING_WITH_PROPERTIES(.NORMAL_SHADING.,#240,(#244));
#246=SURFACE_SIDE_STYLE('',(#243, #245));
#247=SURFACE_STYLE_USAGE(.BOTH.,#246);
#248=PRESENTATION_STYLE_ASSIGNMENT((#247));
#249=STYLED_ITEM('',(#248),#239);

#253=CARTESIAN_POINT('',(21.75000,-1.10000,21.75000));
#254=CARTESIAN_POINT('',(21.75000,0.00000,21.75000));
#255=CARTESIAN_POINT('',(21.75000,-1.10000,0.00000));
#256=CARTESIAN_POINT('',(21.75000,0.00000,0.00000));
#250=(
BOUNDED_SURFACE()
B_SPLINE_SURFACE(2,1,((#205,#206),(#253,#254),(#255,#256)),.UNSPECIFIED.,.F.,.F.,.F.)
B_SPLINE_SURFACE_WITH_KNOTS((3,3),(2,2),(0.000,1.000),(0.000,1.000),.UNSPECIFIED.)
GEOMETRIC_REPRESENTATION_ITEM()
RATIONAL_B_SPLINE_SURFACE(((1.0000000000,1.0000000000),(0.7071067812,0.7071067812),(1.0000000000,1.0000000000)))
REPRESENTATION_ITEM('')
SURFACE()
);

#265=ORIENTED_EDGE('',*,*,#229,.F.);
#266=(
BOUNDED_CURVE()
B_SPLINE_CURVE(2,(#206,#254,#256),.UNSPECIFIED.,.F.,.F.)
B_SPLINE_CURVE_WITH_KNOTS((3,3),(0.000,1.000),.UNSPECIFIED.)
CURVE()
GEOMETRIC_REPRESENTATION_ITEM()
RATIONAL_B_SPLINE_CURVE((1.0000000000,0.7071067812,1.0000000000))
REPRESENTATION_ITEM('')
);

#271=VERTEX_POINT('',#256);
#272=EDGE_CURVE('',#221,#271,#266,.T.);
#273=ORIENTED_EDGE('',*,*,#272,.T.);
#274=(
BOUNDED_CURVE()
B_SPLINE_CURVE(1,(#256,#255),.UNSPECIFIED.,.F.,.F.)
B_SPLINE_CURVE_WITH_KNOTS((2,2),(0.000,1.000),.UNSPECIFIED.)
CURVE()
GEOMETRIC_REPRESENTATION_ITEM()
RATIONAL_B_SPLINE_CURVE((1.0000000000,1.0000000000))
REPRESENTATION_ITEM('')
);

#278=VERTEX_POINT('',#255);
#279=EDGE_CURVE('',#271,#278,#274,.T.);
#280=ORIENTED_EDGE('',*,*,#279,.T.);
#281=(
BOUNDED_CURVE()
B_SPLINE_CURVE(2,(#255,#253,#205),.UNSPECIFIED.,.F.,.F.)
B_SPLINE_CURVE_WITH_KNOTS((3,3),(0.000,1.000),.UNSPECIFIED.)
CURVE()
GEOMETRIC_REPRESENTATION_ITEM()
RATIONAL_B_SPLINE_CURVE((1.0000000000,0.7071067812,1.0000000000))
REPRESENTATION_ITEM('')
);

#285=EDGE_CURVE('',#278,#228,#281,.T.);
#286=ORIENTED_EDGE('',*,*,#285,.T.);
#287=EDGE_LOOP('',(#265,#273,#280,#286));
#288=FACE_OUTER_BOUND('',#287,.T.);
#289=ADVANCED_FACE('',(#288),#250,.T.);
#290=COLOUR_RGB('',0.39,0.39,0.39);
#291=FILL_AREA_STYLE_COLOUR('',#290);
#292=FILL_AREA_STYLE('',(#291));
#293=SURFACE_STYLE_FILL_AREA(#292);
#294=SURFACE_STYLE_TRANSPARENT(0.00);
#295=SURFACE_STYLE_RENDERING_WITH_PROPERTIES(.NORMAL_SHADING.,#290,(#294));
#296=SURFACE_SIDE_STYLE('',(#293, #295));
#297=SURFACE_STYLE_USAGE(.BOTH.,#296);
#298=PRESENTATION_STYLE_ASSIGNMENT((#297));
#299=STYLED_ITEM('',(#298),#289);

#303=CARTESIAN_POINT('',(21.75000,-1.10000,-21.75000));
#304=CARTESIAN_POINT('',(21.75000,0.00000,-21.75000));
#305=CARTESIAN_POINT('',(0.00000,-1.10000,-21.75000));
#306=CARTESIAN_POINT('',(0.00000,0.00000,-21.75000));
#300=(
BOUNDED_SURFACE()
B_SPLINE_SURFACE(2,1,((#255,#256),(#303,#304),(#305,#306)),.UNSPECIFIED.,.F.,.F.,.F.)
B_SPLINE_SURFACE_WITH_KNOTS((3,3),(2,2),(0.000,1.000),(0.000,1.000),.UNSPECIFIED.)
GEOMETRIC_REPRESENTATION_ITEM()
RATIONAL_B_SPLINE_SURFACE(((1.0000000000,1.0000000000),(0.7071067812,0.7071067812),(1.0000000000,1.0000000000)))
REPRESENTATION_ITEM('')
SURFACE()
);

#315=ORIENTED_EDGE('',*,*,#279,.F.);
#316=(
BOUNDED_CURVE()
B_SPLINE_CURVE(2,(#256,#304,#306),.UNSPECIFIED.,.F.,.F.)
B_SPLINE_CURVE_WITH_KNOTS((3,3),(0.000,1.000),.UNSPECIFIED.)
CURVE()
GEOMETRIC_REPRESENTATION_ITEM()
RATIONAL_B_SPLINE_CURVE((1.0000000000,0.7071067812,1.0000000000))
REPRESENTATION_ITEM('')
);

#321=VERTEX_POINT('',#306);
#322=EDGE_CURVE('',#271,#321,#316,.T.);
#323=ORIENTED_EDGE('',*,*,#322,.T.);
#324=(
BOUNDED_CURVE()
B_SPLINE_CURVE(1,(#306,#305),.UNSPECIFIED.,.F.,.F.)
B_SPLINE_CURVE_WITH_KNOTS((2,2),(0.000,1.000),.UNSPECIFIED.)
CURVE()
GEOMETRIC_REPRESENTATION_ITEM()
RATIONAL_B_SPLINE_CURVE((1.0000000000,1.0000000000))
REPRESENTATION_ITEM('')
);

#328=VERTEX_POINT('',#305);
#329=EDGE_CURVE('',#321,#328,#324,.T.);
#330=ORIENTED_EDGE('',*,*,#329,.T.);
#331=(
BOUNDED_CURVE()
B_SPLINE_CURVE(2,(#305,#303,#255),.UNSPECIFIED.,.F.,.F.)
B_SPLINE_CURVE_WITH_KNOTS((3,3),(0.000,1.000),.UNSPECIFIED.)
CURVE()
GEOMETRIC_REPRESENTATION_ITEM()
RATIONAL_B_SPLINE_CURVE((1.0000000000,0.7071067812,1.0000000000))
REPRESENTATION_ITEM('')
);

#335=EDGE_CURVE('',#328,#278,#331,.T.);
#336=ORIENTED_EDGE('',*,*,#335,.T.);
#337=EDGE_LOOP('',(#315,#323,#330,#336));
#338=FACE_OUTER_BOUND('',#337,.T.);
#339=ADVANCED_FACE('',(#338),#300,.T.);
#340=COLOUR_RGB('',0.39,0.39,0.39);
#341=FILL_AREA_STYLE_COLOUR('',#340);
#342=FILL_AREA_STYLE('',(#341));
#343=SURFACE_STYLE_FILL_AREA(#342);
#344=SURFACE_STYLE_TRANSPARENT(0.00);
#345=SURFACE_STYLE_RENDERING_WITH_PROPERTIES(.NORMAL_SHADING.,#340,(#344));
#346=SURFACE_SIDE_STYLE('',(#343, #345));
#347=SURFACE_STYLE_USAGE(.BOTH.,#346);
#348=PRESENTATION_STYLE_ASSIGNMENT((#347));
#349=STYLED_ITEM('',(#348),#339);

#353=CARTESIAN_POINT('',(-21.75000,-1.10000,-21.75000));
#354=CARTESIAN_POINT('',(-21.75000,0.00000,-21.75000));
#350=(
BOUNDED_SURFACE()
B_SPLINE_SURFACE(2,1,((#305,#306),(#353,#354),(#201,#202)),.UNSPECIFIED.,.F.,.F.,.F.)
B_SPLINE_SURFACE_WITH_KNOTS((3,3),(2,2),(0.000,1.000),(0.000,1.000),.UNSPECIFIED.)
GEOMETRIC_REPRESENTATION_ITEM()
RATIONAL_B_SPLINE_SURFACE(((1.0000000000,1.0000000000),(0.7071067812,0.7071067812),(1.0000000000,1.0000000000)))
REPRESENTATION_ITEM('')
SURFACE()
);

#361=CARTESIAN_POINT('',(-20.29833,0.00000,-21.75000));
#362=CARTESIAN_POINT('',(-21.69821,0.00000,-1.50000));
#359=(
BOUNDED_CURVE()
B_SPLINE_CURVE(2,(#306,#361,#362),.UNSPECIFIED.,.F.,.F.)
B_SPLINE_CURVE_WITH_KNOTS((3,3),(0.000,1.000),.UNSPECIFIED.)
CURVE()
GEOMETRIC_REPRESENTATION_ITEM()
RATIONAL_B_SPLINE_CURVE((1.0000000000,0.7212054176,0.9731600243))
REPRESENTATION_ITEM('')
);

#364=VERTEX_POINT('',#362);
#365=EDGE_CURVE('',#321,#364,#359,.T.);
#366=ORIENTED_EDGE('',*,*,#365,.T.);
#369=CARTESIAN_POINT('',(-21.69821,-1.10000,-1.50000));
#367=(
BOUNDED_CURVE()
B_SPLINE_CURVE(1,(#362,#369),.UNSPECIFIED.,.F.,.F.)
B_SPLINE_CURVE_WITH_KNOTS((2,2),(0.000,1.000),.UNSPECIFIED.)
CURVE()
GEOMETRIC_REPRESENTATION_ITEM()
RATIONAL_B_SPLINE_CURVE((1.0000000000,1.0000000000))
REPRESENTATION_ITEM('')
);

#371=VERTEX_POINT('',#369);
#372=EDGE_CURVE('',#364,#371,#367,.T.);
#373=ORIENTED_EDGE('',*,*,#372,.T.);
#376=CARTESIAN_POINT('',(-20.29833,-1.10000,-21.75000));
#374=(
BOUNDED_CURVE()
B_SPLINE_CURVE(2,(#369,#376,#305),.UNSPECIFIED.,.F.,.F.)
B_SPLINE_CURVE_WITH_KNOTS((3,3),(0.000,1.000),.UNSPECIFIED.)
CURVE()
GEOMETRIC_REPRESENTATION_ITEM()
RATIONAL_B_SPLINE_CURVE((0.9731600241,0.7212054177,1.0000000000))
REPRESENTATION_ITEM('')
);

#380=EDGE_CURVE('',#371,#328,#374,.T.);
#381=ORIENTED_EDGE('',*,*,#380,.T.);
#386=ORIENTED_EDGE('',*,*,#329,.F.);
#387=EDGE_LOOP('',(#366,#373,#381,#386));
#388=FACE_OUTER_BOUND('',#387,.T.);
#389=ADVANCED_FACE('',(#388),#350,.T.);
#390=COLOUR_RGB('',0.39,0.39,0.39);
#391=FILL_AREA_STYLE_COLOUR('',#390);
#392=FILL_AREA_STYLE('',(#391));
#393=SURFACE_STYLE_FILL_AREA(#392);
#394=SURFACE_STYLE_TRANSPARENT(0.00);
#395=SURFACE_STYLE_RENDERING_WITH_PROPERTIES(.NORMAL_SHADING.,#390,(#394));
#396=SURFACE_SIDE_STYLE('',(#393, #395));
#397=SURFACE_STYLE_USAGE(.BOTH.,#396);
#398=PRESENTATION_STYLE_ASSIGNMENT((#397));
#399=STYLED_ITEM('',(#398),#389);

#401=CARTESIAN_POINT('',(22.75050,-1.10000,-22.75050));
#402=CARTESIAN_POINT('',(-22.75050,-1.10000,-22.75050));
#403=CARTESIAN_POINT('',(22.75050,-1.10000,22.75050));
#404=CARTESIAN_POINT('',(-22.75050,-1.10000,22.75050));
#400=(
BOUNDED_SURFACE()
B_SPLINE_SURFACE(1,1,((#401,#402),(#403,#404)),.UNSPECIFIED.,.F.,.F.,.F.)
B_SPLINE_SURFACE_WITH_KNOTS((2,2),(2,2),(0.000,1.000),(0.000,1.000),.UNSPECIFIED.)
GEOMETRIC_REPRESENTATION_ITEM()
RATIONAL_B_SPLINE_SURFACE(((1.0000000000,1.0000000000),(1.0000000000,1.0000000000)))
REPRESENTATION_ITEM('')
SURFACE()
);

#405=CARTESIAN_POINT('',(-20.25000,-1.10000,-1.50000));
#406=VERTEX_POINT('',#405);
#409=CARTESIAN_POINT('',(-20.25000,-1.10000,1.50000));
#407=(
BOUNDED_CURVE()
B_SPLINE_CURVE(1,(#405,#409),.UNSPECIFIED.,.F.,.F.)
B_SPLINE_CURVE_WITH_KNOTS((2,2),(0.000,1.000),.UNSPECIFIED.)
CURVE()
GEOMETRIC_REPRESENTATION_ITEM()
RATIONAL_B_SPLINE_CURVE((1.0000000000,1.0000000000))
REPRESENTATION_ITEM('')
);

#411=VERTEX_POINT('',#409);
#412=EDGE_CURVE('',#406,#411,#407,.T.);
#413=ORIENTED_EDGE('',*,*,#412,.T.);
#414=(
BOUNDED_CURVE()
B_SPLINE_CURVE(1,(#409,#207),.UNSPECIFIED.,.F.,.F.)
B_SPLINE_CURVE_WITH_KNOTS((2,2),(0.000,1.000),.UNSPECIFIED.)
CURVE()
GEOMETRIC_REPRESENTATION_ITEM()
RATIONAL_B_SPLINE_CURVE((1.0000000000,1.0000000000))
REPRESENTATION_ITEM('')
);

#419=EDGE_CURVE('',#411,#208,#414,.T.);
#420=ORIENTED_EDGE('',*,*,#419,.T.);
#428=ORIENTED_EDGE('',*,*,#235,.F.);
#436=ORIENTED_EDGE('',*,*,#285,.F.);
#444=ORIENTED_EDGE('',*,*,#335,.F.);
#452=ORIENTED_EDGE('',*,*,#380,.F.);
#453=(
BOUNDED_CURVE()
B_SPLINE_CURVE(1,(#369,#405),.UNSPECIFIED.,.F.,.F.)
B_SPLINE_CURVE_WITH_KNOTS((2,2),(0.000,1.000),.UNSPECIFIED.)
CURVE()
GEOMETRIC_REPRESENTATION_ITEM()
RATIONAL_B_SPLINE_CURVE((1.0000000000,1.0000000000))
REPRESENTATION_ITEM('')
);

#456=EDGE_CURVE('',#371,#406,#453,.T.);
#457=ORIENTED_EDGE('',*,*,#456,.T.);
#458=EDGE_LOOP('',(#413,#420,#428,#436,#444,#452,#457));
#459=FACE_OUTER_BOUND('',#458,.T.);
#460=CARTESIAN_POINT('',(-0.00000,-1.10000,18.85000));
#461=VERTEX_POINT('',#460);
#464=CARTESIAN_POINT('',(-18.85000,-1.10000,18.85000));
#465=CARTESIAN_POINT('',(-18.85000,-1.10000,0.00000));
#462=(
BOUNDED_CURVE()
B_SPLINE_CURVE(2,(#460,#464,#465),.UNSPECIFIED.,.F.,.F.)
B_SPLINE_CURVE_WITH_KNOTS((3,3),(0.000,1.000),.UNSPECIFIED.)
CURVE()
GEOMETRIC_REPRESENTATION_ITEM()
RATIONAL_B_SPLINE_CURVE((1.0000000000,0.7071067812,1.0000000000))
REPRESENTATION_ITEM('')
);

#467=VERTEX_POINT('',#465);
#468=EDGE_CURVE('',#461,#467,#462,.T.);
#469=ORIENTED_EDGE('',*,*,#468,.T.);
#472=CARTESIAN_POINT('',(-18.85000,-1.10000,-18.85000));
#473=CARTESIAN_POINT('',(0.00000,-1.10000,-18.85000));
#470=(
BOUNDED_CURVE()
B_SPLINE_CURVE(2,(#465,#472,#473),.UNSPECIFIED.,.F.,.F.)
B_SPLINE_CURVE_WITH_KNOTS((3,3),(0.000,1.000),.UNSPECIFIED.)
CURVE()
GEOMETRIC_REPRESENTATION_ITEM()
RATIONAL_B_SPLINE_CURVE((1.0000000000,0.7071067812,1.0000000000))
REPRESENTATION_ITEM('')
);

#475=VERTEX_POINT('',#473);
#476=EDGE_CURVE('',#467,#475,#470,.T.);
#477=ORIENTED_EDGE('',*,*,#476,.T.);
#480=CARTESIAN_POINT('',(18.85000,-1.10000,-18.85000));
#481=CARTESIAN_POINT('',(18.85000,-1.10000,0.00000));
#478=(
BOUNDED_CURVE()
B_SPLINE_CURVE(2,(#473,#480,#481),.UNSPECIFIED.,.F.,.F.)
B_SPLINE_CURVE_WITH_KNOTS((3,3),(0.000,1.000),.UNSPECIFIED.)
CURVE()
GEOMETRIC_REPRESENTATION_ITEM()
RATIONAL_B_SPLINE_CURVE((1.0000000000,0.7071067812,1.0000000000))
REPRESENTATION_ITEM('')
);

#483=VERTEX_POINT('',#481);
#484=EDGE_CURVE('',#475,#483,#478,.T.);
#485=ORIENTED_EDGE('',*,*,#484,.T.);
#488=CARTESIAN_POINT('',(18.85000,-1.10000,18.85000));
#486=(
BOUNDED_CURVE()
B_SPLINE_CURVE(2,(#481,#488,#460),.UNSPECIFIED.,.F.,.F.)
B_SPLINE_CURVE_WITH_KNOTS((3,3),(0.000,1.000),.UNSPECIFIED.)
CURVE()
GEOMETRIC_REPRESENTATION_ITEM()
RATIONAL_B_SPLINE_CURVE((1.0000000000,0.7071067812,1.0000000000))
REPRESENTATION_ITEM('')
);

#490=EDGE_CURVE('',#483,#461,#486,.T.);
#491=ORIENTED_EDGE('',*,*,#490,.T.);
#492=EDGE_LOOP('',(#469,#477,#485,#491));
#493=FACE_BOUND('',#492,.T.);
#494=CARTESIAN_POINT('',(-19.62249,-1.10000,-2.86756));
#495=VERTEX_POINT('',#494);
#498=CARTESIAN_POINT('',(-20.62249,-1.10000,-2.86756));
#499=CARTESIAN_POINT('',(-20.62249,-1.10000,-3.86756));
#496=(
BOUNDED_CURVE()
B_SPLINE_CURVE(2,(#494,#498,#499),.UNSPECIFIED.,.F.,.F.)
B_SPLINE_CURVE_WITH_KNOTS((3,3),(0.000,1.000),.UNSPECIFIED.)
CURVE()
GEOMETRIC_REPRESENTATION_ITEM()
RATIONAL_B_SPLINE_CURVE((1.0000000000,0.7071067812,1.0000000000))
REPRESENTATION_ITEM('')
);

#501=VERTEX_POINT('',#499);
#502=EDGE_CURVE('',#495,#501,#496,.T.);
#503=ORIENTED_EDGE('',*,*,#502,.T.);
#506=CARTESIAN_POINT('',(-20.62249,-1.10000,-4.86756));
#507=CARTESIAN_POINT('',(-19.62249,-1.10000,-4.86756));
#504=(
BOUNDED_CURVE()
B_SPLINE_CURVE(2,(#499,#506,#507),.UNSPECIFIED.,.F.,.F.)
B_SPLINE_CURVE_WITH_KNOTS((3,3),(0.000,1.000),.UNSPECIFIED.)
CURVE()
GEOMETRIC_REPRESENTATION_ITEM()
RATIONAL_B_SPLINE_CURVE((1.0000000000,0.7071067812,1.0000000000))
REPRESENTATION_ITEM('')
);

#509=VERTEX_POINT('',#507);
#510=EDGE_CURVE('',#501,#509,#504,.T.);
#511=ORIENTED_EDGE('',*,*,#510,.T.);
#514=CARTESIAN_POINT('',(-18.62249,-1.10000,-4.86756));
#515=CARTESIAN_POINT('',(-18.62249,-1.10000,-3.86756));
#512=(
BOUNDED_CURVE()
B_SPLINE_CURVE(2,(#507,#514,#515),.UNSPECIFIED.,.F.,.F.)
B_SPLINE_CURVE_WITH_KNOTS((3,3),(0.000,1.000),.UNSPECIFIED.)
CURVE()
GEOMETRIC_REPRESENTATION_ITEM()
RATIONAL_B_SPLINE_CURVE((1.0000000000,0.7071067812,1.0000000000))
REPRESENTATION_ITEM('')
);

#517=VERTEX_POINT('',#515);
#518=EDGE_CURVE('',#509,#517,#512,.T.);
#519=ORIENTED_EDGE('',*,*,#518,.T.);
#522=CARTESIAN_POINT('',(-18.62249,-1.10000,-2.86756));
#520=(
BOUNDED_CURVE()
B_SPLINE_CURVE(2,(#515,#522,#494),.UNSPECIFIED.,.F.,.F.)
B_SPLINE_CURVE_WITH_KNOTS((3,3),(0.000,1.000),.UNSPECIFIED.)
CURVE()
GEOMETRIC_REPRESENTATION_ITEM()
RATIONAL_B_SPLINE_CURVE((1.0000000000,0.7071067812,1.0000000000))
REPRESENTATION_ITEM('')
);

#524=EDGE_CURVE('',#517,#495,#520,.T.);
#525=ORIENTED_EDGE('',*,*,#524,.T.);
#526=EDGE_LOOP('',(#503,#511,#519,#525));
#527=FACE_BOUND('',#526,.T.);
#528=CARTESIAN_POINT('',(-17.95287,-1.10000,-7.81445));
#529=VERTEX_POINT('',#528);
#532=CARTESIAN_POINT('',(-18.95287,-1.10000,-7.81445));
#533=CARTESIAN_POINT('',(-18.95287,-1.10000,-8.81445));
#530=(
BOUNDED_CURVE()
B_SPLINE_CURVE(2,(#528,#532,#533),.UNSPECIFIED.,.F.,.F.)
B_SPLINE_CURVE_WITH_KNOTS((3,3),(0.000,1.000),.UNSPECIFIED.)
CURVE()
GEOMETRIC_REPRESENTATION_ITEM()
RATIONAL_B_SPLINE_CURVE((1.0000000000,0.7071067812,1.0000000000))
REPRESENTATION_ITEM('')
);

#535=VERTEX_POINT('',#533);
#536=EDGE_CURVE('',#529,#535,#530,.T.);
#537=ORIENTED_EDGE('',*,*,#536,.T.);
#540=CARTESIAN_POINT('',(-18.95287,-1.10000,-9.81445));
#541=CARTESIAN_POINT('',(-17.95287,-1.10000,-9.81445));
#538=(
BOUNDED_CURVE()
B_SPLINE_CURVE(2,(#533,#540,#541),.UNSPECIFIED.,.F.,.F.)
B_SPLINE_CURVE_WITH_KNOTS((3,3),(0.000,1.000),.UNSPECIFIED.)
CURVE()
GEOMETRIC_REPRESENTATION_ITEM()
RATIONAL_B_SPLINE_CURVE((1.0000000000,0.7071067812,1.0000000000))
REPRESENTATION_ITEM('')
);

#543=VERTEX_POINT('',#541);
#544=EDGE_CURVE('',#535,#543,#538,.T.);
#545=ORIENTED_EDGE('',*,*,#544,.T.);
#548=CARTESIAN_POINT('',(-16.95287,-1.10000,-9.81445));
#549=CARTESIAN_POINT('',(-16.95287,-1.10000,-8.81445));
#546=(
BOUNDED_CURVE()
B_SPLINE_CURVE(2,(#541,#548,#549),.UNSPECIFIED.,.F.,.F.)
B_SPLINE_CURVE_WITH_KNOTS((3,3),(0.000,1.000),.UNSPECIFIED.)
CURVE()
GEOMETRIC_REPRESENTATION_ITEM()
RATIONAL_B_SPLINE_CURVE((1.0000000000,0.7071067812,1.0000000000))
REPRESENTATION_ITEM('')
);

#551=VERTEX_POINT('',#549);
#552=EDGE_CURVE('',#543,#551,#546,.T.);
#553=ORIENTED_EDGE('',*,*,#552,.T.);
#556=CARTESIAN_POINT('',(-16.95287,-1.10000,-7.81445));
#554=(
BOUNDED_CURVE()
B_SPLINE_CURVE(2,(#549,#556,#528),.UNSPECIFIED.,.F.,.F.)
B_SPLINE_CURVE_WITH_KNOTS((3,3),(0.000,1.000),.UNSPECIFIED.)
CURVE()
GEOMETRIC_REPRESENTATION_ITEM()
RATIONAL_B_SPLINE_CURVE((1.0000000000,0.7071067812,1.0000000000))
REPRESENTATION_ITEM('')
);

#558=EDGE_CURVE('',#551,#529,#554,.T.);
#559=ORIENTED_EDGE('',*,*,#558,.T.);
#560=EDGE_LOOP('',(#537,#545,#553,#559));
#561=FACE_BOUND('',#560,.T.);
#562=CARTESIAN_POINT('',(-15.05979,-1.10000,-12.16065));
#563=VERTEX_POINT('',#562);
#566=CARTESIAN_POINT('',(-16.05979,-1.10000,-12.16065));
#567=CARTESIAN_POINT('',(-16.05979,-1.10000,-13.16065));
#564=(
BOUNDED_CURVE()
B_SPLINE_CURVE(2,(#562,#566,#567),.UNSPECIFIED.,.F.,.F.)
B_SPLINE_CURVE_WITH_KNOTS((3,3),(0.000,1.000),.UNSPECIFIED.)
CURVE()
GEOMETRIC_REPRESENTATION_ITEM()
RATIONAL_B_SPLINE_CURVE((1.0000000000,0.7071067812,1.0000000000))
REPRESENTATION_ITEM('')
);

#569=VERTEX_POINT('',#567);
#570=EDGE_CURVE('',#563,#569,#564,.T.);
#571=ORIENTED_EDGE('',*,*,#570,.T.);
#574=CARTESIAN_POINT('',(-16.05979,-1.10000,-14.16065));
#575=CARTESIAN_POINT('',(-15.05979,-1.10000,-14.16065));
#572=(
BOUNDED_CURVE()
B_SPLINE_CURVE(2,(#567,#574,#575),.UNSPECIFIED.,.F.,.F.)
B_SPLINE_CURVE_WITH_KNOTS((3,3),(0.000,1.000),.UNSPECIFIED.)
CURVE()
GEOMETRIC_REPRESENTATION_ITEM()
RATIONAL_B_SPLINE_CURVE((1.0000000000,0.7071067812,1.0000000000))
REPRESENTATION_ITEM('')
);

#577=VERTEX_POINT('',#575);
#578=EDGE_CURVE('',#569,#577,#572,.T.);
#579=ORIENTED_EDGE('',*,*,#578,.T.);
#582=CARTESIAN_POINT('',(-14.05979,-1.10000,-14.16065));
#583=CARTESIAN_POINT('',(-14.05979,-1.10000,-13.16065));
#580=(
BOUNDED_CURVE()
B_SPLINE_CURVE(2,(#575,#582,#583),.UNSPECIFIED.,.F.,.F.)
B_SPLINE_CURVE_WITH_KNOTS((3,3),(0.000,1.000),.UNSPECIFIED.)
CURVE()
GEOMETRIC_REPRESENTATION_ITEM()
RATIONAL_B_SPLINE_CURVE((1.0000000000,0.7071067812,1.0000000000))
REPRESENTATION_ITEM('')
);

#585=VERTEX_POINT('',#583);
#586=EDGE_CURVE('',#577,#585,#580,.T.);
#587=ORIENTED_EDGE('',*,*,#586,.T.);
#590=CARTESIAN_POINT('',(-14.05979,-1.10000,-12.16065));
#588=(
BOUNDED_CURVE()
B_SPLINE_CURVE(2,(#583,#590,#562),.UNSPECIFIED.,.F.,.F.)
B_SPLINE_CURVE_WITH_KNOTS((3,3),(0.000,1.000),.UNSPECIFIED.)
CURVE()
GEOMETRIC_REPRESENTATION_ITEM()
RATIONAL_B_SPLINE_CURVE((1.0000000000,0.7071067812,1.0000000000))
REPRESENTATION_ITEM('')
);

#592=EDGE_CURVE('',#585,#563,#588,.T.);
#593=ORIENTED_EDGE('',*,*,#592,.T.);
#594=EDGE_LOOP('',(#571,#579,#587,#593));
#595=FACE_BOUND('',#594,.T.);
#596=CARTESIAN_POINT('',(-11.14041,-1.10000,-15.60997));
#597=VERTEX_POINT('',#596);
#600=CARTESIAN_POINT('',(-12.14041,-1.10000,-15.60997));
#601=CARTESIAN_POINT('',(-12.14041,-1.10000,-16.60997));
#598=(
BOUNDED_CURVE()
B_SPLINE_CURVE(2,(#596,#600,#601),.UNSPECIFIED.,.F.,.F.)
B_SPLINE_CURVE_WITH_KNOTS((3,3),(0.000,1.000),.UNSPECIFIED.)
CURVE()
GEOMETRIC_REPRESENTATION_ITEM()
RATIONAL_B_SPLINE_CURVE((1.0000000000,0.7071067812,1.0000000000))
REPRESENTATION_ITEM('')
);

#603=VERTEX_POINT('',#601);
#604=EDGE_CURVE('',#597,#603,#598,.T.);
#605=ORIENTED_EDGE('',*,*,#604,.T.);
#608=CARTESIAN_POINT('',(-12.14041,-1.10000,-17.60997));
#609=CARTESIAN_POINT('',(-11.14041,-1.10000,-17.60997));
#606=(
BOUNDED_CURVE()
B_SPLINE_CURVE(2,(#601,#608,#609),.UNSPECIFIED.,.F.,.F.)
B_SPLINE_CURVE_WITH_KNOTS((3,3),(0.000,1.000),.UNSPECIFIED.)
CURVE()
GEOMETRIC_REPRESENTATION_ITEM()
RATIONAL_B_SPLINE_CURVE((1.0000000000,0.7071067812,1.0000000000))
REPRESENTATION_ITEM('')
);

#611=VERTEX_POINT('',#609);
#612=EDGE_CURVE('',#603,#611,#606,.T.);
#613=ORIENTED_EDGE('',*,*,#612,.T.);
#616=CARTESIAN_POINT('',(-10.14041,-1.10000,-17.60997));
#617=CARTESIAN_POINT('',(-10.14041,-1.10000,-16.60997));
#614=(
BOUNDED_CURVE()
B_SPLINE_CURVE(2,(#609,#616,#617),.UNSPECIFIED.,.F.,.F.)
B_SPLINE_CURVE_WITH_KNOTS((3,3),(0.000,1.000),.UNSPECIFIED.)
CURVE()
GEOMETRIC_REPRESENTATION_ITEM()
RATIONAL_B_SPLINE_CURVE((1.0000000000,0.7071067812,1.0000000000))
REPRESENTATION_ITEM('')
);

#619=VERTEX_POINT('',#617);
#620=EDGE_CURVE('',#611,#619,#614,.T.);
#621=ORIENTED_EDGE('',*,*,#620,.T.);
#624=CARTESIAN_POINT('',(-10.14041,-1.10000,-15.60997));
#622=(
BOUNDED_CURVE()
B_SPLINE_CURVE(2,(#617,#624,#596),.UNSPECIFIED.,.F.,.F.)
B_SPLINE_CURVE_WITH_KNOTS((3,3),(0.000,1.000),.UNSPECIFIED.)
CURVE()
GEOMETRIC_REPRESENTATION_ITEM()
RATIONAL_B_SPLINE_CURVE((1.0000000000,0.7071067812,1.0000000000))
REPRESENTATION_ITEM('')
);

#626=EDGE_CURVE('',#619,#597,#622,.T.);
#627=ORIENTED_EDGE('',*,*,#626,.T.);
#628=EDGE_LOOP('',(#605,#613,#621,#627));
#629=FACE_BOUND('',#628,.T.);
#630=CARTESIAN_POINT('',(-6.46183,-1.10000,-17.92735));
#631=VERTEX_POINT('',#630);
#634=CARTESIAN_POINT('',(-7.46183,-1.10000,-17.92735));
#635=CARTESIAN_POINT('',(-7.46183,-1.10000,-18.92735));
#632=(
BOUNDED_CURVE()
B_SPLINE_CURVE(2,(#630,#634,#635),.UNSPECIFIED.,.F.,.F.)
B_SPLINE_CURVE_WITH_KNOTS((3,3),(0.000,1.000),.UNSPECIFIED.)
CURVE()
GEOMETRIC_REPRESENTATION_ITEM()
RATIONAL_B_SPLINE_CURVE((1.0000000000,0.7071067812,1.0000000000))
REPRESENTATION_ITEM('')
);

#637=VERTEX_POINT('',#635);
#638=EDGE_CURVE('',#631,#637,#632,.T.);
#639=ORIENTED_EDGE('',*,*,#638,.T.);
#642=CARTESIAN_POINT('',(-7.46183,-1.10000,-19.92735));
#643=CARTESIAN_POINT('',(-6.46183,-1.10000,-19.92735));
#640=(
BOUNDED_CURVE()
B_SPLINE_CURVE(2,(#635,#642,#643),.UNSPECIFIED.,.F.,.F.)
B_SPLINE_CURVE_WITH_KNOTS((3,3),(0.000,1.000),.UNSPECIFIED.)
CURVE()
GEOMETRIC_REPRESENTATION_ITEM()
RATIONAL_B_SPLINE_CURVE((1.0000000000,0.7071067812,1.0000000000))
REPRESENTATION_ITEM('')
);

#645=VERTEX_POINT('',#643);
#646=EDGE_CURVE('',#637,#645,#640,.T.);
#647=ORIENTED_EDGE('',*,*,#646,.T.);
#650=CARTESIAN_POINT('',(-5.46183,-1.10000,-19.92735));
#651=CARTESIAN_POINT('',(-5.46183,-1.10000,-18.92735));
#648=(
BOUNDED_CURVE()
B_SPLINE_CURVE(2,(#643,#650,#651),.UNSPECIFIED.,.F.,.F.)
B_SPLINE_CURVE_WITH_KNOTS((3,3),(0.000,1.000),.UNSPECIFIED.)
CURVE()
GEOMETRIC_REPRESENTATION_ITEM()
RATIONAL_B_SPLINE_CURVE((1.0000000000,0.7071067812,1.0000000000))
REPRESENTATION_ITEM('')
);

#653=VERTEX_POINT('',#651);
#654=EDGE_CURVE('',#645,#653,#648,.T.);
#655=ORIENTED_EDGE('',*,*,#654,.T.);
#658=CARTESIAN_POINT('',(-5.46183,-1.10000,-17.92735));
#656=(
BOUNDED_CURVE()
B_SPLINE_CURVE(2,(#651,#658,#630),.UNSPECIFIED.,.F.,.F.)
B_SPLINE_CURVE_WITH_KNOTS((3,3),(0.000,1.000),.UNSPECIFIED.)
CURVE()
GEOMETRIC_REPRESENTATION_ITEM()
RATIONAL_B_SPLINE_CURVE((1.0000000000,0.7071067812,1.0000000000))
REPRESENTATION_ITEM('')
);

#660=EDGE_CURVE('',#653,#631,#656,.T.);
#661=ORIENTED_EDGE('',*,*,#660,.T.);
#662=EDGE_LOOP('',(#639,#647,#655,#661));
#663=FACE_BOUND('',#662,.T.);
#664=CARTESIAN_POINT('',(-1.34289,-1.10000,-18.95487));
#665=VERTEX_POINT('',#664);
#668=CARTESIAN_POINT('',(-2.34289,-1.10000,-18.95487));
#669=CARTESIAN_POINT('',(-2.34289,-1.10000,-19.95487));
#666=(
BOUNDED_CURVE()
B_SPLINE_CURVE(2,(#664,#668,#669),.UNSPECIFIED.,.F.,.F.)
B_SPLINE_CURVE_WITH_KNOTS((3,3),(0.000,1.000),.UNSPECIFIED.)
CURVE()
GEOMETRIC_REPRESENTATION_ITEM()
RATIONAL_B_SPLINE_CURVE((1.0000000000,0.7071067812,1.0000000000))
REPRESENTATION_ITEM('')
);

#671=VERTEX_POINT('',#669);
#672=EDGE_CURVE('',#665,#671,#666,.T.);
#673=ORIENTED_EDGE('',*,*,#672,.T.);
#676=CARTESIAN_POINT('',(-2.34289,-1.10000,-20.95487));
#677=CARTESIAN_POINT('',(-1.34289,-1.10000,-20.95487));
#674=(
BOUNDED_CURVE()
B_SPLINE_CURVE(2,(#669,#676,#677),.UNSPECIFIED.,.F.,.F.)
B_SPLINE_CURVE_WITH_KNOTS((3,3),(0.000,1.000),.UNSPECIFIED.)
CURVE()
GEOMETRIC_REPRESENTATION_ITEM()
RATIONAL_B_SPLINE_CURVE((1.0000000000,0.7071067812,1.0000000000))
REPRESENTATION_ITEM('')
);

#679=VERTEX_POINT('',#677);
#680=EDGE_CURVE('',#671,#679,#674,.T.);
#681=ORIENTED_EDGE('',*,*,#680,.T.);
#684=CARTESIAN_POINT('',(-0.34289,-1.10000,-20.95487));
#685=CARTESIAN_POINT('',(-0.34289,-1.10000,-19.95487));
#682=(
BOUNDED_CURVE()
B_SPLINE_CURVE(2,(#677,#684,#685),.UNSPECIFIED.,.F.,.F.)
B_SPLINE_CURVE_WITH_KNOTS((3,3),(0.000,1.000),.UNSPECIFIED.)
CURVE()
GEOMETRIC_REPRESENTATION_ITEM()
RATIONAL_B_SPLINE_CURVE((1.0000000000,0.7071067812,1.0000000000))
REPRESENTATION_ITEM('')
);

#687=VERTEX_POINT('',#685);
#688=EDGE_CURVE('',#679,#687,#682,.T.);
#689=ORIENTED_EDGE('',*,*,#688,.T.);
#692=CARTESIAN_POINT('',(-0.34289,-1.10000,-18.95487));
#690=(
BOUNDED_CURVE()
B_SPLINE_CURVE(2,(#685,#692,#664),.UNSPECIFIED.,.F.,.F.)
B_SPLINE_CURVE_WITH_KNOTS((3,3),(0.000,1.000),.UNSPECIFIED.)
CURVE()
GEOMETRIC_REPRESENTATION_ITEM()
RATIONAL_B_SPLINE_CURVE((1.0000000000,0.7071067812,1.0000000000))
REPRESENTATION_ITEM('')
);

#694=EDGE_CURVE('',#687,#665,#690,.T.);
#695=ORIENTED_EDGE('',*,*,#694,.T.);
#696=EDGE_LOOP('',(#673,#681,#689,#695));
#697=FACE_BOUND('',#696,.T.);
#698=CARTESIAN_POINT('',(3.86756,-1.10000,-18.62249));
#699=VERTEX_POINT('',#698);
#702=CARTESIAN_POINT('',(2.86756,-1.10000,-18.62249));
#703=CARTESIAN_POINT('',(2.86756,-1.10000,-19.62249));
#700=(
BOUNDED_CURVE()
B_SPLINE_CURVE(2,(#698,#702,#703),.UNSPECIFIED.,.F.,.F.)
B_SPLINE_CURVE_WITH_KNOTS((3,3),(0.000,1.000),.UNSPECIFIED.)
CURVE()
GEOMETRIC_REPRESENTATION_ITEM()
RATIONAL_B_SPLINE_CURVE((1.0000000000,0.7071067812,1.0000000000))
REPRESENTATION_ITEM('')
);

#705=VERTEX_POINT('',#703);
#706=EDGE_CURVE('',#699,#705,#700,.T.);
#707=ORIENTED_EDGE('',*,*,#706,.T.);
#710=CARTESIAN_POINT('',(2.86756,-1.10000,-20.62249));
#711=CARTESIAN_POINT('',(3.86756,-1.10000,-20.62249));
#708=(
BOUNDED_CURVE()
B_SPLINE_CURVE(2,(#703,#710,#711),.UNSPECIFIED.,.F.,.F.)
B_SPLINE_CURVE_WITH_KNOTS((3,3),(0.000,1.000),.UNSPECIFIED.)
CURVE()
GEOMETRIC_REPRESENTATION_ITEM()
RATIONAL_B_SPLINE_CURVE((1.0000000000,0.7071067812,1.0000000000))
REPRESENTATION_ITEM('')
);

#713=VERTEX_POINT('',#711);
#714=EDGE_CURVE('',#705,#713,#708,.T.);
#715=ORIENTED_EDGE('',*,*,#714,.T.);
#718=CARTESIAN_POINT('',(4.86756,-1.10000,-20.62249));
#719=CARTESIAN_POINT('',(4.86756,-1.10000,-19.62249));
#716=(
BOUNDED_CURVE()
B_SPLINE_CURVE(2,(#711,#718,#719),.UNSPECIFIED.,.F.,.F.)
B_SPLINE_CURVE_WITH_KNOTS((3,3),(0.000,1.000),.UNSPECIFIED.)
CURVE()
GEOMETRIC_REPRESENTATION_ITEM()
RATIONAL_B_SPLINE_CURVE((1.0000000000,0.7071067812,1.0000000000))
REPRESENTATION_ITEM('')
);

#721=VERTEX_POINT('',#719);
#722=EDGE_CURVE('',#713,#721,#716,.T.);
#723=ORIENTED_EDGE('',*,*,#722,.T.);
#726=CARTESIAN_POINT('',(4.86756,-1.10000,-18.62249));
#724=(
BOUNDED_CURVE()
B_SPLINE_CURVE(2,(#719,#726,#698),.UNSPECIFIED.,.F.,.F.)
B_SPLINE_CURVE_WITH_KNOTS((3,3),(0.000,1.000),.UNSPECIFIED.)
CURVE()
GEOMETRIC_REPRESENTATION_ITEM()
RATIONAL_B_SPLINE_CURVE((1.0000000000,0.7071067812,1.0000000000))
REPRESENTATION_ITEM('')
);

#728=EDGE_CURVE('',#721,#699,#724,.T.);
#729=ORIENTED_EDGE('',*,*,#728,.T.);
#730=EDGE_LOOP('',(#707,#715,#723,#729));
#731=FACE_BOUND('',#730,.T.);
#732=CARTESIAN_POINT('',(8.81445,-1.10000,-16.95287));
#733=VERTEX_POINT('',#732);
#736=CARTESIAN_POINT('',(7.81445,-1.10000,-16.95287));
#737=CARTESIAN_POINT('',(7.81445,-1.10000,-17.95287));
#734=(
BOUNDED_CURVE()
B_SPLINE_CURVE(2,(#732,#736,#737),.UNSPECIFIED.,.F.,.F.)
B_SPLINE_CURVE_WITH_KNOTS((3,3),(0.000,1.000),.UNSPECIFIED.)
CURVE()
GEOMETRIC_REPRESENTATION_ITEM()
RATIONAL_B_SPLINE_CURVE((1.0000000000,0.7071067812,1.0000000000))
REPRESENTATION_ITEM('')
);

#739=VERTEX_POINT('',#737);
#740=EDGE_CURVE('',#733,#739,#734,.T.);
#741=ORIENTED_EDGE('',*,*,#740,.T.);
#744=CARTESIAN_POINT('',(7.81445,-1.10000,-18.95287));
#745=CARTESIAN_POINT('',(8.81445,-1.10000,-18.95287));
#742=(
BOUNDED_CURVE()
B_SPLINE_CURVE(2,(#737,#744,#745),.UNSPECIFIED.,.F.,.F.)
B_SPLINE_CURVE_WITH_KNOTS((3,3),(0.000,1.000),.UNSPECIFIED.)
CURVE()
GEOMETRIC_REPRESENTATION_ITEM()
RATIONAL_B_SPLINE_CURVE((1.0000000000,0.7071067812,1.0000000000))
REPRESENTATION_ITEM('')
);

#747=VERTEX_POINT('',#745);
#748=EDGE_CURVE('',#739,#747,#742,.T.);
#749=ORIENTED_EDGE('',*,*,#748,.T.);
#752=CARTESIAN_POINT('',(9.81445,-1.10000,-18.95287));
#753=CARTESIAN_POINT('',(9.81445,-1.10000,-17.95287));
#750=(
BOUNDED_CURVE()
B_SPLINE_CURVE(2,(#745,#752,#753),.UNSPECIFIED.,.F.,.F.)
B_SPLINE_CURVE_WITH_KNOTS((3,3),(0.000,1.000),.UNSPECIFIED.)
CURVE()
GEOMETRIC_REPRESENTATION_ITEM()
RATIONAL_B_SPLINE_CURVE((1.0000000000,0.7071067812,1.0000000000))
REPRESENTATION_ITEM('')
);

#755=VERTEX_POINT('',#753);
#756=EDGE_CURVE('',#747,#755,#750,.T.);
#757=ORIENTED_EDGE('',*,*,#756,.T.);
#760=CARTESIAN_POINT('',(9.81445,-1.10000,-16.95287));
#758=(
BOUNDED_CURVE()
B_SPLINE_CURVE(2,(#753,#760,#732),.UNSPECIFIED.,.F.,.F.)
B_SPLINE_CURVE_WITH_KNOTS((3,3),(0.000,1.000),.UNSPECIFIED.)
CURVE()
GEOMETRIC_REPRESENTATION_ITEM()
RATIONAL_B_SPLINE_CURVE((1.0000000000,0.7071067812,1.0000000000))
REPRESENTATION_ITEM('')
);

#762=EDGE_CURVE('',#755,#733,#758,.T.);
#763=ORIENTED_EDGE('',*,*,#762,.T.);
#764=EDGE_LOOP('',(#741,#749,#757,#763));
#765=FACE_BOUND('',#764,.T.);
#766=CARTESIAN_POINT('',(15.05979,-1.10000,-12.16065));
#767=VERTEX_POINT('',#766);
#770=CARTESIAN_POINT('',(14.05979,-1.10000,-12.16065));
#771=CARTESIAN_POINT('',(14.05979,-1.10000,-13.16065));
#768=(
BOUNDED_CURVE()
B_SPLINE_CURVE(2,(#766,#770,#771),.UNSPECIFIED.,.F.,.F.)
B_SPLINE_CURVE_WITH_KNOTS((3,3),(0.000,1.000),.UNSPECIFIED.)
CURVE()
GEOMETRIC_REPRESENTATION_ITEM()
RATIONAL_B_SPLINE_CURVE((1.0000000000,0.7071067812,1.0000000000))
REPRESENTATION_ITEM('')
);

#773=VERTEX_POINT('',#771);
#774=EDGE_CURVE('',#767,#773,#768,.T.);
#775=ORIENTED_EDGE('',*,*,#774,.T.);
#778=CARTESIAN_POINT('',(14.05979,-1.10000,-14.16065));
#779=CARTESIAN_POINT('',(15.05979,-1.10000,-14.16065));
#776=(
BOUNDED_CURVE()
B_SPLINE_CURVE(2,(#771,#778,#779),.UNSPECIFIED.,.F.,.F.)
B_SPLINE_CURVE_WITH_KNOTS((3,3),(0.000,1.000),.UNSPECIFIED.)
CURVE()
GEOMETRIC_REPRESENTATION_ITEM()
RATIONAL_B_SPLINE_CURVE((1.0000000000,0.7071067812,1.0000000000))
REPRESENTATION_ITEM('')
);

#781=VERTEX_POINT('',#779);
#782=EDGE_CURVE('',#773,#781,#776,.T.);
#783=ORIENTED_EDGE('',*,*,#782,.T.);
#786=CARTESIAN_POINT('',(16.05979,-1.10000,-14.16065));
#787=CARTESIAN_POINT('',(16.05979,-1.10000,-13.16065));
#784=(
BOUNDED_CURVE()
B_SPLINE_CURVE(2,(#779,#786,#787),.UNSPECIFIED.,.F.,.F.)
B_SPLINE_CURVE_WITH_KNOTS((3,3),(0.000,1.000),.UNSPECIFIED.)
CURVE()
GEOMETRIC_REPRESENTATION_ITEM()
RATIONAL_B_SPLINE_CURVE((1.0000000000,0.7071067812,1.0000000000))
REPRESENTATION_ITEM('')
);

#789=VERTEX_POINT('',#787);
#790=EDGE_CURVE('',#781,#789,#784,.T.);
#791=ORIENTED_EDGE('',*,*,#790,.T.);
#794=CARTESIAN_POINT('',(16.05979,-1.10000,-12.16065));
#792=(
BOUNDED_CURVE()
B_SPLINE_CURVE(2,(#787,#794,#766),.UNSPECIFIED.,.F.,.F.)
B_SPLINE_CURVE_WITH_KNOTS((3,3),(0.000,1.000),.UNSPECIFIED.)
CURVE()
GEOMETRIC_REPRESENTATION_ITEM()
RATIONAL_B_SPLINE_CURVE((1.0000000000,0.7071067812,1.0000000000))
REPRESENTATION_ITEM('')
);

#796=EDGE_CURVE('',#789,#767,#792,.T.);
#797=ORIENTED_EDGE('',*,*,#796,.T.);
#798=EDGE_LOOP('',(#775,#783,#791,#797));
#799=FACE_BOUND('',#798,.T.);
#800=CARTESIAN_POINT('',(17.95287,-1.10000,-7.81445));
#801=VERTEX_POINT('',#800);
#804=CARTESIAN_POINT('',(16.95287,-1.10000,-7.81445));
#805=CARTESIAN_POINT('',(16.95287,-1.10000,-8.81445));
#802=(
BOUNDED_CURVE()
B_SPLINE_CURVE(2,(#800,#804,#805),.UNSPECIFIED.,.F.,.F.)
B_SPLINE_CURVE_WITH_KNOTS((3,3),(0.000,1.000),.UNSPECIFIED.)
CURVE()
GEOMETRIC_REPRESENTATION_ITEM()
RATIONAL_B_SPLINE_CURVE((1.0000000000,0.7071067812,1.0000000000))
REPRESENTATION_ITEM('')
);

#807=VERTEX_POINT('',#805);
#808=EDGE_CURVE('',#801,#807,#802,.T.);
#809=ORIENTED_EDGE('',*,*,#808,.T.);
#812=CARTESIAN_POINT('',(16.95287,-1.10000,-9.81445));
#813=CARTESIAN_POINT('',(17.95287,-1.10000,-9.81445));
#810=(
BOUNDED_CURVE()
B_SPLINE_CURVE(2,(#805,#812,#813),.UNSPECIFIED.,.F.,.F.)
B_SPLINE_CURVE_WITH_KNOTS((3,3),(0.000,1.000),.UNSPECIFIED.)
CURVE()
GEOMETRIC_REPRESENTATION_ITEM()
RATIONAL_B_SPLINE_CURVE((1.0000000000,0.7071067812,1.0000000000))
REPRESENTATION_ITEM('')
);

#815=VERTEX_POINT('',#813);
#816=EDGE_CURVE('',#807,#815,#810,.T.);
#817=ORIENTED_EDGE('',*,*,#816,.T.);
#820=CARTESIAN_POINT('',(18.95287,-1.10000,-9.81445));
#821=CARTESIAN_POINT('',(18.95287,-1.10000,-8.81445));
#818=(
BOUNDED_CURVE()
B_SPLINE_CURVE(2,(#813,#820,#821),.UNSPECIFIED.,.F.,.F.)
B_SPLINE_CURVE_WITH_KNOTS((3,3),(0.000,1.000),.UNSPECIFIED.)
CURVE()
GEOMETRIC_REPRESENTATION_ITEM()
RATIONAL_B_SPLINE_CURVE((1.0000000000,0.7071067812,1.0000000000))
REPRESENTATION_ITEM('')
);

#823=VERTEX_POINT('',#821);
#824=EDGE_CURVE('',#815,#823,#818,.T.);
#825=ORIENTED_EDGE('',*,*,#824,.T.);
#828=CARTESIAN_POINT('',(18.95287,-1.10000,-7.81445));
#826=(
BOUNDED_CURVE()
B_SPLINE_CURVE(2,(#821,#828,#800),.UNSPECIFIED.,.F.,.F.)
B_SPLINE_CURVE_WITH_KNOTS((3,3),(0.000,1.000),.UNSPECIFIED.)
CURVE()
GEOMETRIC_REPRESENTATION_ITEM()
RATIONAL_B_SPLINE_CURVE((1.0000000000,0.7071067812,1.0000000000))
REPRESENTATION_ITEM('')
);

#830=EDGE_CURVE('',#823,#801,#826,.T.);
#831=ORIENTED_EDGE('',*,*,#830,.T.);
#832=EDGE_LOOP('',(#809,#817,#825,#831));
#833=FACE_BOUND('',#832,.T.);
#834=CARTESIAN_POINT('',(19.62249,-1.10000,-2.86756));
#835=VERTEX_POINT('',#834);
#838=CARTESIAN_POINT('',(18.62249,-1.10000,-2.86756));
#839=CARTESIAN_POINT('',(18.62249,-1.10000,-3.86756));
#836=(
BOUNDED_CURVE()
B_SPLINE_CURVE(2,(#834,#838,#839),.UNSPECIFIED.,.F.,.F.)
B_SPLINE_CURVE_WITH_KNOTS((3,3),(0.000,1.000),.UNSPECIFIED.)
CURVE()
GEOMETRIC_REPRESENTATION_ITEM()
RATIONAL_B_SPLINE_CURVE((1.0000000000,0.7071067812,1.0000000000))
REPRESENTATION_ITEM('')
);

#841=VERTEX_POINT('',#839);
#842=EDGE_CURVE('',#835,#841,#836,.T.);
#843=ORIENTED_EDGE('',*,*,#842,.T.);
#846=CARTESIAN_POINT('',(18.62249,-1.10000,-4.86756));
#847=CARTESIAN_POINT('',(19.62249,-1.10000,-4.86756));
#844=(
BOUNDED_CURVE()
B_SPLINE_CURVE(2,(#839,#846,#847),.UNSPECIFIED.,.F.,.F.)
B_SPLINE_CURVE_WITH_KNOTS((3,3),(0.000,1.000),.UNSPECIFIED.)
CURVE()
GEOMETRIC_REPRESENTATION_ITEM()
RATIONAL_B_SPLINE_CURVE((1.0000000000,0.7071067812,1.0000000000))
REPRESENTATION_ITEM('')
);

#849=VERTEX_POINT('',#847);
#850=EDGE_CURVE('',#841,#849,#844,.T.);
#851=ORIENTED_EDGE('',*,*,#850,.T.);
#854=CARTESIAN_POINT('',(20.62249,-1.10000,-4.86756));
#855=CARTESIAN_POINT('',(20.62249,-1.10000,-3.86756));
#852=(
BOUNDED_CURVE()
B_SPLINE_CURVE(2,(#847,#854,#855),.UNSPECIFIED.,.F.,.F.)
B_SPLINE_CURVE_WITH_KNOTS((3,3),(0.000,1.000),.UNSPECIFIED.)
CURVE()
GEOMETRIC_REPRESENTATION_ITEM()
RATIONAL_B_SPLINE_CURVE((1.0000000000,0.7071067812,1.0000000000))
REPRESENTATION_ITEM('')
);

#857=VERTEX_POINT('',#855);
#858=EDGE_CURVE('',#849,#857,#852,.T.);
#859=ORIENTED_EDGE('',*,*,#858,.T.);
#862=CARTESIAN_POINT('',(20.62249,-1.10000,-2.86756));
#860=(
BOUNDED_CURVE()
B_SPLINE_CURVE(2,(#855,#862,#834),.UNSPECIFIED.,.F.,.F.)
B_SPLINE_CURVE_WITH_KNOTS((3,3),(0.000,1.000),.UNSPECIFIED.)
CURVE()
GEOMETRIC_REPRESENTATION_ITEM()
RATIONAL_B_SPLINE_CURVE((1.0000000000,0.7071067812,1.0000000000))
REPRESENTATION_ITEM('')
);

#864=EDGE_CURVE('',#857,#835,#860,.T.);
#865=ORIENTED_EDGE('',*,*,#864,.T.);
#866=EDGE_LOOP('',(#843,#851,#859,#865));
#867=FACE_BOUND('',#866,.T.);
#868=CARTESIAN_POINT('',(19.95487,-1.10000,2.34289));
#869=VERTEX_POINT('',#868);
#872=CARTESIAN_POINT('',(18.95487,-1.10000,2.34289));
#873=CARTESIAN_POINT('',(18.95487,-1.10000,1.34289));
#870=(
BOUNDED_CURVE()
B_SPLINE_CURVE(2,(#868,#872,#873),.UNSPECIFIED.,.F.,.F.)
B_SPLINE_CURVE_WITH_KNOTS((3,3),(0.000,1.000),.UNSPECIFIED.)
CURVE()
GEOMETRIC_REPRESENTATION_ITEM()
RATIONAL_B_SPLINE_CURVE((1.0000000000,0.7071067812,1.0000000000))
REPRESENTATION_ITEM('')
);

#875=VERTEX_POINT('',#873);
#876=EDGE_CURVE('',#869,#875,#870,.T.);
#877=ORIENTED_EDGE('',*,*,#876,.T.);
#880=CARTESIAN_POINT('',(18.95487,-1.10000,0.34289));
#881=CARTESIAN_POINT('',(19.95487,-1.10000,0.34289));
#878=(
BOUNDED_CURVE()
B_SPLINE_CURVE(2,(#873,#880,#881),.UNSPECIFIED.,.F.,.F.)
B_SPLINE_CURVE_WITH_KNOTS((3,3),(0.000,1.000),.UNSPECIFIED.)
CURVE()
GEOMETRIC_REPRESENTATION_ITEM()
RATIONAL_B_SPLINE_CURVE((1.0000000000,0.7071067812,1.0000000000))
REPRESENTATION_ITEM('')
);

#883=VERTEX_POINT('',#881);
#884=EDGE_CURVE('',#875,#883,#878,.T.);
#885=ORIENTED_EDGE('',*,*,#884,.T.);
#888=CARTESIAN_POINT('',(20.95487,-1.10000,0.34289));
#889=CARTESIAN_POINT('',(20.95487,-1.10000,1.34289));
#886=(
BOUNDED_CURVE()
B_SPLINE_CURVE(2,(#881,#888,#889),.UNSPECIFIED.,.F.,.F.)
B_SPLINE_CURVE_WITH_KNOTS((3,3),(0.000,1.000),.UNSPECIFIED.)
CURVE()
GEOMETRIC_REPRESENTATION_ITEM()
RATIONAL_B_SPLINE_CURVE((1.0000000000,0.7071067812,1.0000000000))
REPRESENTATION_ITEM('')
);

#891=VERTEX_POINT('',#889);
#892=EDGE_CURVE('',#883,#891,#886,.T.);
#893=ORIENTED_EDGE('',*,*,#892,.T.);
#896=CARTESIAN_POINT('',(20.95487,-1.10000,2.34289));
#894=(
BOUNDED_CURVE()
B_SPLINE_CURVE(2,(#889,#896,#868),.UNSPECIFIED.,.F.,.F.)
B_SPLINE_CURVE_WITH_KNOTS((3,3),(0.000,1.000),.UNSPECIFIED.)
CURVE()
GEOMETRIC_REPRESENTATION_ITEM()
RATIONAL_B_SPLINE_CURVE((1.0000000000,0.7071067812,1.0000000000))
REPRESENTATION_ITEM('')
);

#898=EDGE_CURVE('',#891,#869,#894,.T.);
#899=ORIENTED_EDGE('',*,*,#898,.T.);
#900=EDGE_LOOP('',(#877,#885,#893,#899));
#901=FACE_BOUND('',#900,.T.);
#902=CARTESIAN_POINT('',(18.92735,-1.10000,7.46183));
#903=VERTEX_POINT('',#902);
#906=CARTESIAN_POINT('',(17.92735,-1.10000,7.46183));
#907=CARTESIAN_POINT('',(17.92735,-1.10000,6.46183));
#904=(
BOUNDED_CURVE()
B_SPLINE_CURVE(2,(#902,#906,#907),.UNSPECIFIED.,.F.,.F.)
B_SPLINE_CURVE_WITH_KNOTS((3,3),(0.000,1.000),.UNSPECIFIED.)
CURVE()
GEOMETRIC_REPRESENTATION_ITEM()
RATIONAL_B_SPLINE_CURVE((1.0000000000,0.7071067812,1.0000000000))
REPRESENTATION_ITEM('')
);

#909=VERTEX_POINT('',#907);
#910=EDGE_CURVE('',#903,#909,#904,.T.);
#911=ORIENTED_EDGE('',*,*,#910,.T.);
#914=CARTESIAN_POINT('',(17.92735,-1.10000,5.46183));
#915=CARTESIAN_POINT('',(18.92735,-1.10000,5.46183));
#912=(
BOUNDED_CURVE()
B_SPLINE_CURVE(2,(#907,#914,#915),.UNSPECIFIED.,.F.,.F.)
B_SPLINE_CURVE_WITH_KNOTS((3,3),(0.000,1.000),.UNSPECIFIED.)
CURVE()
GEOMETRIC_REPRESENTATION_ITEM()
RATIONAL_B_SPLINE_CURVE((1.0000000000,0.7071067812,1.0000000000))
REPRESENTATION_ITEM('')
);

#917=VERTEX_POINT('',#915);
#918=EDGE_CURVE('',#909,#917,#912,.T.);
#919=ORIENTED_EDGE('',*,*,#918,.T.);
#922=CARTESIAN_POINT('',(19.92735,-1.10000,5.46183));
#923=CARTESIAN_POINT('',(19.92735,-1.10000,6.46183));
#920=(
BOUNDED_CURVE()
B_SPLINE_CURVE(2,(#915,#922,#923),.UNSPECIFIED.,.F.,.F.)
B_SPLINE_CURVE_WITH_KNOTS((3,3),(0.000,1.000),.UNSPECIFIED.)
CURVE()
GEOMETRIC_REPRESENTATION_ITEM()
RATIONAL_B_SPLINE_CURVE((1.0000000000,0.7071067812,1.0000000000))
REPRESENTATION_ITEM('')
);

#925=VERTEX_POINT('',#923);
#926=EDGE_CURVE('',#917,#925,#920,.T.);
#927=ORIENTED_EDGE('',*,*,#926,.T.);
#930=CARTESIAN_POINT('',(19.92735,-1.10000,7.46183));
#928=(
BOUNDED_CURVE()
B_SPLINE_CURVE(2,(#923,#930,#902),.UNSPECIFIED.,.F.,.F.)
B_SPLINE_CURVE_WITH_KNOTS((3,3),(0.000,1.000),.UNSPECIFIED.)
CURVE()
GEOMETRIC_REPRESENTATION_ITEM()
RATIONAL_B_SPLINE_CURVE((1.0000000000,0.7071067812,1.0000000000))
REPRESENTATION_ITEM('')
);

#932=EDGE_CURVE('',#925,#903,#928,.T.);
#933=ORIENTED_EDGE('',*,*,#932,.T.);
#934=EDGE_LOOP('',(#911,#919,#927,#933));
#935=FACE_BOUND('',#934,.T.);
#936=CARTESIAN_POINT('',(16.60997,-1.10000,12.14041));
#937=VERTEX_POINT('',#936);
#940=CARTESIAN_POINT('',(15.60997,-1.10000,12.14041));
#941=CARTESIAN_POINT('',(15.60997,-1.10000,11.14041));
#938=(
BOUNDED_CURVE()
B_SPLINE_CURVE(2,(#936,#940,#941),.UNSPECIFIED.,.F.,.F.)
B_SPLINE_CURVE_WITH_KNOTS((3,3),(0.000,1.000),.UNSPECIFIED.)
CURVE()
GEOMETRIC_REPRESENTATION_ITEM()
RATIONAL_B_SPLINE_CURVE((1.0000000000,0.7071067812,1.0000000000))
REPRESENTATION_ITEM('')
);

#943=VERTEX_POINT('',#941);
#944=EDGE_CURVE('',#937,#943,#938,.T.);
#945=ORIENTED_EDGE('',*,*,#944,.T.);
#948=CARTESIAN_POINT('',(15.60997,-1.10000,10.14041));
#949=CARTESIAN_POINT('',(16.60997,-1.10000,10.14041));
#946=(
BOUNDED_CURVE()
B_SPLINE_CURVE(2,(#941,#948,#949),.UNSPECIFIED.,.F.,.F.)
B_SPLINE_CURVE_WITH_KNOTS((3,3),(0.000,1.000),.UNSPECIFIED.)
CURVE()
GEOMETRIC_REPRESENTATION_ITEM()
RATIONAL_B_SPLINE_CURVE((1.0000000000,0.7071067812,1.0000000000))
REPRESENTATION_ITEM('')
);

#951=VERTEX_POINT('',#949);
#952=EDGE_CURVE('',#943,#951,#946,.T.);
#953=ORIENTED_EDGE('',*,*,#952,.T.);
#956=CARTESIAN_POINT('',(17.60997,-1.10000,10.14041));
#957=CARTESIAN_POINT('',(17.60997,-1.10000,11.14041));
#954=(
BOUNDED_CURVE()
B_SPLINE_CURVE(2,(#949,#956,#957),.UNSPECIFIED.,.F.,.F.)
B_SPLINE_CURVE_WITH_KNOTS((3,3),(0.000,1.000),.UNSPECIFIED.)
CURVE()
GEOMETRIC_REPRESENTATION_ITEM()
RATIONAL_B_SPLINE_CURVE((1.0000000000,0.7071067812,1.0000000000))
REPRESENTATION_ITEM('')
);

#959=VERTEX_POINT('',#957);
#960=EDGE_CURVE('',#951,#959,#954,.T.);
#961=ORIENTED_EDGE('',*,*,#960,.T.);
#964=CARTESIAN_POINT('',(17.60997,-1.10000,12.14041));
#962=(
BOUNDED_CURVE()
B_SPLINE_CURVE(2,(#957,#964,#936),.UNSPECIFIED.,.F.,.F.)
B_SPLINE_CURVE_WITH_KNOTS((3,3),(0.000,1.000),.UNSPECIFIED.)
CURVE()
GEOMETRIC_REPRESENTATION_ITEM()
RATIONAL_B_SPLINE_CURVE((1.0000000000,0.7071067812,1.0000000000))
REPRESENTATION_ITEM('')
);

#966=EDGE_CURVE('',#959,#937,#962,.T.);
#967=ORIENTED_EDGE('',*,*,#966,.T.);
#968=EDGE_LOOP('',(#945,#953,#961,#967));
#969=FACE_BOUND('',#968,.T.);
#970=CARTESIAN_POINT('',(13.16065,-1.10000,16.05979));
#971=VERTEX_POINT('',#970);
#974=CARTESIAN_POINT('',(12.16065,-1.10000,16.05979));
#975=CARTESIAN_POINT('',(12.16065,-1.10000,15.05979));
#972=(
BOUNDED_CURVE()
B_SPLINE_CURVE(2,(#970,#974,#975),.UNSPECIFIED.,.F.,.F.)
B_SPLINE_CURVE_WITH_KNOTS((3,3),(0.000,1.000),.UNSPECIFIED.)
CURVE()
GEOMETRIC_REPRESENTATION_ITEM()
RATIONAL_B_SPLINE_CURVE((1.0000000000,0.7071067812,1.0000000000))
REPRESENTATION_ITEM('')
);

#977=VERTEX_POINT('',#975);
#978=EDGE_CURVE('',#971,#977,#972,.T.);
#979=ORIENTED_EDGE('',*,*,#978,.T.);
#982=CARTESIAN_POINT('',(12.16065,-1.10000,14.05979));
#983=CARTESIAN_POINT('',(13.16065,-1.10000,14.05979));
#980=(
BOUNDED_CURVE()
B_SPLINE_CURVE(2,(#975,#982,#983),.UNSPECIFIED.,.F.,.F.)
B_SPLINE_CURVE_WITH_KNOTS((3,3),(0.000,1.000),.UNSPECIFIED.)
CURVE()
GEOMETRIC_REPRESENTATION_ITEM()
RATIONAL_B_SPLINE_CURVE((1.0000000000,0.7071067812,1.0000000000))
REPRESENTATION_ITEM('')
);

#985=VERTEX_POINT('',#983);
#986=EDGE_CURVE('',#977,#985,#980,.T.);
#987=ORIENTED_EDGE('',*,*,#986,.T.);
#990=CARTESIAN_POINT('',(14.16065,-1.10000,14.05979));
#991=CARTESIAN_POINT('',(14.16065,-1.10000,15.05979));
#988=(
BOUNDED_CURVE()
B_SPLINE_CURVE(2,(#983,#990,#991),.UNSPECIFIED.,.F.,.F.)
B_SPLINE_CURVE_WITH_KNOTS((3,3),(0.000,1.000),.UNSPECIFIED.)
CURVE()
GEOMETRIC_REPRESENTATION_ITEM()
RATIONAL_B_SPLINE_CURVE((1.0000000000,0.7071067812,1.0000000000))
REPRESENTATION_ITEM('')
);

#993=VERTEX_POINT('',#991);
#994=EDGE_CURVE('',#985,#993,#988,.T.);
#995=ORIENTED_EDGE('',*,*,#994,.T.);
#998=CARTESIAN_POINT('',(14.16065,-1.10000,16.05979));
#996=(
BOUNDED_CURVE()
B_SPLINE_CURVE(2,(#991,#998,#970),.UNSPECIFIED.,.F.,.F.)
B_SPLINE_CURVE_WITH_KNOTS((3,3),(0.000,1.000),.UNSPECIFIED.)
CURVE()
GEOMETRIC_REPRESENTATION_ITEM()
RATIONAL_B_SPLINE_CURVE((1.0000000000,0.7071067812,1.0000000000))
REPRESENTATION_ITEM('')
);

#1000=EDGE_CURVE('',#993,#971,#996,.T.);
#1001=ORIENTED_EDGE('',*,*,#1000,.T.);
#1002=EDGE_LOOP('',(#979,#987,#995,#1001));
#1003=FACE_BOUND('',#1002,.T.);
#1004=CARTESIAN_POINT('',(8.81445,-1.10000,18.95287));
#1005=VERTEX_POINT('',#1004);
#1008=CARTESIAN_POINT('',(7.81445,-1.10000,18.95287));
#1009=CARTESIAN_POINT('',(7.81445,-1.10000,17.95287));
#1006=(
BOUNDED_CURVE()
B_SPLINE_CURVE(2,(#1004,#1008,#1009),.UNSPECIFIED.,.F.,.F.)
B_SPLINE_CURVE_WITH_KNOTS((3,3),(0.000,1.000),.UNSPECIFIED.)
CURVE()
GEOMETRIC_REPRESENTATION_ITEM()
RATIONAL_B_SPLINE_CURVE((1.0000000000,0.7071067812,1.0000000000))
REPRESENTATION_ITEM('')
);

#1011=VERTEX_POINT('',#1009);
#1012=EDGE_CURVE('',#1005,#1011,#1006,.T.);
#1013=ORIENTED_EDGE('',*,*,#1012,.T.);
#1016=CARTESIAN_POINT('',(7.81445,-1.10000,16.95287));
#1017=CARTESIAN_POINT('',(8.81445,-1.10000,16.95287));
#1014=(
BOUNDED_CURVE()
B_SPLINE_CURVE(2,(#1009,#1016,#1017),.UNSPECIFIED.,.F.,.F.)
B_SPLINE_CURVE_WITH_KNOTS((3,3),(0.000,1.000),.UNSPECIFIED.)
CURVE()
GEOMETRIC_REPRESENTATION_ITEM()
RATIONAL_B_SPLINE_CURVE((1.0000000000,0.7071067812,1.0000000000))
REPRESENTATION_ITEM('')
);

#1019=VERTEX_POINT('',#1017);
#1020=EDGE_CURVE('',#1011,#1019,#1014,.T.);
#1021=ORIENTED_EDGE('',*,*,#1020,.T.);
#1024=CARTESIAN_POINT('',(9.81445,-1.10000,16.95287));
#1025=CARTESIAN_POINT('',(9.81445,-1.10000,17.95287));
#1022=(
BOUNDED_CURVE()
B_SPLINE_CURVE(2,(#1017,#1024,#1025),.UNSPECIFIED.,.F.,.F.)
B_SPLINE_CURVE_WITH_KNOTS((3,3),(0.000,1.000),.UNSPECIFIED.)
CURVE()
GEOMETRIC_REPRESENTATION_ITEM()
RATIONAL_B_SPLINE_CURVE((1.0000000000,0.7071067812,1.0000000000))
REPRESENTATION_ITEM('')
);

#1027=VERTEX_POINT('',#1025);
#1028=EDGE_CURVE('',#1019,#1027,#1022,.T.);
#1029=ORIENTED_EDGE('',*,*,#1028,.T.);
#1032=CARTESIAN_POINT('',(9.81445,-1.10000,18.95287));
#1030=(
BOUNDED_CURVE()
B_SPLINE_CURVE(2,(#1025,#1032,#1004),.UNSPECIFIED.,.F.,.F.)
B_SPLINE_CURVE_WITH_KNOTS((3,3),(0.000,1.000),.UNSPECIFIED.)
CURVE()
GEOMETRIC_REPRESENTATION_ITEM()
RATIONAL_B_SPLINE_CURVE((1.0000000000,0.7071067812,1.0000000000))
REPRESENTATION_ITEM('')
);

#1034=EDGE_CURVE('',#1027,#1005,#1030,.T.);
#1035=ORIENTED_EDGE('',*,*,#1034,.T.);
#1036=EDGE_LOOP('',(#1013,#1021,#1029,#1035));
#1037=FACE_BOUND('',#1036,.T.);
#1038=CARTESIAN_POINT('',(3.86756,-1.10000,20.62249));
#1039=VERTEX_POINT('',#1038);
#1042=CARTESIAN_POINT('',(2.86756,-1.10000,20.62249));
#1043=CARTESIAN_POINT('',(2.86756,-1.10000,19.62249));
#1040=(
BOUNDED_CURVE()
B_SPLINE_CURVE(2,(#1038,#1042,#1043),.UNSPECIFIED.,.F.,.F.)
B_SPLINE_CURVE_WITH_KNOTS((3,3),(0.000,1.000),.UNSPECIFIED.)
CURVE()
GEOMETRIC_REPRESENTATION_ITEM()
RATIONAL_B_SPLINE_CURVE((1.0000000000,0.7071067812,1.0000000000))
REPRESENTATION_ITEM('')
);

#1045=VERTEX_POINT('',#1043);
#1046=EDGE_CURVE('',#1039,#1045,#1040,.T.);
#1047=ORIENTED_EDGE('',*,*,#1046,.T.);
#1050=CARTESIAN_POINT('',(2.86756,-1.10000,18.62249));
#1051=CARTESIAN_POINT('',(3.86756,-1.10000,18.62249));
#1048=(
BOUNDED_CURVE()
B_SPLINE_CURVE(2,(#1043,#1050,#1051),.UNSPECIFIED.,.F.,.F.)
B_SPLINE_CURVE_WITH_KNOTS((3,3),(0.000,1.000),.UNSPECIFIED.)
CURVE()
GEOMETRIC_REPRESENTATION_ITEM()
RATIONAL_B_SPLINE_CURVE((1.0000000000,0.7071067812,1.0000000000))
REPRESENTATION_ITEM('')
);

#1053=VERTEX_POINT('',#1051);
#1054=EDGE_CURVE('',#1045,#1053,#1048,.T.);
#1055=ORIENTED_EDGE('',*,*,#1054,.T.);
#1058=CARTESIAN_POINT('',(4.86756,-1.10000,18.62249));
#1059=CARTESIAN_POINT('',(4.86756,-1.10000,19.62249));
#1056=(
BOUNDED_CURVE()
B_SPLINE_CURVE(2,(#1051,#1058,#1059),.UNSPECIFIED.,.F.,.F.)
B_SPLINE_CURVE_WITH_KNOTS((3,3),(0.000,1.000),.UNSPECIFIED.)
CURVE()
GEOMETRIC_REPRESENTATION_ITEM()
RATIONAL_B_SPLINE_CURVE((1.0000000000,0.7071067812,1.0000000000))
REPRESENTATION_ITEM('')
);

#1061=VERTEX_POINT('',#1059);
#1062=EDGE_CURVE('',#1053,#1061,#1056,.T.);
#1063=ORIENTED_EDGE('',*,*,#1062,.T.);
#1066=CARTESIAN_POINT('',(4.86756,-1.10000,20.62249));
#1064=(
BOUNDED_CURVE()
B_SPLINE_CURVE(2,(#1059,#1066,#1038),.UNSPECIFIED.,.F.,.F.)
B_SPLINE_CURVE_WITH_KNOTS((3,3),(0.000,1.000),.UNSPECIFIED.)
CURVE()
GEOMETRIC_REPRESENTATION_ITEM()
RATIONAL_B_SPLINE_CURVE((1.0000000000,0.7071067812,1.0000000000))
REPRESENTATION_ITEM('')
);

#1068=EDGE_CURVE('',#1061,#1039,#1064,.T.);
#1069=ORIENTED_EDGE('',*,*,#1068,.T.);
#1070=EDGE_LOOP('',(#1047,#1055,#1063,#1069));
#1071=FACE_BOUND('',#1070,.T.);
#1072=CARTESIAN_POINT('',(-1.34289,-1.10000,20.95487));
#1073=VERTEX_POINT('',#1072);
#1076=CARTESIAN_POINT('',(-2.34289,-1.10000,20.95487));
#1077=CARTESIAN_POINT('',(-2.34289,-1.10000,19.95487));
#1074=(
BOUNDED_CURVE()
B_SPLINE_CURVE(2,(#1072,#1076,#1077),.UNSPECIFIED.,.F.,.F.)
B_SPLINE_CURVE_WITH_KNOTS((3,3),(0.000,1.000),.UNSPECIFIED.)
CURVE()
GEOMETRIC_REPRESENTATION_ITEM()
RATIONAL_B_SPLINE_CURVE((1.0000000000,0.7071067812,1.0000000000))
REPRESENTATION_ITEM('')
);

#1079=VERTEX_POINT('',#1077);
#1080=EDGE_CURVE('',#1073,#1079,#1074,.T.);
#1081=ORIENTED_EDGE('',*,*,#1080,.T.);
#1084=CARTESIAN_POINT('',(-2.34289,-1.10000,18.95487));
#1085=CARTESIAN_POINT('',(-1.34289,-1.10000,18.95487));
#1082=(
BOUNDED_CURVE()
B_SPLINE_CURVE(2,(#1077,#1084,#1085),.UNSPECIFIED.,.F.,.F.)
B_SPLINE_CURVE_WITH_KNOTS((3,3),(0.000,1.000),.UNSPECIFIED.)
CURVE()
GEOMETRIC_REPRESENTATION_ITEM()
RATIONAL_B_SPLINE_CURVE((1.0000000000,0.7071067812,1.0000000000))
REPRESENTATION_ITEM('')
);

#1087=VERTEX_POINT('',#1085);
#1088=EDGE_CURVE('',#1079,#1087,#1082,.T.);
#1089=ORIENTED_EDGE('',*,*,#1088,.T.);
#1092=CARTESIAN_POINT('',(-0.34289,-1.10000,18.95487));
#1093=CARTESIAN_POINT('',(-0.34289,-1.10000,19.95487));
#1090=(
BOUNDED_CURVE()
B_SPLINE_CURVE(2,(#1085,#1092,#1093),.UNSPECIFIED.,.F.,.F.)
B_SPLINE_CURVE_WITH_KNOTS((3,3),(0.000,1.000),.UNSPECIFIED.)
CURVE()
GEOMETRIC_REPRESENTATION_ITEM()
RATIONAL_B_SPLINE_CURVE((1.0000000000,0.7071067812,1.0000000000))
REPRESENTATION_ITEM('')
);

#1095=VERTEX_POINT('',#1093);
#1096=EDGE_CURVE('',#1087,#1095,#1090,.T.);
#1097=ORIENTED_EDGE('',*,*,#1096,.T.);
#1100=CARTESIAN_POINT('',(-0.34289,-1.10000,20.95487));
#1098=(
BOUNDED_CURVE()
B_SPLINE_CURVE(2,(#1093,#1100,#1072),.UNSPECIFIED.,.F.,.F.)
B_SPLINE_CURVE_WITH_KNOTS((3,3),(0.000,1.000),.UNSPECIFIED.)
CURVE()
GEOMETRIC_REPRESENTATION_ITEM()
RATIONAL_B_SPLINE_CURVE((1.0000000000,0.7071067812,1.0000000000))
REPRESENTATION_ITEM('')
);

#1102=EDGE_CURVE('',#1095,#1073,#1098,.T.);
#1103=ORIENTED_EDGE('',*,*,#1102,.T.);
#1104=EDGE_LOOP('',(#1081,#1089,#1097,#1103));
#1105=FACE_BOUND('',#1104,.T.);
#1106=CARTESIAN_POINT('',(-6.46183,-1.10000,19.92735));
#1107=VERTEX_POINT('',#1106);
#1110=CARTESIAN_POINT('',(-7.46183,-1.10000,19.92735));
#1111=CARTESIAN_POINT('',(-7.46183,-1.10000,18.92735));
#1108=(
BOUNDED_CURVE()
B_SPLINE_CURVE(2,(#1106,#1110,#1111),.UNSPECIFIED.,.F.,.F.)
B_SPLINE_CURVE_WITH_KNOTS((3,3),(0.000,1.000),.UNSPECIFIED.)
CURVE()
GEOMETRIC_REPRESENTATION_ITEM()
RATIONAL_B_SPLINE_CURVE((1.0000000000,0.7071067812,1.0000000000))
REPRESENTATION_ITEM('')
);

#1113=VERTEX_POINT('',#1111);
#1114=EDGE_CURVE('',#1107,#1113,#1108,.T.);
#1115=ORIENTED_EDGE('',*,*,#1114,.T.);
#1118=CARTESIAN_POINT('',(-7.46183,-1.10000,17.92735));
#1119=CARTESIAN_POINT('',(-6.46183,-1.10000,17.92735));
#1116=(
BOUNDED_CURVE()
B_SPLINE_CURVE(2,(#1111,#1118,#1119),.UNSPECIFIED.,.F.,.F.)
B_SPLINE_CURVE_WITH_KNOTS((3,3),(0.000,1.000),.UNSPECIFIED.)
CURVE()
GEOMETRIC_REPRESENTATION_ITEM()
RATIONAL_B_SPLINE_CURVE((1.0000000000,0.7071067812,1.0000000000))
REPRESENTATION_ITEM('')
);

#1121=VERTEX_POINT('',#1119);
#1122=EDGE_CURVE('',#1113,#1121,#1116,.T.);
#1123=ORIENTED_EDGE('',*,*,#1122,.T.);
#1126=CARTESIAN_POINT('',(-5.46183,-1.10000,17.92735));
#1127=CARTESIAN_POINT('',(-5.46183,-1.10000,18.92735));
#1124=(
BOUNDED_CURVE()
B_SPLINE_CURVE(2,(#1119,#1126,#1127),.UNSPECIFIED.,.F.,.F.)
B_SPLINE_CURVE_WITH_KNOTS((3,3),(0.000,1.000),.UNSPECIFIED.)
CURVE()
GEOMETRIC_REPRESENTATION_ITEM()
RATIONAL_B_SPLINE_CURVE((1.0000000000,0.7071067812,1.0000000000))
REPRESENTATION_ITEM('')
);

#1129=VERTEX_POINT('',#1127);
#1130=EDGE_CURVE('',#1121,#1129,#1124,.T.);
#1131=ORIENTED_EDGE('',*,*,#1130,.T.);
#1134=CARTESIAN_POINT('',(-5.46183,-1.10000,19.92735));
#1132=(
BOUNDED_CURVE()
B_SPLINE_CURVE(2,(#1127,#1134,#1106),.UNSPECIFIED.,.F.,.F.)
B_SPLINE_CURVE_WITH_KNOTS((3,3),(0.000,1.000),.UNSPECIFIED.)
CURVE()
GEOMETRIC_REPRESENTATION_ITEM()
RATIONAL_B_SPLINE_CURVE((1.0000000000,0.7071067812,1.0000000000))
REPRESENTATION_ITEM('')
);

#1136=EDGE_CURVE('',#1129,#1107,#1132,.T.);
#1137=ORIENTED_EDGE('',*,*,#1136,.T.);
#1138=EDGE_LOOP('',(#1115,#1123,#1131,#1137));
#1139=FACE_BOUND('',#1138,.T.);
#1140=CARTESIAN_POINT('',(-11.14041,-1.10000,17.60997));
#1141=VERTEX_POINT('',#1140);
#1144=CARTESIAN_POINT('',(-12.14041,-1.10000,17.60997));
#1145=CARTESIAN_POINT('',(-12.14041,-1.10000,16.60997));
#1142=(
BOUNDED_CURVE()
B_SPLINE_CURVE(2,(#1140,#1144,#1145),.UNSPECIFIED.,.F.,.F.)
B_SPLINE_CURVE_WITH_KNOTS((3,3),(0.000,1.000),.UNSPECIFIED.)
CURVE()
GEOMETRIC_REPRESENTATION_ITEM()
RATIONAL_B_SPLINE_CURVE((1.0000000000,0.7071067812,1.0000000000))
REPRESENTATION_ITEM('')
);

#1147=VERTEX_POINT('',#1145);
#1148=EDGE_CURVE('',#1141,#1147,#1142,.T.);
#1149=ORIENTED_EDGE('',*,*,#1148,.T.);
#1152=CARTESIAN_POINT('',(-12.14041,-1.10000,15.60997));
#1153=CARTESIAN_POINT('',(-11.14041,-1.10000,15.60997));
#1150=(
BOUNDED_CURVE()
B_SPLINE_CURVE(2,(#1145,#1152,#1153),.UNSPECIFIED.,.F.,.F.)
B_SPLINE_CURVE_WITH_KNOTS((3,3),(0.000,1.000),.UNSPECIFIED.)
CURVE()
GEOMETRIC_REPRESENTATION_ITEM()
RATIONAL_B_SPLINE_CURVE((1.0000000000,0.7071067812,1.0000000000))
REPRESENTATION_ITEM('')
);

#1155=VERTEX_POINT('',#1153);
#1156=EDGE_CURVE('',#1147,#1155,#1150,.T.);
#1157=ORIENTED_EDGE('',*,*,#1156,.T.);
#1160=CARTESIAN_POINT('',(-10.14041,-1.10000,15.60997));
#1161=CARTESIAN_POINT('',(-10.14041,-1.10000,16.60997));
#1158=(
BOUNDED_CURVE()
B_SPLINE_CURVE(2,(#1153,#1160,#1161),.UNSPECIFIED.,.F.,.F.)
B_SPLINE_CURVE_WITH_KNOTS((3,3),(0.000,1.000),.UNSPECIFIED.)
CURVE()
GEOMETRIC_REPRESENTATION_ITEM()
RATIONAL_B_SPLINE_CURVE((1.0000000000,0.7071067812,1.0000000000))
REPRESENTATION_ITEM('')
);

#1163=VERTEX_POINT('',#1161);
#1164=EDGE_CURVE('',#1155,#1163,#1158,.T.);
#1165=ORIENTED_EDGE('',*,*,#1164,.T.);
#1168=CARTESIAN_POINT('',(-10.14041,-1.10000,17.60997));
#1166=(
BOUNDED_CURVE()
B_SPLINE_CURVE(2,(#1161,#1168,#1140),.UNSPECIFIED.,.F.,.F.)
B_SPLINE_CURVE_WITH_KNOTS((3,3),(0.000,1.000),.UNSPECIFIED.)
CURVE()
GEOMETRIC_REPRESENTATION_ITEM()
RATIONAL_B_SPLINE_CURVE((1.0000000000,0.7071067812,1.0000000000))
REPRESENTATION_ITEM('')
);

#1170=EDGE_CURVE('',#1163,#1141,#1166,.T.);
#1171=ORIENTED_EDGE('',*,*,#1170,.T.);
#1172=EDGE_LOOP('',(#1149,#1157,#1165,#1171));
#1173=FACE_BOUND('',#1172,.T.);
#1174=CARTESIAN_POINT('',(-15.05979,-1.10000,14.16065));
#1175=VERTEX_POINT('',#1174);
#1178=CARTESIAN_POINT('',(-16.05979,-1.10000,14.16065));
#1179=CARTESIAN_POINT('',(-16.05979,-1.10000,13.16065));
#1176=(
BOUNDED_CURVE()
B_SPLINE_CURVE(2,(#1174,#1178,#1179),.UNSPECIFIED.,.F.,.F.)
B_SPLINE_CURVE_WITH_KNOTS((3,3),(0.000,1.000),.UNSPECIFIED.)
CURVE()
GEOMETRIC_REPRESENTATION_ITEM()
RATIONAL_B_SPLINE_CURVE((1.0000000000,0.7071067812,1.0000000000))
REPRESENTATION_ITEM('')
);

#1181=VERTEX_POINT('',#1179);
#1182=EDGE_CURVE('',#1175,#1181,#1176,.T.);
#1183=ORIENTED_EDGE('',*,*,#1182,.T.);
#1186=CARTESIAN_POINT('',(-16.05979,-1.10000,12.16065));
#1187=CARTESIAN_POINT('',(-15.05979,-1.10000,12.16065));
#1184=(
BOUNDED_CURVE()
B_SPLINE_CURVE(2,(#1179,#1186,#1187),.UNSPECIFIED.,.F.,.F.)
B_SPLINE_CURVE_WITH_KNOTS((3,3),(0.000,1.000),.UNSPECIFIED.)
CURVE()
GEOMETRIC_REPRESENTATION_ITEM()
RATIONAL_B_SPLINE_CURVE((1.0000000000,0.7071067812,1.0000000000))
REPRESENTATION_ITEM('')
);

#1189=VERTEX_POINT('',#1187);
#1190=EDGE_CURVE('',#1181,#1189,#1184,.T.);
#1191=ORIENTED_EDGE('',*,*,#1190,.T.);
#1194=CARTESIAN_POINT('',(-14.05979,-1.10000,12.16065));
#1195=CARTESIAN_POINT('',(-14.05979,-1.10000,13.16065));
#1192=(
BOUNDED_CURVE()
B_SPLINE_CURVE(2,(#1187,#1194,#1195),.UNSPECIFIED.,.F.,.F.)
B_SPLINE_CURVE_WITH_KNOTS((3,3),(0.000,1.000),.UNSPECIFIED.)
CURVE()
GEOMETRIC_REPRESENTATION_ITEM()
RATIONAL_B_SPLINE_CURVE((1.0000000000,0.7071067812,1.0000000000))
REPRESENTATION_ITEM('')
);

#1197=VERTEX_POINT('',#1195);
#1198=EDGE_CURVE('',#1189,#1197,#1192,.T.);
#1199=ORIENTED_EDGE('',*,*,#1198,.T.);
#1202=CARTESIAN_POINT('',(-14.05979,-1.10000,14.16065));
#1200=(
BOUNDED_CURVE()
B_SPLINE_CURVE(2,(#1195,#1202,#1174),.UNSPECIFIED.,.F.,.F.)
B_SPLINE_CURVE_WITH_KNOTS((3,3),(0.000,1.000),.UNSPECIFIED.)
CURVE()
GEOMETRIC_REPRESENTATION_ITEM()
RATIONAL_B_SPLINE_CURVE((1.0000000000,0.7071067812,1.0000000000))
REPRESENTATION_ITEM('')
);

#1204=EDGE_CURVE('',#1197,#1175,#1200,.T.);
#1205=ORIENTED_EDGE('',*,*,#1204,.T.);
#1206=EDGE_LOOP('',(#1183,#1191,#1199,#1205));
#1207=FACE_BOUND('',#1206,.T.);
#1208=CARTESIAN_POINT('',(-17.95287,-1.10000,9.81445));
#1209=VERTEX_POINT('',#1208);
#1212=CARTESIAN_POINT('',(-18.95287,-1.10000,9.81445));
#1213=CARTESIAN_POINT('',(-18.95287,-1.10000,8.81445));
#1210=(
BOUNDED_CURVE()
B_SPLINE_CURVE(2,(#1208,#1212,#1213),.UNSPECIFIED.,.F.,.F.)
B_SPLINE_CURVE_WITH_KNOTS((3,3),(0.000,1.000),.UNSPECIFIED.)
CURVE()
GEOMETRIC_REPRESENTATION_ITEM()
RATIONAL_B_SPLINE_CURVE((1.0000000000,0.7071067812,1.0000000000))
REPRESENTATION_ITEM('')
);

#1215=VERTEX_POINT('',#1213);
#1216=EDGE_CURVE('',#1209,#1215,#1210,.T.);
#1217=ORIENTED_EDGE('',*,*,#1216,.T.);
#1220=CARTESIAN_POINT('',(-18.95287,-1.10000,7.81445));
#1221=CARTESIAN_POINT('',(-17.95287,-1.10000,7.81445));
#1218=(
BOUNDED_CURVE()
B_SPLINE_CURVE(2,(#1213,#1220,#1221),.UNSPECIFIED.,.F.,.F.)
B_SPLINE_CURVE_WITH_KNOTS((3,3),(0.000,1.000),.UNSPECIFIED.)
CURVE()
GEOMETRIC_REPRESENTATION_ITEM()
RATIONAL_B_SPLINE_CURVE((1.0000000000,0.7071067812,1.0000000000))
REPRESENTATION_ITEM('')
);

#1223=VERTEX_POINT('',#1221);
#1224=EDGE_CURVE('',#1215,#1223,#1218,.T.);
#1225=ORIENTED_EDGE('',*,*,#1224,.T.);
#1228=CARTESIAN_POINT('',(-16.95287,-1.10000,7.81445));
#1229=CARTESIAN_POINT('',(-16.95287,-1.10000,8.81445));
#1226=(
BOUNDED_CURVE()
B_SPLINE_CURVE(2,(#1221,#1228,#1229),.UNSPECIFIED.,.F.,.F.)
B_SPLINE_CURVE_WITH_KNOTS((3,3),(0.000,1.000),.UNSPECIFIED.)
CURVE()
GEOMETRIC_REPRESENTATION_ITEM()
RATIONAL_B_SPLINE_CURVE((1.0000000000,0.7071067812,1.0000000000))
REPRESENTATION_ITEM('')
);

#1231=VERTEX_POINT('',#1229);
#1232=EDGE_CURVE('',#1223,#1231,#1226,.T.);
#1233=ORIENTED_EDGE('',*,*,#1232,.T.);
#1236=CARTESIAN_POINT('',(-16.95287,-1.10000,9.81445));
#1234=(
BOUNDED_CURVE()
B_SPLINE_CURVE(2,(#1229,#1236,#1208),.UNSPECIFIED.,.F.,.F.)
B_SPLINE_CURVE_WITH_KNOTS((3,3),(0.000,1.000),.UNSPECIFIED.)
CURVE()
GEOMETRIC_REPRESENTATION_ITEM()
RATIONAL_B_SPLINE_CURVE((1.0000000000,0.7071067812,1.0000000000))
REPRESENTATION_ITEM('')
);

#1238=EDGE_CURVE('',#1231,#1209,#1234,.T.);
#1239=ORIENTED_EDGE('',*,*,#1238,.T.);
#1240=EDGE_LOOP('',(#1217,#1225,#1233,#1239));
#1241=FACE_BOUND('',#1240,.T.);
#1242=CARTESIAN_POINT('',(-19.62249,-1.10000,4.86756));
#1243=VERTEX_POINT('',#1242);
#1246=CARTESIAN_POINT('',(-20.62249,-1.10000,4.86756));
#1247=CARTESIAN_POINT('',(-20.62249,-1.10000,3.86756));
#1244=(
BOUNDED_CURVE()
B_SPLINE_CURVE(2,(#1242,#1246,#1247),.UNSPECIFIED.,.F.,.F.)
B_SPLINE_CURVE_WITH_KNOTS((3,3),(0.000,1.000),.UNSPECIFIED.)
CURVE()
GEOMETRIC_REPRESENTATION_ITEM()
RATIONAL_B_SPLINE_CURVE((1.0000000000,0.7071067812,1.0000000000))
REPRESENTATION_ITEM('')
);

#1249=VERTEX_POINT('',#1247);
#1250=EDGE_CURVE('',#1243,#1249,#1244,.T.);
#1251=ORIENTED_EDGE('',*,*,#1250,.T.);
#1254=CARTESIAN_POINT('',(-20.62249,-1.10000,2.86756));
#1255=CARTESIAN_POINT('',(-19.62249,-1.10000,2.86756));
#1252=(
BOUNDED_CURVE()
B_SPLINE_CURVE(2,(#1247,#1254,#1255),.UNSPECIFIED.,.F.,.F.)
B_SPLINE_CURVE_WITH_KNOTS((3,3),(0.000,1.000),.UNSPECIFIED.)
CURVE()
GEOMETRIC_REPRESENTATION_ITEM()
RATIONAL_B_SPLINE_CURVE((1.0000000000,0.7071067812,1.0000000000))
REPRESENTATION_ITEM('')
);

#1257=VERTEX_POINT('',#1255);
#1258=EDGE_CURVE('',#1249,#1257,#1252,.T.);
#1259=ORIENTED_EDGE('',*,*,#1258,.T.);
#1262=CARTESIAN_POINT('',(-18.62249,-1.10000,2.86756));
#1263=CARTESIAN_POINT('',(-18.62249,-1.10000,3.86756));
#1260=(
BOUNDED_CURVE()
B_SPLINE_CURVE(2,(#1255,#1262,#1263),.UNSPECIFIED.,.F.,.F.)
B_SPLINE_CURVE_WITH_KNOTS((3,3),(0.000,1.000),.UNSPECIFIED.)
CURVE()
GEOMETRIC_REPRESENTATION_ITEM()
RATIONAL_B_SPLINE_CURVE((1.0000000000,0.7071067812,1.0000000000))
REPRESENTATION_ITEM('')
);

#1265=VERTEX_POINT('',#1263);
#1266=EDGE_CURVE('',#1257,#1265,#1260,.T.);
#1267=ORIENTED_EDGE('',*,*,#1266,.T.);
#1270=CARTESIAN_POINT('',(-18.62249,-1.10000,4.86756));
#1268=(
BOUNDED_CURVE()
B_SPLINE_CURVE(2,(#1263,#1270,#1242),.UNSPECIFIED.,.F.,.F.)
B_SPLINE_CURVE_WITH_KNOTS((3,3),(0.000,1.000),.UNSPECIFIED.)
CURVE()
GEOMETRIC_REPRESENTATION_ITEM()
RATIONAL_B_SPLINE_CURVE((1.0000000000,0.7071067812,1.0000000000))
REPRESENTATION_ITEM('')
);

#1272=EDGE_CURVE('',#1265,#1243,#1268,.T.);
#1273=ORIENTED_EDGE('',*,*,#1272,.T.);
#1274=EDGE_LOOP('',(#1251,#1259,#1267,#1273));
#1275=FACE_BOUND('',#1274,.T.);
#1276=ADVANCED_FACE('',(#459,#493,#527,#561,#595,#629,#663,#697,#731,#765,#799,#833,#867,#901,#935,#969,#1003,#1037,#1071,#1105,#1139,#1173,#1207,#1241,#1275),#400,.T.);
#1277=COLOUR_RGB('',0.39,0.39,0.39);
#1278=FILL_AREA_STYLE_COLOUR('',#1277);
#1279=FILL_AREA_STYLE('',(#1278));
#1280=SURFACE_STYLE_FILL_AREA(#1279);
#1281=SURFACE_STYLE_TRANSPARENT(0.00);
#1282=SURFACE_STYLE_RENDERING_WITH_PROPERTIES(.NORMAL_SHADING.,#1277,(#1281));
#1283=SURFACE_SIDE_STYLE('',(#1280, #1282));
#1284=SURFACE_STYLE_USAGE(.BOTH.,#1283);
#1285=PRESENTATION_STYLE_ASSIGNMENT((#1284));
#1286=STYLED_ITEM('',(#1285),#1276);

#1288=CARTESIAN_POINT('',(-18.85000,-5.10000,0.00000));
#1290=CARTESIAN_POINT('',(-18.85000,-5.10000,18.85000));
#1292=CARTESIAN_POINT('',(-0.00000,-5.10000,18.85000));
#1287=(
BOUNDED_SURFACE()
B_SPLINE_SURFACE(2,1,((#1288,#465),(#1290,#464),(#1292,#460)),.UNSPECIFIED.,.F.,.F.,.F.)
B_SPLINE_SURFACE_WITH_KNOTS((3,3),(2,2),(0.000,1.000),(0.000,1.000),.UNSPECIFIED.)
GEOMETRIC_REPRESENTATION_ITEM()
RATIONAL_B_SPLINE_SURFACE(((1.0000000000,1.0000000000),(0.7071067812,0.7071067812),(1.0000000000,1.0000000000)))
REPRESENTATION_ITEM('')
SURFACE()
);

#1295=VERTEX_POINT('',#1288);
#1296=(
BOUNDED_CURVE()
B_SPLINE_CURVE(1,(#1288,#465),.UNSPECIFIED.,.F.,.F.)
B_SPLINE_CURVE_WITH_KNOTS((2,2),(0.000,1.000),.UNSPECIFIED.)
CURVE()
GEOMETRIC_REPRESENTATION_ITEM()
RATIONAL_B_SPLINE_CURVE((1.0000000000,1.0000000000))
REPRESENTATION_ITEM('')
);

#1301=EDGE_CURVE('',#1295,#467,#1296,.T.);
#1302=ORIENTED_EDGE('',*,*,#1301,.T.);
#1310=ORIENTED_EDGE('',*,*,#468,.F.);
#1311=(
BOUNDED_CURVE()
B_SPLINE_CURVE(1,(#460,#1292),.UNSPECIFIED.,.F.,.F.)
B_SPLINE_CURVE_WITH_KNOTS((2,2),(0.000,1.000),.UNSPECIFIED.)
CURVE()
GEOMETRIC_REPRESENTATION_ITEM()
RATIONAL_B_SPLINE_CURVE((1.0000000000,1.0000000000))
REPRESENTATION_ITEM('')
);

#1315=VERTEX_POINT('',#1292);
#1316=EDGE_CURVE('',#461,#1315,#1311,.T.);
#1317=ORIENTED_EDGE('',*,*,#1316,.T.);
#1318=(
BOUNDED_CURVE()
B_SPLINE_CURVE(2,(#1292,#1290,#1288),.UNSPECIFIED.,.F.,.F.)
B_SPLINE_CURVE_WITH_KNOTS((3,3),(0.000,1.000),.UNSPECIFIED.)
CURVE()
GEOMETRIC_REPRESENTATION_ITEM()
RATIONAL_B_SPLINE_CURVE((1.0000000000,0.7071067812,1.0000000000))
REPRESENTATION_ITEM('')
);

#1322=EDGE_CURVE('',#1315,#1295,#1318,.T.);
#1323=ORIENTED_EDGE('',*,*,#1322,.T.);
#1324=EDGE_LOOP('',(#1302,#1310,#1317,#1323));
#1325=FACE_OUTER_BOUND('',#1324,.T.);
#1326=CARTESIAN_POINT('',(-1.26568,-2.70000,18.80746));
#1327=VERTEX_POINT('',#1326);
#1330=CARTESIAN_POINT('',(-1.37817,-2.70000,18.79989));
#1331=CARTESIAN_POINT('',(-1.49217,-2.71962,18.79115));
#1332=CARTESIAN_POINT('',(-1.59810,-2.75720,18.78213));
#1328=(
BOUNDED_CURVE()
B_SPLINE_CURVE(3,(#1326,#1330,#1331,#1332),.UNSPECIFIED.,.F.,.F.)
B_SPLINE_CURVE_WITH_KNOTS((4,4),(0.000,1.000),.UNSPECIFIED.)
CURVE()
GEOMETRIC_REPRESENTATION_ITEM()
RATIONAL_B_SPLINE_CURVE((1.0000000000,1.0000000000,1.0000000000,1.0000000000))
REPRESENTATION_ITEM('')
);

#1334=VERTEX_POINT('',#1332);
#1335=EDGE_CURVE('',#1327,#1334,#1328,.T.);
#1336=ORIENTED_EDGE('',*,*,#1335,.T.);
#1339=CARTESIAN_POINT('',(-1.95974,-2.88552,18.75136));
#1340=CARTESIAN_POINT('',(-2.26164,-3.31503,18.71383));
#1341=CARTESIAN_POINT('',(-2.26164,-3.70000,18.71383));
#1337=(
BOUNDED_CURVE()
B_SPLINE_CURVE(3,(#1332,#1339,#1340,#1341),.UNSPECIFIED.,.F.,.F.)
B_SPLINE_CURVE_WITH_KNOTS((4,4),(0.000,1.000),.UNSPECIFIED.)
CURVE()
GEOMETRIC_REPRESENTATION_ITEM()
RATIONAL_B_SPLINE_CURVE((1.0000000000,1.0000000000,1.0000000000,1.0000000000))
REPRESENTATION_ITEM('')
);

#1343=VERTEX_POINT('',#1341);
#1344=EDGE_CURVE('',#1334,#1343,#1337,.T.);
#1345=ORIENTED_EDGE('',*,*,#1344,.T.);
#1348=CARTESIAN_POINT('',(-2.26164,-3.81275,18.71383));
#1349=CARTESIAN_POINT('',(-2.24213,-3.92708,18.71622));
#1350=CARTESIAN_POINT('',(-2.20476,-4.03337,18.72062));
#1346=(
BOUNDED_CURVE()
B_SPLINE_CURVE(3,(#1341,#1348,#1349,#1350),.UNSPECIFIED.,.F.,.F.)
B_SPLINE_CURVE_WITH_KNOTS((4,4),(0.000,1.000),.UNSPECIFIED.)
CURVE()
GEOMETRIC_REPRESENTATION_ITEM()
RATIONAL_B_SPLINE_CURVE((1.0000000000,1.0000000000,1.0000000000,1.0000000000))
REPRESENTATION_ITEM('')
);

#1352=VERTEX_POINT('',#1350);
#1353=EDGE_CURVE('',#1343,#1352,#1346,.T.);
#1354=ORIENTED_EDGE('',*,*,#1353,.T.);
#1357=CARTESIAN_POINT('',(-2.07716,-4.39627,18.73565));
#1358=CARTESIAN_POINT('',(-1.64978,-4.70000,18.78161));
#1359=CARTESIAN_POINT('',(-1.26568,-4.70000,18.80746));
#1355=(
BOUNDED_CURVE()
B_SPLINE_CURVE(3,(#1350,#1357,#1358,#1359),.UNSPECIFIED.,.F.,.F.)
B_SPLINE_CURVE_WITH_KNOTS((4,4),(0.000,1.000),.UNSPECIFIED.)
CURVE()
GEOMETRIC_REPRESENTATION_ITEM()
RATIONAL_B_SPLINE_CURVE((1.0000000000,1.0000000000,1.0000000000,1.0000000000))
REPRESENTATION_ITEM('')
);

#1361=VERTEX_POINT('',#1359);
#1362=EDGE_CURVE('',#1352,#1361,#1355,.T.);
#1363=ORIENTED_EDGE('',*,*,#1362,.T.);
#1366=CARTESIAN_POINT('',(-1.15318,-4.70000,18.81503));
#1367=CARTESIAN_POINT('',(-1.03903,-4.68038,18.82164));
#1368=CARTESIAN_POINT('',(-0.93286,-4.64280,18.82690));
#1364=(
BOUNDED_CURVE()
B_SPLINE_CURVE(3,(#1359,#1366,#1367,#1368),.UNSPECIFIED.,.F.,.F.)
B_SPLINE_CURVE_WITH_KNOTS((4,4),(0.000,1.000),.UNSPECIFIED.)
CURVE()
GEOMETRIC_REPRESENTATION_ITEM()
RATIONAL_B_SPLINE_CURVE((1.0000000000,1.0000000000,1.0000000000,1.0000000000))
REPRESENTATION_ITEM('')
);

#1370=VERTEX_POINT('',#1368);
#1371=EDGE_CURVE('',#1361,#1370,#1364,.T.);
#1372=ORIENTED_EDGE('',*,*,#1371,.T.);
#1375=CARTESIAN_POINT('',(-0.57035,-4.51448,18.84486));
#1376=CARTESIAN_POINT('',(-0.26615,-4.08497,18.84812));
#1377=CARTESIAN_POINT('',(-0.26615,-3.70000,18.84812));
#1373=(
BOUNDED_CURVE()
B_SPLINE_CURVE(3,(#1368,#1375,#1376,#1377),.UNSPECIFIED.,.F.,.F.)
B_SPLINE_CURVE_WITH_KNOTS((4,4),(0.000,1.000),.UNSPECIFIED.)
CURVE()
GEOMETRIC_REPRESENTATION_ITEM()
RATIONAL_B_SPLINE_CURVE((1.0000000000,1.0000000000,1.0000000000,1.0000000000))
REPRESENTATION_ITEM('')
);

#1379=VERTEX_POINT('',#1377);
#1380=EDGE_CURVE('',#1370,#1379,#1373,.T.);
#1381=ORIENTED_EDGE('',*,*,#1380,.T.);
#1384=CARTESIAN_POINT('',(-0.26615,-3.58725,18.84812));
#1385=CARTESIAN_POINT('',(-0.28580,-3.47292,18.84787));
#1386=CARTESIAN_POINT('',(-0.32342,-3.36663,18.84723));
#1382=(
BOUNDED_CURVE()
B_SPLINE_CURVE(3,(#1377,#1384,#1385,#1386),.UNSPECIFIED.,.F.,.F.)
B_SPLINE_CURVE_WITH_KNOTS((4,4),(0.000,1.000),.UNSPECIFIED.)
CURVE()
GEOMETRIC_REPRESENTATION_ITEM()
RATIONAL_B_SPLINE_CURVE((1.0000000000,1.0000000000,1.0000000000,1.0000000000))
REPRESENTATION_ITEM('')
);

#1388=VERTEX_POINT('',#1386);
#1389=EDGE_CURVE('',#1379,#1388,#1382,.T.);
#1390=ORIENTED_EDGE('',*,*,#1389,.T.);
#1393=CARTESIAN_POINT('',(-0.45188,-3.00373,18.84502));
#1394=CARTESIAN_POINT('',(-0.88157,-2.70000,18.83331));
#1391=(
BOUNDED_CURVE()
B_SPLINE_CURVE(3,(#1386,#1393,#1394,#1326),.UNSPECIFIED.,.F.,.F.)
B_SPLINE_CURVE_WITH_KNOTS((4,4),(0.000,1.000),.UNSPECIFIED.)
CURVE()
GEOMETRIC_REPRESENTATION_ITEM()
RATIONAL_B_SPLINE_CURVE((1.0000000000,1.0000000000,1.0000000000,1.0000000000))
REPRESENTATION_ITEM('')
);

#1396=EDGE_CURVE('',#1388,#1327,#1391,.T.);
#1397=ORIENTED_EDGE('',*,*,#1396,.T.);
#1398=EDGE_LOOP('',(#1336,#1345,#1354,#1363,#1372,#1381,#1390,#1397));
#1399=FACE_BOUND('',#1398,.T.);
#1400=CARTESIAN_POINT('',(-7.02807,-3.70000,17.49082));
#1401=VERTEX_POINT('',#1400);
#1404=CARTESIAN_POINT('',(-7.02807,-3.81275,17.49082));
#1405=CARTESIAN_POINT('',(-7.00985,-3.92708,17.49817));
#1406=CARTESIAN_POINT('',(-6.97489,-4.03337,17.51209));
#1402=(
BOUNDED_CURVE()
B_SPLINE_CURVE(3,(#1400,#1404,#1405,#1406),.UNSPECIFIED.,.F.,.F.)
B_SPLINE_CURVE_WITH_KNOTS((4,4),(0.000,1.000),.UNSPECIFIED.)
CURVE()
GEOMETRIC_REPRESENTATION_ITEM()
RATIONAL_B_SPLINE_CURVE((1.0000000000,1.0000000000,1.0000000000,1.0000000000))
REPRESENTATION_ITEM('')
);

#1408=VERTEX_POINT('',#1406);
#1409=EDGE_CURVE('',#1401,#1408,#1402,.T.);
#1410=ORIENTED_EDGE('',*,*,#1409,.T.);
#1413=CARTESIAN_POINT('',(-6.85553,-4.39627,17.55963));
#1414=CARTESIAN_POINT('',(-6.45460,-4.70000,17.71465));
#1415=CARTESIAN_POINT('',(-6.09028,-4.70000,17.83903));
#1411=(
BOUNDED_CURVE()
B_SPLINE_CURVE(3,(#1406,#1413,#1414,#1415),.UNSPECIFIED.,.F.,.F.)
B_SPLINE_CURVE_WITH_KNOTS((4,4),(0.000,1.000),.UNSPECIFIED.)
CURVE()
GEOMETRIC_REPRESENTATION_ITEM()
RATIONAL_B_SPLINE_CURVE((1.0000000000,1.0000000000,1.0000000000,1.0000000000))
REPRESENTATION_ITEM('')
);

#1417=VERTEX_POINT('',#1415);
#1418=EDGE_CURVE('',#1408,#1417,#1411,.T.);
#1419=ORIENTED_EDGE('',*,*,#1418,.T.);
#1422=CARTESIAN_POINT('',(-5.98357,-4.70000,17.87546));
#1423=CARTESIAN_POINT('',(-5.87503,-4.68038,17.91139));
#1424=CARTESIAN_POINT('',(-5.77384,-4.64280,17.94395));
#1420=(
BOUNDED_CURVE()
B_SPLINE_CURVE(3,(#1415,#1422,#1423,#1424),.UNSPECIFIED.,.F.,.F.)
B_SPLINE_CURVE_WITH_KNOTS((4,4),(0.000,1.000),.UNSPECIFIED.)
CURVE()
GEOMETRIC_REPRESENTATION_ITEM()
RATIONAL_B_SPLINE_CURVE((1.0000000000,1.0000000000,1.0000000000,1.0000000000))
REPRESENTATION_ITEM('')
);

#1426=VERTEX_POINT('',#1424);
#1427=EDGE_CURVE('',#1417,#1426,#1420,.T.);
#1428=ORIENTED_EDGE('',*,*,#1427,.T.);
#1431=CARTESIAN_POINT('',(-5.42833,-4.51448,18.05512));
#1432=CARTESIAN_POINT('',(-5.13533,-4.08497,18.13700));
#1433=CARTESIAN_POINT('',(-5.13533,-3.70000,18.13700));
#1429=(
BOUNDED_CURVE()
B_SPLINE_CURVE(3,(#1424,#1431,#1432,#1433),.UNSPECIFIED.,.F.,.F.)
B_SPLINE_CURVE_WITH_KNOTS((4,4),(0.000,1.000),.UNSPECIFIED.)
CURVE()
GEOMETRIC_REPRESENTATION_ITEM()
RATIONAL_B_SPLINE_CURVE((1.0000000000,1.0000000000,1.0000000000,1.0000000000))
REPRESENTATION_ITEM('')
);

#1435=VERTEX_POINT('',#1433);
#1436=EDGE_CURVE('',#1426,#1435,#1429,.T.);
#1437=ORIENTED_EDGE('',*,*,#1436,.T.);
#1440=CARTESIAN_POINT('',(-5.13533,-3.58725,18.13700));
#1441=CARTESIAN_POINT('',(-5.15425,-3.47292,18.13167));
#1442=CARTESIAN_POINT('',(-5.19042,-3.36663,18.12131));
#1438=(
BOUNDED_CURVE()
B_SPLINE_CURVE(3,(#1433,#1440,#1441,#1442),.UNSPECIFIED.,.F.,.F.)
B_SPLINE_CURVE_WITH_KNOTS((4,4),(0.000,1.000),.UNSPECIFIED.)
CURVE()
GEOMETRIC_REPRESENTATION_ITEM()
RATIONAL_B_SPLINE_CURVE((1.0000000000,1.0000000000,1.0000000000,1.0000000000))
REPRESENTATION_ITEM('')
);

#1444=VERTEX_POINT('',#1442);
#1445=EDGE_CURVE('',#1435,#1444,#1438,.T.);
#1446=ORIENTED_EDGE('',*,*,#1445,.T.);
#1449=CARTESIAN_POINT('',(-5.31394,-3.00373,18.08594));
#1450=CARTESIAN_POINT('',(-5.72595,-2.70000,17.96341));
#1451=CARTESIAN_POINT('',(-6.09028,-2.70000,17.83903));
#1447=(
BOUNDED_CURVE()
B_SPLINE_CURVE(3,(#1442,#1449,#1450,#1451),.UNSPECIFIED.,.F.,.F.)
B_SPLINE_CURVE_WITH_KNOTS((4,4),(0.000,1.000),.UNSPECIFIED.)
CURVE()
GEOMETRIC_REPRESENTATION_ITEM()
RATIONAL_B_SPLINE_CURVE((1.0000000000,1.0000000000,1.0000000000,1.0000000000))
REPRESENTATION_ITEM('')
);

#1453=VERTEX_POINT('',#1451);
#1454=EDGE_CURVE('',#1444,#1453,#1447,.T.);
#1455=ORIENTED_EDGE('',*,*,#1454,.T.);
#1458=CARTESIAN_POINT('',(-6.19698,-2.70000,17.80260));
#1459=CARTESIAN_POINT('',(-6.30484,-2.71962,17.76465));
#1460=CARTESIAN_POINT('',(-6.40482,-2.75720,17.72853));
#1456=(
BOUNDED_CURVE()
B_SPLINE_CURVE(3,(#1451,#1458,#1459,#1460),.UNSPECIFIED.,.F.,.F.)
B_SPLINE_CURVE_WITH_KNOTS((4,4),(0.000,1.000),.UNSPECIFIED.)
CURVE()
GEOMETRIC_REPRESENTATION_ITEM()
RATIONAL_B_SPLINE_CURVE((1.0000000000,1.0000000000,1.0000000000,1.0000000000))
REPRESENTATION_ITEM('')
);

#1462=VERTEX_POINT('',#1460);
#1463=EDGE_CURVE('',#1453,#1462,#1456,.T.);
#1464=ORIENTED_EDGE('',*,*,#1463,.T.);
#1467=CARTESIAN_POINT('',(-6.74618,-2.88552,17.60521));
#1468=CARTESIAN_POINT('',(-7.02807,-3.31503,17.49082));
#1465=(
BOUNDED_CURVE()
B_SPLINE_CURVE(3,(#1460,#1467,#1468,#1400),.UNSPECIFIED.,.F.,.F.)
B_SPLINE_CURVE_WITH_KNOTS((4,4),(0.000,1.000),.UNSPECIFIED.)
CURVE()
GEOMETRIC_REPRESENTATION_ITEM()
RATIONAL_B_SPLINE_CURVE((1.0000000000,1.0000000000,1.0000000000,1.0000000000))
REPRESENTATION_ITEM('')
);

#1470=EDGE_CURVE('',#1462,#1401,#1465,.T.);
#1471=ORIENTED_EDGE('',*,*,#1470,.T.);
#1472=EDGE_LOOP('',(#1410,#1419,#1428,#1437,#1446,#1455,#1464,#1471));
#1473=FACE_BOUND('',#1472,.T.);
#1474=CARTESIAN_POINT('',(-10.49984,-4.70000,15.65490));
#1475=VERTEX_POINT('',#1474);
#1478=CARTESIAN_POINT('',(-10.40620,-4.70000,15.71771));
#1479=CARTESIAN_POINT('',(-10.31065,-4.68038,15.78050));
#1480=CARTESIAN_POINT('',(-10.22133,-4.64280,15.83815));
#1476=(
BOUNDED_CURVE()
B_SPLINE_CURVE(3,(#1474,#1478,#1479,#1480),.UNSPECIFIED.,.F.,.F.)
B_SPLINE_CURVE_WITH_KNOTS((4,4),(0.000,1.000),.UNSPECIFIED.)
CURVE()
GEOMETRIC_REPRESENTATION_ITEM()
RATIONAL_B_SPLINE_CURVE((1.0000000000,1.0000000000,1.0000000000,1.0000000000))
REPRESENTATION_ITEM('')
);

#1482=VERTEX_POINT('',#1480);
#1483=EDGE_CURVE('',#1475,#1482,#1476,.T.);
#1484=ORIENTED_EDGE('',*,*,#1483,.T.);
#1487=CARTESIAN_POINT('',(-9.91637,-4.51448,16.03496));
#1488=CARTESIAN_POINT('',(-9.65455,-4.08497,16.18988));
#1489=CARTESIAN_POINT('',(-9.65455,-3.70000,16.18988));
#1485=(
BOUNDED_CURVE()
B_SPLINE_CURVE(3,(#1480,#1487,#1488,#1489),.UNSPECIFIED.,.F.,.F.)
B_SPLINE_CURVE_WITH_KNOTS((4,4),(0.000,1.000),.UNSPECIFIED.)
CURVE()
GEOMETRIC_REPRESENTATION_ITEM()
RATIONAL_B_SPLINE_CURVE((1.0000000000,1.0000000000,1.0000000000,1.0000000000))
REPRESENTATION_ITEM('')
);

#1491=VERTEX_POINT('',#1489);
#1492=EDGE_CURVE('',#1482,#1491,#1485,.T.);
#1493=ORIENTED_EDGE('',*,*,#1492,.T.);
#1496=CARTESIAN_POINT('',(-9.65455,-3.58725,16.18988));
#1497=CARTESIAN_POINT('',(-9.67144,-3.47292,16.17984));
#1498=CARTESIAN_POINT('',(-9.70371,-3.36663,16.16046));
#1494=(
BOUNDED_CURVE()
B_SPLINE_CURVE(3,(#1489,#1496,#1497,#1498),.UNSPECIFIED.,.F.,.F.)
B_SPLINE_CURVE_WITH_KNOTS((4,4),(0.000,1.000),.UNSPECIFIED.)
CURVE()
GEOMETRIC_REPRESENTATION_ITEM()
RATIONAL_B_SPLINE_CURVE((1.0000000000,1.0000000000,1.0000000000,1.0000000000))
REPRESENTATION_ITEM('')
);

#1500=VERTEX_POINT('',#1498);
#1501=EDGE_CURVE('',#1491,#1500,#1494,.T.);
#1502=ORIENTED_EDGE('',*,*,#1501,.T.);
#1505=CARTESIAN_POINT('',(-9.81385,-3.00373,16.09432));
#1506=CARTESIAN_POINT('',(-10.18012,-2.70000,15.86934));
#1507=CARTESIAN_POINT('',(-10.49984,-2.70000,15.65490));
#1503=(
BOUNDED_CURVE()
B_SPLINE_CURVE(3,(#1498,#1505,#1506,#1507),.UNSPECIFIED.,.F.,.F.)
B_SPLINE_CURVE_WITH_KNOTS((4,4),(0.000,1.000),.UNSPECIFIED.)
CURVE()
GEOMETRIC_REPRESENTATION_ITEM()
RATIONAL_B_SPLINE_CURVE((1.0000000000,1.0000000000,1.0000000000,1.0000000000))
REPRESENTATION_ITEM('')
);

#1509=VERTEX_POINT('',#1507);
#1510=EDGE_CURVE('',#1500,#1509,#1503,.T.);
#1511=ORIENTED_EDGE('',*,*,#1510,.T.);
#1514=CARTESIAN_POINT('',(-10.59348,-2.70000,15.59210));
#1515=CARTESIAN_POINT('',(-10.68783,-2.71962,15.52752));
#1516=CARTESIAN_POINT('',(-10.77506,-2.75720,15.46676));
#1512=(
BOUNDED_CURVE()
B_SPLINE_CURVE(3,(#1507,#1514,#1515,#1516),.UNSPECIFIED.,.F.,.F.)
B_SPLINE_CURVE_WITH_KNOTS((4,4),(0.000,1.000),.UNSPECIFIED.)
CURVE()
GEOMETRIC_REPRESENTATION_ITEM()
RATIONAL_B_SPLINE_CURVE((1.0000000000,1.0000000000,1.0000000000,1.0000000000))
REPRESENTATION_ITEM('')
);

#1518=VERTEX_POINT('',#1516);
#1519=EDGE_CURVE('',#1509,#1518,#1512,.T.);
#1520=ORIENTED_EDGE('',*,*,#1519,.T.);
#1523=CARTESIAN_POINT('',(-11.07287,-2.88552,15.25929));
#1524=CARTESIAN_POINT('',(-11.31555,-3.31503,15.07584));
#1525=CARTESIAN_POINT('',(-11.31555,-3.70000,15.07584));
#1521=(
BOUNDED_CURVE()
B_SPLINE_CURVE(3,(#1516,#1523,#1524,#1525),.UNSPECIFIED.,.F.,.F.)
B_SPLINE_CURVE_WITH_KNOTS((4,4),(0.000,1.000),.UNSPECIFIED.)
CURVE()
GEOMETRIC_REPRESENTATION_ITEM()
RATIONAL_B_SPLINE_CURVE((1.0000000000,1.0000000000,1.0000000000,1.0000000000))
REPRESENTATION_ITEM('')
);

#1527=VERTEX_POINT('',#1525);
#1528=EDGE_CURVE('',#1518,#1527,#1521,.T.);
#1529=ORIENTED_EDGE('',*,*,#1528,.T.);
#1532=CARTESIAN_POINT('',(-11.31555,-3.81275,15.07584));
#1533=CARTESIAN_POINT('',(-11.29985,-3.92708,15.08765));
#1534=CARTESIAN_POINT('',(-11.26969,-4.03337,15.11015));
#1530=(
BOUNDED_CURVE()
B_SPLINE_CURVE(3,(#1525,#1532,#1533,#1534),.UNSPECIFIED.,.F.,.F.)
B_SPLINE_CURVE_WITH_KNOTS((4,4),(0.000,1.000),.UNSPECIFIED.)
CURVE()
GEOMETRIC_REPRESENTATION_ITEM()
RATIONAL_B_SPLINE_CURVE((1.0000000000,1.0000000000,1.0000000000,1.0000000000))
REPRESENTATION_ITEM('')
);

#1536=VERTEX_POINT('',#1534);
#1537=EDGE_CURVE('',#1527,#1536,#1530,.T.);
#1538=ORIENTED_EDGE('',*,*,#1537,.T.);
#1541=CARTESIAN_POINT('',(-11.16670,-4.39627,15.18696));
#1542=CARTESIAN_POINT('',(-10.81955,-4.70000,15.44046));
#1539=(
BOUNDED_CURVE()
B_SPLINE_CURVE(3,(#1534,#1541,#1542,#1474),.UNSPECIFIED.,.F.,.F.)
B_SPLINE_CURVE_WITH_KNOTS((4,4),(0.000,1.000),.UNSPECIFIED.)
CURVE()
GEOMETRIC_REPRESENTATION_ITEM()
RATIONAL_B_SPLINE_CURVE((1.0000000000,1.0000000000,1.0000000000,1.0000000000))
REPRESENTATION_ITEM('')
);

#1544=EDGE_CURVE('',#1536,#1475,#1539,.T.);
#1545=ORIENTED_EDGE('',*,*,#1544,.T.);
#1546=EDGE_LOOP('',(#1484,#1493,#1502,#1511,#1520,#1529,#1538,#1545));
#1547=FACE_BOUND('',#1546,.T.);
#1548=CARTESIAN_POINT('',(-13.51583,-3.70000,13.13944));
#1549=VERTEX_POINT('',#1548);
#1552=CARTESIAN_POINT('',(-13.51583,-3.58725,13.13944));
#1553=CARTESIAN_POINT('',(-13.52955,-3.47292,13.12537));
#1554=CARTESIAN_POINT('',(-13.55570,-3.36663,13.09831));
#1550=(
BOUNDED_CURVE()
B_SPLINE_CURVE(3,(#1548,#1552,#1553,#1554),.UNSPECIFIED.,.F.,.F.)
B_SPLINE_CURVE_WITH_KNOTS((4,4),(0.000,1.000),.UNSPECIFIED.)
CURVE()
GEOMETRIC_REPRESENTATION_ITEM()
RATIONAL_B_SPLINE_CURVE((1.0000000000,1.0000000000,1.0000000000,1.0000000000))
REPRESENTATION_ITEM('')
);

#1556=VERTEX_POINT('',#1554);
#1557=EDGE_CURVE('',#1549,#1556,#1550,.T.);
#1558=ORIENTED_EDGE('',*,*,#1557,.T.);
#1561=CARTESIAN_POINT('',(-13.64497,-3.00373,13.00591));
#1562=CARTESIAN_POINT('',(-13.94053,-2.70000,12.69379));
#1563=CARTESIAN_POINT('',(-14.19385,-2.70000,12.40391));
#1559=(
BOUNDED_CURVE()
B_SPLINE_CURVE(3,(#1554,#1561,#1562,#1563),.UNSPECIFIED.,.F.,.F.)
B_SPLINE_CURVE_WITH_KNOTS((4,4),(0.000,1.000),.UNSPECIFIED.)
CURVE()
GEOMETRIC_REPRESENTATION_ITEM()
RATIONAL_B_SPLINE_CURVE((1.0000000000,1.0000000000,1.0000000000,1.0000000000))
REPRESENTATION_ITEM('')
);

#1565=VERTEX_POINT('',#1563);
#1566=EDGE_CURVE('',#1556,#1565,#1559,.T.);
#1567=ORIENTED_EDGE('',*,*,#1566,.T.);
#1570=CARTESIAN_POINT('',(-14.26805,-2.70000,12.31901));
#1571=CARTESIAN_POINT('',(-14.34247,-2.71962,12.23222));
#1572=CARTESIAN_POINT('',(-14.41100,-2.75720,12.15095));
#1568=(
BOUNDED_CURVE()
B_SPLINE_CURVE(3,(#1563,#1570,#1571,#1572),.UNSPECIFIED.,.F.,.F.)
B_SPLINE_CURVE_WITH_KNOTS((4,4),(0.000,1.000),.UNSPECIFIED.)
CURVE()
GEOMETRIC_REPRESENTATION_ITEM()
RATIONAL_B_SPLINE_CURVE((1.0000000000,1.0000000000,1.0000000000,1.0000000000))
REPRESENTATION_ITEM('')
);

#1574=VERTEX_POINT('',#1572);
#1575=EDGE_CURVE('',#1565,#1574,#1568,.T.);
#1576=ORIENTED_EDGE('',*,*,#1575,.T.);
#1579=CARTESIAN_POINT('',(-14.64496,-2.88552,11.87347));
#1580=CARTESIAN_POINT('',(-14.83190,-3.31503,11.63346));
#1581=CARTESIAN_POINT('',(-14.83190,-3.70000,11.63346));
#1577=(
BOUNDED_CURVE()
B_SPLINE_CURVE(3,(#1572,#1579,#1580,#1581),.UNSPECIFIED.,.F.,.F.)
B_SPLINE_CURVE_WITH_KNOTS((4,4),(0.000,1.000),.UNSPECIFIED.)
CURVE()
GEOMETRIC_REPRESENTATION_ITEM()
RATIONAL_B_SPLINE_CURVE((1.0000000000,1.0000000000,1.0000000000,1.0000000000))
REPRESENTATION_ITEM('')
);

#1583=VERTEX_POINT('',#1581);
#1584=EDGE_CURVE('',#1574,#1583,#1577,.T.);
#1585=ORIENTED_EDGE('',*,*,#1584,.T.);
#1588=CARTESIAN_POINT('',(-14.83190,-3.81275,11.63346));
#1589=CARTESIAN_POINT('',(-14.81979,-3.92708,11.64894));
#1590=CARTESIAN_POINT('',(-14.79648,-4.03337,11.67847));
#1586=(
BOUNDED_CURVE()
B_SPLINE_CURVE(3,(#1581,#1588,#1589,#1590),.UNSPECIFIED.,.F.,.F.)
B_SPLINE_CURVE_WITH_KNOTS((4,4),(0.000,1.000),.UNSPECIFIED.)
CURVE()
GEOMETRIC_REPRESENTATION_ITEM()
RATIONAL_B_SPLINE_CURVE((1.0000000000,1.0000000000,1.0000000000,1.0000000000))
REPRESENTATION_ITEM('')
);

#1592=VERTEX_POINT('',#1590);
#1593=EDGE_CURVE('',#1583,#1592,#1586,.T.);
#1594=ORIENTED_EDGE('',*,*,#1593,.T.);
#1597=CARTESIAN_POINT('',(-14.71688,-4.39627,11.77933));
#1598=CARTESIAN_POINT('',(-14.44717,-4.70000,12.11404));
#1599=CARTESIAN_POINT('',(-14.19385,-4.70000,12.40391));
#1595=(
BOUNDED_CURVE()
B_SPLINE_CURVE(3,(#1590,#1597,#1598,#1599),.UNSPECIFIED.,.F.,.F.)
B_SPLINE_CURVE_WITH_KNOTS((4,4),(0.000,1.000),.UNSPECIFIED.)
CURVE()
GEOMETRIC_REPRESENTATION_ITEM()
RATIONAL_B_SPLINE_CURVE((1.0000000000,1.0000000000,1.0000000000,1.0000000000))
REPRESENTATION_ITEM('')
);

#1601=VERTEX_POINT('',#1599);
#1602=EDGE_CURVE('',#1592,#1601,#1595,.T.);
#1603=ORIENTED_EDGE('',*,*,#1602,.T.);
#1606=CARTESIAN_POINT('',(-14.11966,-4.70000,12.48882));
#1607=CARTESIAN_POINT('',(-14.04362,-4.68038,12.57420));
#1608=CARTESIAN_POINT('',(-13.97226,-4.64280,12.65300));
#1604=(
BOUNDED_CURVE()
B_SPLINE_CURVE(3,(#1599,#1606,#1607,#1608),.UNSPECIFIED.,.F.,.F.)
B_SPLINE_CURVE_WITH_KNOTS((4,4),(0.000,1.000),.UNSPECIFIED.)
CURVE()
GEOMETRIC_REPRESENTATION_ITEM()
RATIONAL_B_SPLINE_CURVE((1.0000000000,1.0000000000,1.0000000000,1.0000000000))
REPRESENTATION_ITEM('')
);

#1610=VERTEX_POINT('',#1608);
#1611=EDGE_CURVE('',#1601,#1610,#1604,.T.);
#1612=ORIENTED_EDGE('',*,*,#1611,.T.);
#1615=CARTESIAN_POINT('',(-13.72863,-4.51448,12.92203));
#1616=CARTESIAN_POINT('',(-13.51583,-4.08497,13.13944));
#1613=(
BOUNDED_CURVE()
B_SPLINE_CURVE(3,(#1608,#1615,#1616,#1548),.UNSPECIFIED.,.F.,.F.)
B_SPLINE_CURVE_WITH_KNOTS((4,4),(0.000,1.000),.UNSPECIFIED.)
CURVE()
GEOMETRIC_REPRESENTATION_ITEM()
RATIONAL_B_SPLINE_CURVE((1.0000000000,1.0000000000,1.0000000000,1.0000000000))
REPRESENTATION_ITEM('')
);

#1618=EDGE_CURVE('',#1610,#1549,#1613,.T.);
#1619=ORIENTED_EDGE('',*,*,#1618,.T.);
#1620=EDGE_LOOP('',(#1558,#1567,#1576,#1585,#1594,#1603,#1612,#1619));
#1621=FACE_BOUND('',#1620,.T.);
#1622=CARTESIAN_POINT('',(-16.92058,-2.70000,8.30762));
#1623=VERTEX_POINT('',#1622);
#1626=CARTESIAN_POINT('',(-16.97027,-2.70000,8.20641));
#1627=CARTESIAN_POINT('',(-17.01970,-2.71962,8.10331));
#1628=CARTESIAN_POINT('',(-17.06485,-2.75720,8.00708));
#1624=(
BOUNDED_CURVE()
B_SPLINE_CURVE(3,(#1622,#1626,#1627,#1628),.UNSPECIFIED.,.F.,.F.)
B_SPLINE_CURVE_WITH_KNOTS((4,4),(0.000,1.000),.UNSPECIFIED.)
CURVE()
GEOMETRIC_REPRESENTATION_ITEM()
RATIONAL_B_SPLINE_CURVE((1.0000000000,1.0000000000,1.0000000000,1.0000000000))
REPRESENTATION_ITEM('')
);

#1630=VERTEX_POINT('',#1628);
#1631=EDGE_CURVE('',#1623,#1630,#1624,.T.);
#1632=ORIENTED_EDGE('',*,*,#1631,.T.);
#1635=CARTESIAN_POINT('',(-17.21903,-2.88552,7.67849));
#1636=CARTESIAN_POINT('',(-17.33747,-3.31503,7.39828));
#1637=CARTESIAN_POINT('',(-17.33747,-3.70000,7.39828));
#1633=(
BOUNDED_CURVE()
B_SPLINE_CURVE(3,(#1628,#1635,#1636,#1637),.UNSPECIFIED.,.F.,.F.)
B_SPLINE_CURVE_WITH_KNOTS((4,4),(0.000,1.000),.UNSPECIFIED.)
CURVE()
GEOMETRIC_REPRESENTATION_ITEM()
RATIONAL_B_SPLINE_CURVE((1.0000000000,1.0000000000,1.0000000000,1.0000000000))
REPRESENTATION_ITEM('')
);

#1639=VERTEX_POINT('',#1637);
#1640=EDGE_CURVE('',#1630,#1639,#1633,.T.);
#1641=ORIENTED_EDGE('',*,*,#1640,.T.);
#1644=CARTESIAN_POINT('',(-17.33747,-3.81275,7.39828));
#1645=CARTESIAN_POINT('',(-17.32978,-3.92708,7.41636));
#1646=CARTESIAN_POINT('',(-17.31491,-4.03337,7.45093));
#1642=(
BOUNDED_CURVE()
B_SPLINE_CURVE(3,(#1637,#1644,#1645,#1646),.UNSPECIFIED.,.F.,.F.)
B_SPLINE_CURVE_WITH_KNOTS((4,4),(0.000,1.000),.UNSPECIFIED.)
CURVE()
GEOMETRIC_REPRESENTATION_ITEM()
RATIONAL_B_SPLINE_CURVE((1.0000000000,1.0000000000,1.0000000000,1.0000000000))
REPRESENTATION_ITEM('')
);

#1648=VERTEX_POINT('',#1646);
#1649=EDGE_CURVE('',#1639,#1648,#1642,.T.);
#1650=ORIENTED_EDGE('',*,*,#1649,.T.);
#1653=CARTESIAN_POINT('',(-17.26413,-4.39627,7.56895));
#1654=CARTESIAN_POINT('',(-17.09024,-4.70000,7.96206));
#1655=CARTESIAN_POINT('',(-16.92058,-4.70000,8.30762));
#1651=(
BOUNDED_CURVE()
B_SPLINE_CURVE(3,(#1646,#1653,#1654,#1655),.UNSPECIFIED.,.F.,.F.)
B_SPLINE_CURVE_WITH_KNOTS((4,4),(0.000,1.000),.UNSPECIFIED.)
CURVE()
GEOMETRIC_REPRESENTATION_ITEM()
RATIONAL_B_SPLINE_CURVE((1.0000000000,1.0000000000,1.0000000000,1.0000000000))
REPRESENTATION_ITEM('')
);

#1657=VERTEX_POINT('',#1655);
#1658=EDGE_CURVE('',#1648,#1657,#1651,.T.);
#1659=ORIENTED_EDGE('',*,*,#1658,.T.);
#1662=CARTESIAN_POINT('',(-16.87088,-4.70000,8.40883));
#1663=CARTESIAN_POINT('',(-16.81954,-4.68038,8.51099));
#1664=CARTESIAN_POINT('',(-16.77101,-4.64280,8.60557));
#1660=(
BOUNDED_CURVE()
B_SPLINE_CURVE(3,(#1655,#1662,#1663,#1664),.UNSPECIFIED.,.F.,.F.)
B_SPLINE_CURVE_WITH_KNOTS((4,4),(0.000,1.000),.UNSPECIFIED.)
CURVE()
GEOMETRIC_REPRESENTATION_ITEM()
RATIONAL_B_SPLINE_CURVE((1.0000000000,1.0000000000,1.0000000000,1.0000000000))
REPRESENTATION_ITEM('')
);

#1666=VERTEX_POINT('',#1664);
#1667=EDGE_CURVE('',#1657,#1666,#1660,.T.);
#1668=ORIENTED_EDGE('',*,*,#1667,.T.);
#1671=CARTESIAN_POINT('',(-16.60531,-4.51448,8.92849));
#1672=CARTESIAN_POINT('',(-16.45603,-4.08497,9.19357));
#1673=CARTESIAN_POINT('',(-16.45603,-3.70000,9.19357));
#1669=(
BOUNDED_CURVE()
B_SPLINE_CURVE(3,(#1664,#1671,#1672,#1673),.UNSPECIFIED.,.F.,.F.)
B_SPLINE_CURVE_WITH_KNOTS((4,4),(0.000,1.000),.UNSPECIFIED.)
CURVE()
GEOMETRIC_REPRESENTATION_ITEM()
RATIONAL_B_SPLINE_CURVE((1.0000000000,1.0000000000,1.0000000000,1.0000000000))
REPRESENTATION_ITEM('')
);

#1675=VERTEX_POINT('',#1673);
#1676=EDGE_CURVE('',#1666,#1675,#1669,.T.);
#1677=ORIENTED_EDGE('',*,*,#1676,.T.);
#1680=CARTESIAN_POINT('',(-16.45603,-3.58725,9.19357));
#1681=CARTESIAN_POINT('',(-16.46563,-3.47292,9.17643));
#1682=CARTESIAN_POINT('',(-16.48389,-3.36663,9.14352));
#1678=(
BOUNDED_CURVE()
B_SPLINE_CURVE(3,(#1673,#1680,#1681,#1682),.UNSPECIFIED.,.F.,.F.)
B_SPLINE_CURVE_WITH_KNOTS((4,4),(0.000,1.000),.UNSPECIFIED.)
CURVE()
GEOMETRIC_REPRESENTATION_ITEM()
RATIONAL_B_SPLINE_CURVE((1.0000000000,1.0000000000,1.0000000000,1.0000000000))
REPRESENTATION_ITEM('')
);

#1684=VERTEX_POINT('',#1682);
#1685=EDGE_CURVE('',#1675,#1684,#1678,.T.);
#1686=ORIENTED_EDGE('',*,*,#1685,.T.);
#1689=CARTESIAN_POINT('',(-16.54621,-3.00373,9.03117));
#1690=CARTESIAN_POINT('',(-16.75091,-2.70000,8.65319));
#1687=(
BOUNDED_CURVE()
B_SPLINE_CURVE(3,(#1682,#1689,#1690,#1622),.UNSPECIFIED.,.F.,.F.)
B_SPLINE_CURVE_WITH_KNOTS((4,4),(0.000,1.000),.UNSPECIFIED.)
CURVE()
GEOMETRIC_REPRESENTATION_ITEM()
RATIONAL_B_SPLINE_CURVE((1.0000000000,1.0000000000,1.0000000000,1.0000000000))
REPRESENTATION_ITEM('')
);

#1692=EDGE_CURVE('',#1684,#1623,#1687,.T.);
#1693=ORIENTED_EDGE('',*,*,#1692,.T.);
#1694=EDGE_LOOP('',(#1632,#1641,#1650,#1659,#1668,#1677,#1686,#1693));
#1695=FACE_BOUND('',#1694,.T.);
#1696=CARTESIAN_POINT('',(-18.66153,-3.70000,2.65892));
#1697=VERTEX_POINT('',#1696);
#1700=CARTESIAN_POINT('',(-18.66153,-4.08497,2.65892));
#1701=CARTESIAN_POINT('',(-18.61965,-4.51448,2.96024));
#1702=CARTESIAN_POINT('',(-18.55577,-4.64280,3.31753));
#1698=(
BOUNDED_CURVE()
B_SPLINE_CURVE(3,(#1696,#1700,#1701,#1702),.UNSPECIFIED.,.F.,.F.)
B_SPLINE_CURVE_WITH_KNOTS((4,4),(0.000,1.000),.UNSPECIFIED.)
CURVE()
GEOMETRIC_REPRESENTATION_ITEM()
RATIONAL_B_SPLINE_CURVE((1.0000000000,1.0000000000,1.0000000000,1.0000000000))
REPRESENTATION_ITEM('')
);

#1704=VERTEX_POINT('',#1702);
#1705=EDGE_CURVE('',#1697,#1704,#1698,.T.);
#1706=ORIENTED_EDGE('',*,*,#1705,.T.);
#1709=CARTESIAN_POINT('',(-18.53706,-4.68038,3.42218));
#1710=CARTESIAN_POINT('',(-18.51600,-4.70000,3.53456));
#1711=CARTESIAN_POINT('',(-18.49419,-4.70000,3.64518));
#1707=(
BOUNDED_CURVE()
B_SPLINE_CURVE(3,(#1702,#1709,#1710,#1711),.UNSPECIFIED.,.F.,.F.)
B_SPLINE_CURVE_WITH_KNOTS((4,4),(0.000,1.000),.UNSPECIFIED.)
CURVE()
GEOMETRIC_REPRESENTATION_ITEM()
RATIONAL_B_SPLINE_CURVE((1.0000000000,1.0000000000,1.0000000000,1.0000000000))
REPRESENTATION_ITEM('')
);

#1713=VERTEX_POINT('',#1711);
#1714=EDGE_CURVE('',#1704,#1713,#1707,.T.);
#1715=ORIENTED_EDGE('',*,*,#1714,.T.);
#1718=CARTESIAN_POINT('',(-18.41975,-4.70000,4.02288));
#1719=CARTESIAN_POINT('',(-18.31985,-4.39627,4.44096));
#1720=CARTESIAN_POINT('',(-18.28873,-4.03337,4.56562));
#1716=(
BOUNDED_CURVE()
B_SPLINE_CURVE(3,(#1711,#1718,#1719,#1720),.UNSPECIFIED.,.F.,.F.)
B_SPLINE_CURVE_WITH_KNOTS((4,4),(0.000,1.000),.UNSPECIFIED.)
CURVE()
GEOMETRIC_REPRESENTATION_ITEM()
RATIONAL_B_SPLINE_CURVE((1.0000000000,1.0000000000,1.0000000000,1.0000000000))
REPRESENTATION_ITEM('')
);

#1722=VERTEX_POINT('',#1720);
#1723=EDGE_CURVE('',#1713,#1722,#1716,.T.);
#1724=ORIENTED_EDGE('',*,*,#1723,.T.);
#1727=CARTESIAN_POINT('',(-18.27962,-3.92708,4.60213));
#1728=CARTESIAN_POINT('',(-18.27477,-3.81275,4.62117));
#1729=CARTESIAN_POINT('',(-18.27477,-3.70000,4.62117));
#1725=(
BOUNDED_CURVE()
B_SPLINE_CURVE(3,(#1720,#1727,#1728,#1729),.UNSPECIFIED.,.F.,.F.)
B_SPLINE_CURVE_WITH_KNOTS((4,4),(0.000,1.000),.UNSPECIFIED.)
CURVE()
GEOMETRIC_REPRESENTATION_ITEM()
RATIONAL_B_SPLINE_CURVE((1.0000000000,1.0000000000,1.0000000000,1.0000000000))
REPRESENTATION_ITEM('')
);

#1731=VERTEX_POINT('',#1729);
#1732=EDGE_CURVE('',#1722,#1731,#1725,.T.);
#1733=ORIENTED_EDGE('',*,*,#1732,.T.);
#1736=CARTESIAN_POINT('',(-18.27477,-3.31503,4.62117));
#1737=CARTESIAN_POINT('',(-18.35036,-2.88552,4.32649));
#1738=CARTESIAN_POINT('',(-18.42683,-2.75720,3.97169));
#1734=(
BOUNDED_CURVE()
B_SPLINE_CURVE(3,(#1729,#1736,#1737,#1738),.UNSPECIFIED.,.F.,.F.)
B_SPLINE_CURVE_WITH_KNOTS((4,4),(0.000,1.000),.UNSPECIFIED.)
CURVE()
GEOMETRIC_REPRESENTATION_ITEM()
RATIONAL_B_SPLINE_CURVE((1.0000000000,1.0000000000,1.0000000000,1.0000000000))
REPRESENTATION_ITEM('')
);

#1740=VERTEX_POINT('',#1738);
#1741=EDGE_CURVE('',#1731,#1740,#1734,.T.);
#1742=ORIENTED_EDGE('',*,*,#1741,.T.);
#1745=CARTESIAN_POINT('',(-18.44923,-2.71962,3.86777));
#1746=CARTESIAN_POINT('',(-18.47239,-2.70000,3.75580));
#1747=CARTESIAN_POINT('',(-18.49419,-2.70000,3.64518));
#1743=(
BOUNDED_CURVE()
B_SPLINE_CURVE(3,(#1738,#1745,#1746,#1747),.UNSPECIFIED.,.F.,.F.)
B_SPLINE_CURVE_WITH_KNOTS((4,4),(0.000,1.000),.UNSPECIFIED.)
CURVE()
GEOMETRIC_REPRESENTATION_ITEM()
RATIONAL_B_SPLINE_CURVE((1.0000000000,1.0000000000,1.0000000000,1.0000000000))
REPRESENTATION_ITEM('')
);

#1749=VERTEX_POINT('',#1747);
#1750=EDGE_CURVE('',#1740,#1749,#1743,.T.);
#1751=ORIENTED_EDGE('',*,*,#1750,.T.);
#1754=CARTESIAN_POINT('',(-18.56864,-2.70000,3.26748));
#1755=CARTESIAN_POINT('',(-18.63485,-3.00373,2.84276));
#1756=CARTESIAN_POINT('',(-18.65336,-3.36663,2.71562));
#1752=(
BOUNDED_CURVE()
B_SPLINE_CURVE(3,(#1747,#1754,#1755,#1756),.UNSPECIFIED.,.F.,.F.)
B_SPLINE_CURVE_WITH_KNOTS((4,4),(0.000,1.000),.UNSPECIFIED.)
CURVE()
GEOMETRIC_REPRESENTATION_ITEM()
RATIONAL_B_SPLINE_CURVE((1.0000000000,1.0000000000,1.0000000000,1.0000000000))
REPRESENTATION_ITEM('')
);

#1758=VERTEX_POINT('',#1756);
#1759=EDGE_CURVE('',#1749,#1758,#1752,.T.);
#1760=ORIENTED_EDGE('',*,*,#1759,.T.);
#1763=CARTESIAN_POINT('',(-18.65878,-3.47292,2.67838));
#1764=CARTESIAN_POINT('',(-18.66153,-3.58725,2.65892));
#1761=(
BOUNDED_CURVE()
B_SPLINE_CURVE(3,(#1756,#1763,#1764,#1696),.UNSPECIFIED.,.F.,.F.)
B_SPLINE_CURVE_WITH_KNOTS((4,4),(0.000,1.000),.UNSPECIFIED.)
CURVE()
GEOMETRIC_REPRESENTATION_ITEM()
RATIONAL_B_SPLINE_CURVE((1.0000000000,1.0000000000,1.0000000000,1.0000000000))
REPRESENTATION_ITEM('')
);

#1766=EDGE_CURVE('',#1758,#1697,#1761,.T.);
#1767=ORIENTED_EDGE('',*,*,#1766,.T.);
#1768=EDGE_LOOP('',(#1706,#1715,#1724,#1733,#1742,#1751,#1760,#1767));
#1769=FACE_BOUND('',#1768,.T.);
#1770=ADVANCED_FACE('',(#1325,#1399,#1473,#1547,#1621,#1695,#1769),#1287,.T.);
#1771=COLOUR_RGB('',0.39,0.39,0.39);
#1772=FILL_AREA_STYLE_COLOUR('',#1771);
#1773=FILL_AREA_STYLE('',(#1772));
#1774=SURFACE_STYLE_FILL_AREA(#1773);
#1775=SURFACE_STYLE_TRANSPARENT(0.00);
#1776=SURFACE_STYLE_RENDERING_WITH_PROPERTIES(.NORMAL_SHADING.,#1771,(#1775));
#1777=SURFACE_SIDE_STYLE('',(#1774, #1776));
#1778=SURFACE_STYLE_USAGE(.BOTH.,#1777);
#1779=PRESENTATION_STYLE_ASSIGNMENT((#1778));
#1780=STYLED_ITEM('',(#1779),#1770);

#1784=CARTESIAN_POINT('',(18.85000,-5.10000,18.85000));
#1786=CARTESIAN_POINT('',(18.85000,-5.10000,0.00000));
#1781=(
BOUNDED_SURFACE()
B_SPLINE_SURFACE(2,1,((#1292,#460),(#1784,#488),(#1786,#481)),.UNSPECIFIED.,.F.,.F.,.F.)
B_SPLINE_SURFACE_WITH_KNOTS((3,3),(2,2),(0.000,1.000),(0.000,1.000),.UNSPECIFIED.)
GEOMETRIC_REPRESENTATION_ITEM()
RATIONAL_B_SPLINE_SURFACE(((1.0000000000,1.0000000000),(0.7071067812,0.7071067812),(1.0000000000,1.0000000000)))
REPRESENTATION_ITEM('')
SURFACE()
);

#1796=ORIENTED_EDGE('',*,*,#1316,.F.);
#1804=ORIENTED_EDGE('',*,*,#490,.F.);
#1805=(
BOUNDED_CURVE()
B_SPLINE_CURVE(1,(#481,#1786),.UNSPECIFIED.,.F.,.F.)
B_SPLINE_CURVE_WITH_KNOTS((2,2),(0.000,1.000),.UNSPECIFIED.)
CURVE()
GEOMETRIC_REPRESENTATION_ITEM()
RATIONAL_B_SPLINE_CURVE((1.0000000000,1.0000000000))
REPRESENTATION_ITEM('')
);

#1809=VERTEX_POINT('',#1786);
#1810=EDGE_CURVE('',#483,#1809,#1805,.T.);
#1811=ORIENTED_EDGE('',*,*,#1810,.T.);
#1812=(
BOUNDED_CURVE()
B_SPLINE_CURVE(2,(#1786,#1784,#1292),.UNSPECIFIED.,.F.,.F.)
B_SPLINE_CURVE_WITH_KNOTS((3,3),(0.000,1.000),.UNSPECIFIED.)
CURVE()
GEOMETRIC_REPRESENTATION_ITEM()
RATIONAL_B_SPLINE_CURVE((1.0000000000,0.7071067812,1.0000000000))
REPRESENTATION_ITEM('')
);

#1816=EDGE_CURVE('',#1809,#1315,#1812,.T.);
#1817=ORIENTED_EDGE('',*,*,#1816,.T.);
#1818=EDGE_LOOP('',(#1796,#1804,#1811,#1817));
#1819=FACE_OUTER_BOUND('',#1818,.T.);
#1820=CARTESIAN_POINT('',(18.80746,-4.70000,1.26568));
#1821=VERTEX_POINT('',#1820);
#1824=CARTESIAN_POINT('',(18.81503,-4.70000,1.15318));
#1825=CARTESIAN_POINT('',(18.82164,-4.68038,1.03903));
#1826=CARTESIAN_POINT('',(18.82690,-4.64280,0.93286));
#1822=(
BOUNDED_CURVE()
B_SPLINE_CURVE(3,(#1820,#1824,#1825,#1826),.UNSPECIFIED.,.F.,.F.)
B_SPLINE_CURVE_WITH_KNOTS((4,4),(0.000,1.000),.UNSPECIFIED.)
CURVE()
GEOMETRIC_REPRESENTATION_ITEM()
RATIONAL_B_SPLINE_CURVE((1.0000000000,1.0000000000,1.0000000000,1.0000000000))
REPRESENTATION_ITEM('')
);

#1828=VERTEX_POINT('',#1826);
#1829=EDGE_CURVE('',#1821,#1828,#1822,.T.);
#1830=ORIENTED_EDGE('',*,*,#1829,.T.);
#1833=CARTESIAN_POINT('',(18.84486,-4.51448,0.57035));
#1834=CARTESIAN_POINT('',(18.84812,-4.08497,0.26615));
#1835=CARTESIAN_POINT('',(18.84812,-3.70000,0.26615));
#1831=(
BOUNDED_CURVE()
B_SPLINE_CURVE(3,(#1826,#1833,#1834,#1835),.UNSPECIFIED.,.F.,.F.)
B_SPLINE_CURVE_WITH_KNOTS((4,4),(0.000,1.000),.UNSPECIFIED.)
CURVE()
GEOMETRIC_REPRESENTATION_ITEM()
RATIONAL_B_SPLINE_CURVE((1.0000000000,1.0000000000,1.0000000000,1.0000000000))
REPRESENTATION_ITEM('')
);

#1837=VERTEX_POINT('',#1835);
#1838=EDGE_CURVE('',#1828,#1837,#1831,.T.);
#1839=ORIENTED_EDGE('',*,*,#1838,.T.);
#1842=CARTESIAN_POINT('',(18.84812,-3.58725,0.26615));
#1843=CARTESIAN_POINT('',(18.84787,-3.47292,0.28580));
#1844=CARTESIAN_POINT('',(18.84723,-3.36663,0.32342));
#1840=(
BOUNDED_CURVE()
B_SPLINE_CURVE(3,(#1835,#1842,#1843,#1844),.UNSPECIFIED.,.F.,.F.)
B_SPLINE_CURVE_WITH_KNOTS((4,4),(0.000,1.000),.UNSPECIFIED.)
CURVE()
GEOMETRIC_REPRESENTATION_ITEM()
RATIONAL_B_SPLINE_CURVE((1.0000000000,1.0000000000,1.0000000000,1.0000000000))
REPRESENTATION_ITEM('')
);

#1846=VERTEX_POINT('',#1844);
#1847=EDGE_CURVE('',#1837,#1846,#1840,.T.);
#1848=ORIENTED_EDGE('',*,*,#1847,.T.);
#1851=CARTESIAN_POINT('',(18.84502,-3.00373,0.45188));
#1852=CARTESIAN_POINT('',(18.83331,-2.70000,0.88157));
#1853=CARTESIAN_POINT('',(18.80746,-2.70000,1.26568));
#1849=(
BOUNDED_CURVE()
B_SPLINE_CURVE(3,(#1844,#1851,#1852,#1853),.UNSPECIFIED.,.F.,.F.)
B_SPLINE_CURVE_WITH_KNOTS((4,4),(0.000,1.000),.UNSPECIFIED.)
CURVE()
GEOMETRIC_REPRESENTATION_ITEM()
RATIONAL_B_SPLINE_CURVE((1.0000000000,1.0000000000,1.0000000000,1.0000000000))
REPRESENTATION_ITEM('')
);

#1855=VERTEX_POINT('',#1853);
#1856=EDGE_CURVE('',#1846,#1855,#1849,.T.);
#1857=ORIENTED_EDGE('',*,*,#1856,.T.);
#1860=CARTESIAN_POINT('',(18.79989,-2.70000,1.37817));
#1861=CARTESIAN_POINT('',(18.79115,-2.71962,1.49217));
#1862=CARTESIAN_POINT('',(18.78213,-2.75720,1.59810));
#1858=(
BOUNDED_CURVE()
B_SPLINE_CURVE(3,(#1853,#1860,#1861,#1862),.UNSPECIFIED.,.F.,.F.)
B_SPLINE_CURVE_WITH_KNOTS((4,4),(0.000,1.000),.UNSPECIFIED.)
CURVE()
GEOMETRIC_REPRESENTATION_ITEM()
RATIONAL_B_SPLINE_CURVE((1.0000000000,1.0000000000,1.0000000000,1.0000000000))
REPRESENTATION_ITEM('')
);

#1864=VERTEX_POINT('',#1862);
#1865=EDGE_CURVE('',#1855,#1864,#1858,.T.);
#1866=ORIENTED_EDGE('',*,*,#1865,.T.);
#1869=CARTESIAN_POINT('',(18.75136,-2.88552,1.95974));
#1870=CARTESIAN_POINT('',(18.71383,-3.31503,2.26164));
#1871=CARTESIAN_POINT('',(18.71383,-3.70000,2.26164));
#1867=(
BOUNDED_CURVE()
B_SPLINE_CURVE(3,(#1862,#1869,#1870,#1871),.UNSPECIFIED.,.F.,.F.)
B_SPLINE_CURVE_WITH_KNOTS((4,4),(0.000,1.000),.UNSPECIFIED.)
CURVE()
GEOMETRIC_REPRESENTATION_ITEM()
RATIONAL_B_SPLINE_CURVE((1.0000000000,1.0000000000,1.0000000000,1.0000000000))
REPRESENTATION_ITEM('')
);

#1873=VERTEX_POINT('',#1871);
#1874=EDGE_CURVE('',#1864,#1873,#1867,.T.);
#1875=ORIENTED_EDGE('',*,*,#1874,.T.);
#1878=CARTESIAN_POINT('',(18.71383,-3.81275,2.26164));
#1879=CARTESIAN_POINT('',(18.71622,-3.92708,2.24213));
#1880=CARTESIAN_POINT('',(18.72062,-4.03337,2.20476));
#1876=(
BOUNDED_CURVE()
B_SPLINE_CURVE(3,(#1871,#1878,#1879,#1880),.UNSPECIFIED.,.F.,.F.)
B_SPLINE_CURVE_WITH_KNOTS((4,4),(0.000,1.000),.UNSPECIFIED.)
CURVE()
GEOMETRIC_REPRESENTATION_ITEM()
RATIONAL_B_SPLINE_CURVE((1.0000000000,1.0000000000,1.0000000000,1.0000000000))
REPRESENTATION_ITEM('')
);

#1882=VERTEX_POINT('',#1880);
#1883=EDGE_CURVE('',#1873,#1882,#1876,.T.);
#1884=ORIENTED_EDGE('',*,*,#1883,.T.);
#1887=CARTESIAN_POINT('',(18.73565,-4.39627,2.07716));
#1888=CARTESIAN_POINT('',(18.78161,-4.70000,1.64978));
#1885=(
BOUNDED_CURVE()
B_SPLINE_CURVE(3,(#1880,#1887,#1888,#1820),.UNSPECIFIED.,.F.,.F.)
B_SPLINE_CURVE_WITH_KNOTS((4,4),(0.000,1.000),.UNSPECIFIED.)
CURVE()
GEOMETRIC_REPRESENTATION_ITEM()
RATIONAL_B_SPLINE_CURVE((1.0000000000,1.0000000000,1.0000000000,1.0000000000))
REPRESENTATION_ITEM('')
);

#1890=EDGE_CURVE('',#1882,#1821,#1885,.T.);
#1891=ORIENTED_EDGE('',*,*,#1890,.T.);
#1892=EDGE_LOOP('',(#1830,#1839,#1848,#1857,#1866,#1875,#1884,#1891));
#1893=FACE_BOUND('',#1892,.T.);
#1894=CARTESIAN_POINT('',(18.13700,-3.70000,5.13533));
#1895=VERTEX_POINT('',#1894);
#1898=CARTESIAN_POINT('',(18.13700,-3.31503,5.13533));
#1899=CARTESIAN_POINT('',(18.05512,-2.88552,5.42833));
#1900=CARTESIAN_POINT('',(17.94395,-2.75720,5.77384));
#1896=(
BOUNDED_CURVE()
B_SPLINE_CURVE(3,(#1894,#1898,#1899,#1900),.UNSPECIFIED.,.F.,.F.)
B_SPLINE_CURVE_WITH_KNOTS((4,4),(0.000,1.000),.UNSPECIFIED.)
CURVE()
GEOMETRIC_REPRESENTATION_ITEM()
RATIONAL_B_SPLINE_CURVE((1.0000000000,1.0000000000,1.0000000000,1.0000000000))
REPRESENTATION_ITEM('')
);

#1902=VERTEX_POINT('',#1900);
#1903=EDGE_CURVE('',#1895,#1902,#1896,.T.);
#1904=ORIENTED_EDGE('',*,*,#1903,.T.);
#1907=CARTESIAN_POINT('',(17.91139,-2.71962,5.87503));
#1908=CARTESIAN_POINT('',(17.87546,-2.70000,5.98357));
#1909=CARTESIAN_POINT('',(17.83903,-2.70000,6.09028));
#1905=(
BOUNDED_CURVE()
B_SPLINE_CURVE(3,(#1900,#1907,#1908,#1909),.UNSPECIFIED.,.F.,.F.)
B_SPLINE_CURVE_WITH_KNOTS((4,4),(0.000,1.000),.UNSPECIFIED.)
CURVE()
GEOMETRIC_REPRESENTATION_ITEM()
RATIONAL_B_SPLINE_CURVE((1.0000000000,1.0000000000,1.0000000000,1.0000000000))
REPRESENTATION_ITEM('')
);

#1911=VERTEX_POINT('',#1909);
#1912=EDGE_CURVE('',#1902,#1911,#1905,.T.);
#1913=ORIENTED_EDGE('',*,*,#1912,.T.);
#1916=CARTESIAN_POINT('',(17.71465,-2.70000,6.45460));
#1917=CARTESIAN_POINT('',(17.55963,-3.00373,6.85553));
#1918=CARTESIAN_POINT('',(17.51209,-3.36663,6.97489));
#1914=(
BOUNDED_CURVE()
B_SPLINE_CURVE(3,(#1909,#1916,#1917,#1918),.UNSPECIFIED.,.F.,.F.)
B_SPLINE_CURVE_WITH_KNOTS((4,4),(0.000,1.000),.UNSPECIFIED.)
CURVE()
GEOMETRIC_REPRESENTATION_ITEM()
RATIONAL_B_SPLINE_CURVE((1.0000000000,1.0000000000,1.0000000000,1.0000000000))
REPRESENTATION_ITEM('')
);

#1920=VERTEX_POINT('',#1918);
#1921=EDGE_CURVE('',#1911,#1920,#1914,.T.);
#1922=ORIENTED_EDGE('',*,*,#1921,.T.);
#1925=CARTESIAN_POINT('',(17.49817,-3.47292,7.00985));
#1926=CARTESIAN_POINT('',(17.49082,-3.58725,7.02807));
#1927=CARTESIAN_POINT('',(17.49082,-3.70000,7.02807));
#1923=(
BOUNDED_CURVE()
B_SPLINE_CURVE(3,(#1918,#1925,#1926,#1927),.UNSPECIFIED.,.F.,.F.)
B_SPLINE_CURVE_WITH_KNOTS((4,4),(0.000,1.000),.UNSPECIFIED.)
CURVE()
GEOMETRIC_REPRESENTATION_ITEM()
RATIONAL_B_SPLINE_CURVE((1.0000000000,1.0000000000,1.0000000000,1.0000000000))
REPRESENTATION_ITEM('')
);

#1929=VERTEX_POINT('',#1927);
#1930=EDGE_CURVE('',#1920,#1929,#1923,.T.);
#1931=ORIENTED_EDGE('',*,*,#1930,.T.);
#1934=CARTESIAN_POINT('',(17.49082,-4.08497,7.02807));
#1935=CARTESIAN_POINT('',(17.60521,-4.51448,6.74618));
#1936=CARTESIAN_POINT('',(17.72853,-4.64280,6.40482));
#1932=(
BOUNDED_CURVE()
B_SPLINE_CURVE(3,(#1927,#1934,#1935,#1936),.UNSPECIFIED.,.F.,.F.)
B_SPLINE_CURVE_WITH_KNOTS((4,4),(0.000,1.000),.UNSPECIFIED.)
CURVE()
GEOMETRIC_REPRESENTATION_ITEM()
RATIONAL_B_SPLINE_CURVE((1.0000000000,1.0000000000,1.0000000000,1.0000000000))
REPRESENTATION_ITEM('')
);

#1938=VERTEX_POINT('',#1936);
#1939=EDGE_CURVE('',#1929,#1938,#1932,.T.);
#1940=ORIENTED_EDGE('',*,*,#1939,.T.);
#1943=CARTESIAN_POINT('',(17.76465,-4.68038,6.30484));
#1944=CARTESIAN_POINT('',(17.80260,-4.70000,6.19698));
#1945=CARTESIAN_POINT('',(17.83903,-4.70000,6.09028));
#1941=(
BOUNDED_CURVE()
B_SPLINE_CURVE(3,(#1936,#1943,#1944,#1945),.UNSPECIFIED.,.F.,.F.)
B_SPLINE_CURVE_WITH_KNOTS((4,4),(0.000,1.000),.UNSPECIFIED.)
CURVE()
GEOMETRIC_REPRESENTATION_ITEM()
RATIONAL_B_SPLINE_CURVE((1.0000000000,1.0000000000,1.0000000000,1.0000000000))
REPRESENTATION_ITEM('')
);

#1947=VERTEX_POINT('',#1945);
#1948=EDGE_CURVE('',#1938,#1947,#1941,.T.);
#1949=ORIENTED_EDGE('',*,*,#1948,.T.);
#1952=CARTESIAN_POINT('',(17.96341,-4.70000,5.72595));
#1953=CARTESIAN_POINT('',(18.08594,-4.39627,5.31394));
#1954=CARTESIAN_POINT('',(18.12131,-4.03337,5.19042));
#1950=(
BOUNDED_CURVE()
B_SPLINE_CURVE(3,(#1945,#1952,#1953,#1954),.UNSPECIFIED.,.F.,.F.)
B_SPLINE_CURVE_WITH_KNOTS((4,4),(0.000,1.000),.UNSPECIFIED.)
CURVE()
GEOMETRIC_REPRESENTATION_ITEM()
RATIONAL_B_SPLINE_CURVE((1.0000000000,1.0000000000,1.0000000000,1.0000000000))
REPRESENTATION_ITEM('')
);

#1956=VERTEX_POINT('',#1954);
#1957=EDGE_CURVE('',#1947,#1956,#1950,.T.);
#1958=ORIENTED_EDGE('',*,*,#1957,.T.);
#1961=CARTESIAN_POINT('',(18.13167,-3.92708,5.15425));
#1962=CARTESIAN_POINT('',(18.13700,-3.81275,5.13533));
#1959=(
BOUNDED_CURVE()
B_SPLINE_CURVE(3,(#1954,#1961,#1962,#1894),.UNSPECIFIED.,.F.,.F.)
B_SPLINE_CURVE_WITH_KNOTS((4,4),(0.000,1.000),.UNSPECIFIED.)
CURVE()
GEOMETRIC_REPRESENTATION_ITEM()
RATIONAL_B_SPLINE_CURVE((1.0000000000,1.0000000000,1.0000000000,1.0000000000))
REPRESENTATION_ITEM('')
);

#1964=EDGE_CURVE('',#1956,#1895,#1959,.T.);
#1965=ORIENTED_EDGE('',*,*,#1964,.T.);
#1966=EDGE_LOOP('',(#1904,#1913,#1922,#1931,#1940,#1949,#1958,#1965));
#1967=FACE_BOUND('',#1966,.T.);
#1968=CARTESIAN_POINT('',(15.65490,-2.70000,10.49984));
#1969=VERTEX_POINT('',#1968);
#1972=CARTESIAN_POINT('',(15.59210,-2.70000,10.59348));
#1973=CARTESIAN_POINT('',(15.52752,-2.71962,10.68783));
#1974=CARTESIAN_POINT('',(15.46676,-2.75720,10.77506));
#1970=(
BOUNDED_CURVE()
B_SPLINE_CURVE(3,(#1968,#1972,#1973,#1974),.UNSPECIFIED.,.F.,.F.)
B_SPLINE_CURVE_WITH_KNOTS((4,4),(0.000,1.000),.UNSPECIFIED.)
CURVE()
GEOMETRIC_REPRESENTATION_ITEM()
RATIONAL_B_SPLINE_CURVE((1.0000000000,1.0000000000,1.0000000000,1.0000000000))
REPRESENTATION_ITEM('')
);

#1976=VERTEX_POINT('',#1974);
#1977=EDGE_CURVE('',#1969,#1976,#1970,.T.);
#1978=ORIENTED_EDGE('',*,*,#1977,.T.);
#1981=CARTESIAN_POINT('',(15.25929,-2.88552,11.07287));
#1982=CARTESIAN_POINT('',(15.07584,-3.31503,11.31555));
#1983=CARTESIAN_POINT('',(15.07584,-3.70000,11.31555));
#1979=(
BOUNDED_CURVE()
B_SPLINE_CURVE(3,(#1974,#1981,#1982,#1983),.UNSPECIFIED.,.F.,.F.)
B_SPLINE_CURVE_WITH_KNOTS((4,4),(0.000,1.000),.UNSPECIFIED.)
CURVE()
GEOMETRIC_REPRESENTATION_ITEM()
RATIONAL_B_SPLINE_CURVE((1.0000000000,1.0000000000,1.0000000000,1.0000000000))
REPRESENTATION_ITEM('')
);

#1985=VERTEX_POINT('',#1983);
#1986=EDGE_CURVE('',#1976,#1985,#1979,.T.);
#1987=ORIENTED_EDGE('',*,*,#1986,.T.);
#1990=CARTESIAN_POINT('',(15.07584,-3.81275,11.31555));
#1991=CARTESIAN_POINT('',(15.08765,-3.92708,11.29985));
#1992=CARTESIAN_POINT('',(15.11015,-4.03337,11.26969));
#1988=(
BOUNDED_CURVE()
B_SPLINE_CURVE(3,(#1983,#1990,#1991,#1992),.UNSPECIFIED.,.F.,.F.)
B_SPLINE_CURVE_WITH_KNOTS((4,4),(0.000,1.000),.UNSPECIFIED.)
CURVE()
GEOMETRIC_REPRESENTATION_ITEM()
RATIONAL_B_SPLINE_CURVE((1.0000000000,1.0000000000,1.0000000000,1.0000000000))
REPRESENTATION_ITEM('')
);

#1994=VERTEX_POINT('',#1992);
#1995=EDGE_CURVE('',#1985,#1994,#1988,.T.);
#1996=ORIENTED_EDGE('',*,*,#1995,.T.);
#1999=CARTESIAN_POINT('',(15.18696,-4.39627,11.16670));
#2000=CARTESIAN_POINT('',(15.44046,-4.70000,10.81955));
#2001=CARTESIAN_POINT('',(15.65490,-4.70000,10.49984));
#1997=(
BOUNDED_CURVE()
B_SPLINE_CURVE(3,(#1992,#1999,#2000,#2001),.UNSPECIFIED.,.F.,.F.)
B_SPLINE_CURVE_WITH_KNOTS((4,4),(0.000,1.000),.UNSPECIFIED.)
CURVE()
GEOMETRIC_REPRESENTATION_ITEM()
RATIONAL_B_SPLINE_CURVE((1.0000000000,1.0000000000,1.0000000000,1.0000000000))
REPRESENTATION_ITEM('')
);

#2003=VERTEX_POINT('',#2001);
#2004=EDGE_CURVE('',#1994,#2003,#1997,.T.);
#2005=ORIENTED_EDGE('',*,*,#2004,.T.);
#2008=CARTESIAN_POINT('',(15.71771,-4.70000,10.40620));
#2009=CARTESIAN_POINT('',(15.78050,-4.68038,10.31065));
#2010=CARTESIAN_POINT('',(15.83815,-4.64280,10.22133));
#2006=(
BOUNDED_CURVE()
B_SPLINE_CURVE(3,(#2001,#2008,#2009,#2010),.UNSPECIFIED.,.F.,.F.)
B_SPLINE_CURVE_WITH_KNOTS((4,4),(0.000,1.000),.UNSPECIFIED.)
CURVE()
GEOMETRIC_REPRESENTATION_ITEM()
RATIONAL_B_SPLINE_CURVE((1.0000000000,1.0000000000,1.0000000000,1.0000000000))
REPRESENTATION_ITEM('')
);

#2012=VERTEX_POINT('',#2010);
#2013=EDGE_CURVE('',#2003,#2012,#2006,.T.);
#2014=ORIENTED_EDGE('',*,*,#2013,.T.);
#2017=CARTESIAN_POINT('',(16.03496,-4.51448,9.91637));
#2018=CARTESIAN_POINT('',(16.18988,-4.08497,9.65455));
#2019=CARTESIAN_POINT('',(16.18988,-3.70000,9.65455));
#2015=(
BOUNDED_CURVE()
B_SPLINE_CURVE(3,(#2010,#2017,#2018,#2019),.UNSPECIFIED.,.F.,.F.)
B_SPLINE_CURVE_WITH_KNOTS((4,4),(0.000,1.000),.UNSPECIFIED.)
CURVE()
GEOMETRIC_REPRESENTATION_ITEM()
RATIONAL_B_SPLINE_CURVE((1.0000000000,1.0000000000,1.0000000000,1.0000000000))
REPRESENTATION_ITEM('')
);

#2021=VERTEX_POINT('',#2019);
#2022=EDGE_CURVE('',#2012,#2021,#2015,.T.);
#2023=ORIENTED_EDGE('',*,*,#2022,.T.);
#2026=CARTESIAN_POINT('',(16.18988,-3.58725,9.65455));
#2027=CARTESIAN_POINT('',(16.17984,-3.47292,9.67144));
#2028=CARTESIAN_POINT('',(16.16046,-3.36663,9.70371));
#2024=(
BOUNDED_CURVE()
B_SPLINE_CURVE(3,(#2019,#2026,#2027,#2028),.UNSPECIFIED.,.F.,.F.)
B_SPLINE_CURVE_WITH_KNOTS((4,4),(0.000,1.000),.UNSPECIFIED.)
CURVE()
GEOMETRIC_REPRESENTATION_ITEM()
RATIONAL_B_SPLINE_CURVE((1.0000000000,1.0000000000,1.0000000000,1.0000000000))
REPRESENTATION_ITEM('')
);

#2030=VERTEX_POINT('',#2028);
#2031=EDGE_CURVE('',#2021,#2030,#2024,.T.);
#2032=ORIENTED_EDGE('',*,*,#2031,.T.);
#2035=CARTESIAN_POINT('',(16.09432,-3.00373,9.81385));
#2036=CARTESIAN_POINT('',(15.86934,-2.70000,10.18012));
#2033=(
BOUNDED_CURVE()
B_SPLINE_CURVE(3,(#2028,#2035,#2036,#1968),.UNSPECIFIED.,.F.,.F.)
B_SPLINE_CURVE_WITH_KNOTS((4,4),(0.000,1.000),.UNSPECIFIED.)
CURVE()
GEOMETRIC_REPRESENTATION_ITEM()
RATIONAL_B_SPLINE_CURVE((1.0000000000,1.0000000000,1.0000000000,1.0000000000))
REPRESENTATION_ITEM('')
);

#2038=EDGE_CURVE('',#2030,#1969,#2033,.T.);
#2039=ORIENTED_EDGE('',*,*,#2038,.T.);
#2040=EDGE_LOOP('',(#1978,#1987,#1996,#2005,#2014,#2023,#2032,#2039));
#2041=FACE_BOUND('',#2040,.T.);
#2042=CARTESIAN_POINT('',(11.63346,-3.70000,14.83190));
#2043=VERTEX_POINT('',#2042);
#2046=CARTESIAN_POINT('',(11.63346,-3.81275,14.83190));
#2047=CARTESIAN_POINT('',(11.64894,-3.92708,14.81979));
#2048=CARTESIAN_POINT('',(11.67847,-4.03337,14.79648));
#2044=(
BOUNDED_CURVE()
B_SPLINE_CURVE(3,(#2042,#2046,#2047,#2048),.UNSPECIFIED.,.F.,.F.)
B_SPLINE_CURVE_WITH_KNOTS((4,4),(0.000,1.000),.UNSPECIFIED.)
CURVE()
GEOMETRIC_REPRESENTATION_ITEM()
RATIONAL_B_SPLINE_CURVE((1.0000000000,1.0000000000,1.0000000000,1.0000000000))
REPRESENTATION_ITEM('')
);

#2050=VERTEX_POINT('',#2048);
#2051=EDGE_CURVE('',#2043,#2050,#2044,.T.);
#2052=ORIENTED_EDGE('',*,*,#2051,.T.);
#2055=CARTESIAN_POINT('',(11.77933,-4.39627,14.71688));
#2056=CARTESIAN_POINT('',(12.11404,-4.70000,14.44717));
#2057=CARTESIAN_POINT('',(12.40391,-4.70000,14.19385));
#2053=(
BOUNDED_CURVE()
B_SPLINE_CURVE(3,(#2048,#2055,#2056,#2057),.UNSPECIFIED.,.F.,.F.)
B_SPLINE_CURVE_WITH_KNOTS((4,4),(0.000,1.000),.UNSPECIFIED.)
CURVE()
GEOMETRIC_REPRESENTATION_ITEM()
RATIONAL_B_SPLINE_CURVE((1.0000000000,1.0000000000,1.0000000000,1.0000000000))
REPRESENTATION_ITEM('')
);

#2059=VERTEX_POINT('',#2057);
#2060=EDGE_CURVE('',#2050,#2059,#2053,.T.);
#2061=ORIENTED_EDGE('',*,*,#2060,.T.);
#2064=CARTESIAN_POINT('',(12.48882,-4.70000,14.11966));
#2065=CARTESIAN_POINT('',(12.57420,-4.68038,14.04362));
#2066=CARTESIAN_POINT('',(12.65300,-4.64280,13.97226));
#2062=(
BOUNDED_CURVE()
B_SPLINE_CURVE(3,(#2057,#2064,#2065,#2066),.UNSPECIFIED.,.F.,.F.)
B_SPLINE_CURVE_WITH_KNOTS((4,4),(0.000,1.000),.UNSPECIFIED.)
CURVE()
GEOMETRIC_REPRESENTATION_ITEM()
RATIONAL_B_SPLINE_CURVE((1.0000000000,1.0000000000,1.0000000000,1.0000000000))
REPRESENTATION_ITEM('')
);

#2068=VERTEX_POINT('',#2066);
#2069=EDGE_CURVE('',#2059,#2068,#2062,.T.);
#2070=ORIENTED_EDGE('',*,*,#2069,.T.);
#2073=CARTESIAN_POINT('',(12.92203,-4.51448,13.72863));
#2074=CARTESIAN_POINT('',(13.13944,-4.08497,13.51583));
#2075=CARTESIAN_POINT('',(13.13944,-3.70000,13.51583));
#2071=(
BOUNDED_CURVE()
B_SPLINE_CURVE(3,(#2066,#2073,#2074,#2075),.UNSPECIFIED.,.F.,.F.)
B_SPLINE_CURVE_WITH_KNOTS((4,4),(0.000,1.000),.UNSPECIFIED.)
CURVE()
GEOMETRIC_REPRESENTATION_ITEM()
RATIONAL_B_SPLINE_CURVE((1.0000000000,1.0000000000,1.0000000000,1.0000000000))
REPRESENTATION_ITEM('')
);

#2077=VERTEX_POINT('',#2075);
#2078=EDGE_CURVE('',#2068,#2077,#2071,.T.);
#2079=ORIENTED_EDGE('',*,*,#2078,.T.);
#2082=CARTESIAN_POINT('',(13.13944,-3.58725,13.51583));
#2083=CARTESIAN_POINT('',(13.12537,-3.47292,13.52955));
#2084=CARTESIAN_POINT('',(13.09831,-3.36663,13.55570));
#2080=(
BOUNDED_CURVE()
B_SPLINE_CURVE(3,(#2075,#2082,#2083,#2084),.UNSPECIFIED.,.F.,.F.)
B_SPLINE_CURVE_WITH_KNOTS((4,4),(0.000,1.000),.UNSPECIFIED.)
CURVE()
GEOMETRIC_REPRESENTATION_ITEM()
RATIONAL_B_SPLINE_CURVE((1.0000000000,1.0000000000,1.0000000000,1.0000000000))
REPRESENTATION_ITEM('')
);

#2086=VERTEX_POINT('',#2084);
#2087=EDGE_CURVE('',#2077,#2086,#2080,.T.);
#2088=ORIENTED_EDGE('',*,*,#2087,.T.);
#2091=CARTESIAN_POINT('',(13.00591,-3.00373,13.64497));
#2092=CARTESIAN_POINT('',(12.69379,-2.70000,13.94053));
#2093=CARTESIAN_POINT('',(12.40391,-2.70000,14.19385));
#2089=(
BOUNDED_CURVE()
B_SPLINE_CURVE(3,(#2084,#2091,#2092,#2093),.UNSPECIFIED.,.F.,.F.)
B_SPLINE_CURVE_WITH_KNOTS((4,4),(0.000,1.000),.UNSPECIFIED.)
CURVE()
GEOMETRIC_REPRESENTATION_ITEM()
RATIONAL_B_SPLINE_CURVE((1.0000000000,1.0000000000,1.0000000000,1.0000000000))
REPRESENTATION_ITEM('')
);

#2095=VERTEX_POINT('',#2093);
#2096=EDGE_CURVE('',#2086,#2095,#2089,.T.);
#2097=ORIENTED_EDGE('',*,*,#2096,.T.);
#2100=CARTESIAN_POINT('',(12.31901,-2.70000,14.26805));
#2101=CARTESIAN_POINT('',(12.23222,-2.71962,14.34247));
#2102=CARTESIAN_POINT('',(12.15095,-2.75720,14.41100));
#2098=(
BOUNDED_CURVE()
B_SPLINE_CURVE(3,(#2093,#2100,#2101,#2102),.UNSPECIFIED.,.F.,.F.)
B_SPLINE_CURVE_WITH_KNOTS((4,4),(0.000,1.000),.UNSPECIFIED.)
CURVE()
GEOMETRIC_REPRESENTATION_ITEM()
RATIONAL_B_SPLINE_CURVE((1.0000000000,1.0000000000,1.0000000000,1.0000000000))
REPRESENTATION_ITEM('')
);

#2104=VERTEX_POINT('',#2102);
#2105=EDGE_CURVE('',#2095,#2104,#2098,.T.);
#2106=ORIENTED_EDGE('',*,*,#2105,.T.);
#2109=CARTESIAN_POINT('',(11.87347,-2.88552,14.64496));
#2110=CARTESIAN_POINT('',(11.63346,-3.31503,14.83190));
#2107=(
BOUNDED_CURVE()
B_SPLINE_CURVE(3,(#2102,#2109,#2110,#2042),.UNSPECIFIED.,.F.,.F.)
B_SPLINE_CURVE_WITH_KNOTS((4,4),(0.000,1.000),.UNSPECIFIED.)
CURVE()
GEOMETRIC_REPRESENTATION_ITEM()
RATIONAL_B_SPLINE_CURVE((1.0000000000,1.0000000000,1.0000000000,1.0000000000))
REPRESENTATION_ITEM('')
);

#2112=EDGE_CURVE('',#2104,#2043,#2107,.T.);
#2113=ORIENTED_EDGE('',*,*,#2112,.T.);
#2114=EDGE_LOOP('',(#2052,#2061,#2070,#2079,#2088,#2097,#2106,#2113));
#2115=FACE_BOUND('',#2114,.T.);
#2116=CARTESIAN_POINT('',(8.30762,-4.70000,16.92058));
#2117=VERTEX_POINT('',#2116);
#2120=CARTESIAN_POINT('',(8.40883,-4.70000,16.87088));
#2121=CARTESIAN_POINT('',(8.51099,-4.68038,16.81954));
#2122=CARTESIAN_POINT('',(8.60557,-4.64280,16.77101));
#2118=(
BOUNDED_CURVE()
B_SPLINE_CURVE(3,(#2116,#2120,#2121,#2122),.UNSPECIFIED.,.F.,.F.)
B_SPLINE_CURVE_WITH_KNOTS((4,4),(0.000,1.000),.UNSPECIFIED.)
CURVE()
GEOMETRIC_REPRESENTATION_ITEM()
RATIONAL_B_SPLINE_CURVE((1.0000000000,1.0000000000,1.0000000000,1.0000000000))
REPRESENTATION_ITEM('')
);

#2124=VERTEX_POINT('',#2122);
#2125=EDGE_CURVE('',#2117,#2124,#2118,.T.);
#2126=ORIENTED_EDGE('',*,*,#2125,.T.);
#2129=CARTESIAN_POINT('',(8.92849,-4.51448,16.60531));
#2130=CARTESIAN_POINT('',(9.19357,-4.08497,16.45603));
#2131=CARTESIAN_POINT('',(9.19357,-3.70000,16.45603));
#2127=(
BOUNDED_CURVE()
B_SPLINE_CURVE(3,(#2122,#2129,#2130,#2131),.UNSPECIFIED.,.F.,.F.)
B_SPLINE_CURVE_WITH_KNOTS((4,4),(0.000,1.000),.UNSPECIFIED.)
CURVE()
GEOMETRIC_REPRESENTATION_ITEM()
RATIONAL_B_SPLINE_CURVE((1.0000000000,1.0000000000,1.0000000000,1.0000000000))
REPRESENTATION_ITEM('')
);

#2133=VERTEX_POINT('',#2131);
#2134=EDGE_CURVE('',#2124,#2133,#2127,.T.);
#2135=ORIENTED_EDGE('',*,*,#2134,.T.);
#2138=CARTESIAN_POINT('',(9.19357,-3.58725,16.45603));
#2139=CARTESIAN_POINT('',(9.17643,-3.47292,16.46563));
#2140=CARTESIAN_POINT('',(9.14352,-3.36663,16.48389));
#2136=(
BOUNDED_CURVE()
B_SPLINE_CURVE(3,(#2131,#2138,#2139,#2140),.UNSPECIFIED.,.F.,.F.)
B_SPLINE_CURVE_WITH_KNOTS((4,4),(0.000,1.000),.UNSPECIFIED.)
CURVE()
GEOMETRIC_REPRESENTATION_ITEM()
RATIONAL_B_SPLINE_CURVE((1.0000000000,1.0000000000,1.0000000000,1.0000000000))
REPRESENTATION_ITEM('')
);

#2142=VERTEX_POINT('',#2140);
#2143=EDGE_CURVE('',#2133,#2142,#2136,.T.);
#2144=ORIENTED_EDGE('',*,*,#2143,.T.);
#2147=CARTESIAN_POINT('',(9.03117,-3.00373,16.54621));
#2148=CARTESIAN_POINT('',(8.65319,-2.70000,16.75091));
#2149=CARTESIAN_POINT('',(8.30762,-2.70000,16.92058));
#2145=(
BOUNDED_CURVE()
B_SPLINE_CURVE(3,(#2140,#2147,#2148,#2149),.UNSPECIFIED.,.F.,.F.)
B_SPLINE_CURVE_WITH_KNOTS((4,4),(0.000,1.000),.UNSPECIFIED.)
CURVE()
GEOMETRIC_REPRESENTATION_ITEM()
RATIONAL_B_SPLINE_CURVE((1.0000000000,1.0000000000,1.0000000000,1.0000000000))
REPRESENTATION_ITEM('')
);

#2151=VERTEX_POINT('',#2149);
#2152=EDGE_CURVE('',#2142,#2151,#2145,.T.);
#2153=ORIENTED_EDGE('',*,*,#2152,.T.);
#2156=CARTESIAN_POINT('',(8.20641,-2.70000,16.97027));
#2157=CARTESIAN_POINT('',(8.10331,-2.71962,17.01970));
#2158=CARTESIAN_POINT('',(8.00708,-2.75720,17.06485));
#2154=(
BOUNDED_CURVE()
B_SPLINE_CURVE(3,(#2149,#2156,#2157,#2158),.UNSPECIFIED.,.F.,.F.)
B_SPLINE_CURVE_WITH_KNOTS((4,4),(0.000,1.000),.UNSPECIFIED.)
CURVE()
GEOMETRIC_REPRESENTATION_ITEM()
RATIONAL_B_SPLINE_CURVE((1.0000000000,1.0000000000,1.0000000000,1.0000000000))
REPRESENTATION_ITEM('')
);

#2160=VERTEX_POINT('',#2158);
#2161=EDGE_CURVE('',#2151,#2160,#2154,.T.);
#2162=ORIENTED_EDGE('',*,*,#2161,.T.);
#2165=CARTESIAN_POINT('',(7.67849,-2.88552,17.21903));
#2166=CARTESIAN_POINT('',(7.39828,-3.31503,17.33747));
#2167=CARTESIAN_POINT('',(7.39828,-3.70000,17.33747));
#2163=(
BOUNDED_CURVE()
B_SPLINE_CURVE(3,(#2158,#2165,#2166,#2167),.UNSPECIFIED.,.F.,.F.)
B_SPLINE_CURVE_WITH_KNOTS((4,4),(0.000,1.000),.UNSPECIFIED.)
CURVE()
GEOMETRIC_REPRESENTATION_ITEM()
RATIONAL_B_SPLINE_CURVE((1.0000000000,1.0000000000,1.0000000000,1.0000000000))
REPRESENTATION_ITEM('')
);

#2169=VERTEX_POINT('',#2167);
#2170=EDGE_CURVE('',#2160,#2169,#2163,.T.);
#2171=ORIENTED_EDGE('',*,*,#2170,.T.);
#2174=CARTESIAN_POINT('',(7.39828,-3.81275,17.33747));
#2175=CARTESIAN_POINT('',(7.41636,-3.92708,17.32978));
#2176=CARTESIAN_POINT('',(7.45093,-4.03337,17.31491));
#2172=(
BOUNDED_CURVE()
B_SPLINE_CURVE(3,(#2167,#2174,#2175,#2176),.UNSPECIFIED.,.F.,.F.)
B_SPLINE_CURVE_WITH_KNOTS((4,4),(0.000,1.000),.UNSPECIFIED.)
CURVE()
GEOMETRIC_REPRESENTATION_ITEM()
RATIONAL_B_SPLINE_CURVE((1.0000000000,1.0000000000,1.0000000000,1.0000000000))
REPRESENTATION_ITEM('')
);

#2178=VERTEX_POINT('',#2176);
#2179=EDGE_CURVE('',#2169,#2178,#2172,.T.);
#2180=ORIENTED_EDGE('',*,*,#2179,.T.);
#2183=CARTESIAN_POINT('',(7.56895,-4.39627,17.26413));
#2184=CARTESIAN_POINT('',(7.96206,-4.70000,17.09024));
#2181=(
BOUNDED_CURVE()
B_SPLINE_CURVE(3,(#2176,#2183,#2184,#2116),.UNSPECIFIED.,.F.,.F.)
B_SPLINE_CURVE_WITH_KNOTS((4,4),(0.000,1.000),.UNSPECIFIED.)
CURVE()
GEOMETRIC_REPRESENTATION_ITEM()
RATIONAL_B_SPLINE_CURVE((1.0000000000,1.0000000000,1.0000000000,1.0000000000))
REPRESENTATION_ITEM('')
);

#2186=EDGE_CURVE('',#2178,#2117,#2181,.T.);
#2187=ORIENTED_EDGE('',*,*,#2186,.T.);
#2188=EDGE_LOOP('',(#2126,#2135,#2144,#2153,#2162,#2171,#2180,#2187));
#2189=FACE_BOUND('',#2188,.T.);
#2190=CARTESIAN_POINT('',(4.62117,-3.70000,18.27477));
#2191=VERTEX_POINT('',#2190);
#2194=CARTESIAN_POINT('',(4.62117,-3.58725,18.27477));
#2195=CARTESIAN_POINT('',(4.60213,-3.47292,18.27962));
#2196=CARTESIAN_POINT('',(4.56562,-3.36663,18.28873));
#2192=(
BOUNDED_CURVE()
B_SPLINE_CURVE(3,(#2190,#2194,#2195,#2196),.UNSPECIFIED.,.F.,.F.)
B_SPLINE_CURVE_WITH_KNOTS((4,4),(0.000,1.000),.UNSPECIFIED.)
CURVE()
GEOMETRIC_REPRESENTATION_ITEM()
RATIONAL_B_SPLINE_CURVE((1.0000000000,1.0000000000,1.0000000000,1.0000000000))
REPRESENTATION_ITEM('')
);

#2198=VERTEX_POINT('',#2196);
#2199=EDGE_CURVE('',#2191,#2198,#2192,.T.);
#2200=ORIENTED_EDGE('',*,*,#2199,.T.);
#2203=CARTESIAN_POINT('',(4.44096,-3.00373,18.31985));
#2204=CARTESIAN_POINT('',(4.02288,-2.70000,18.41975));
#2205=CARTESIAN_POINT('',(3.64518,-2.70000,18.49419));
#2201=(
BOUNDED_CURVE()
B_SPLINE_CURVE(3,(#2196,#2203,#2204,#2205),.UNSPECIFIED.,.F.,.F.)
B_SPLINE_CURVE_WITH_KNOTS((4,4),(0.000,1.000),.UNSPECIFIED.)
CURVE()
GEOMETRIC_REPRESENTATION_ITEM()
RATIONAL_B_SPLINE_CURVE((1.0000000000,1.0000000000,1.0000000000,1.0000000000))
REPRESENTATION_ITEM('')
);

#2207=VERTEX_POINT('',#2205);
#2208=EDGE_CURVE('',#2198,#2207,#2201,.T.);
#2209=ORIENTED_EDGE('',*,*,#2208,.T.);
#2212=CARTESIAN_POINT('',(3.53456,-2.70000,18.51600));
#2213=CARTESIAN_POINT('',(3.42218,-2.71962,18.53706));
#2214=CARTESIAN_POINT('',(3.31753,-2.75720,18.55577));
#2210=(
BOUNDED_CURVE()
B_SPLINE_CURVE(3,(#2205,#2212,#2213,#2214),.UNSPECIFIED.,.F.,.F.)
B_SPLINE_CURVE_WITH_KNOTS((4,4),(0.000,1.000),.UNSPECIFIED.)
CURVE()
GEOMETRIC_REPRESENTATION_ITEM()
RATIONAL_B_SPLINE_CURVE((1.0000000000,1.0000000000,1.0000000000,1.0000000000))
REPRESENTATION_ITEM('')
);

#2216=VERTEX_POINT('',#2214);
#2217=EDGE_CURVE('',#2207,#2216,#2210,.T.);
#2218=ORIENTED_EDGE('',*,*,#2217,.T.);
#2221=CARTESIAN_POINT('',(2.96024,-2.88552,18.61965));
#2222=CARTESIAN_POINT('',(2.65892,-3.31503,18.66153));
#2223=CARTESIAN_POINT('',(2.65892,-3.70000,18.66153));
#2219=(
BOUNDED_CURVE()
B_SPLINE_CURVE(3,(#2214,#2221,#2222,#2223),.UNSPECIFIED.,.F.,.F.)
B_SPLINE_CURVE_WITH_KNOTS((4,4),(0.000,1.000),.UNSPECIFIED.)
CURVE()
GEOMETRIC_REPRESENTATION_ITEM()
RATIONAL_B_SPLINE_CURVE((1.0000000000,1.0000000000,1.0000000000,1.0000000000))
REPRESENTATION_ITEM('')
);

#2225=VERTEX_POINT('',#2223);
#2226=EDGE_CURVE('',#2216,#2225,#2219,.T.);
#2227=ORIENTED_EDGE('',*,*,#2226,.T.);
#2230=CARTESIAN_POINT('',(2.65892,-3.81275,18.66153));
#2231=CARTESIAN_POINT('',(2.67838,-3.92708,18.65878));
#2232=CARTESIAN_POINT('',(2.71562,-4.03337,18.65336));
#2228=(
BOUNDED_CURVE()
B_SPLINE_CURVE(3,(#2223,#2230,#2231,#2232),.UNSPECIFIED.,.F.,.F.)
B_SPLINE_CURVE_WITH_KNOTS((4,4),(0.000,1.000),.UNSPECIFIED.)
CURVE()
GEOMETRIC_REPRESENTATION_ITEM()
RATIONAL_B_SPLINE_CURVE((1.0000000000,1.0000000000,1.0000000000,1.0000000000))
REPRESENTATION_ITEM('')
);

#2234=VERTEX_POINT('',#2232);
#2235=EDGE_CURVE('',#2225,#2234,#2228,.T.);
#2236=ORIENTED_EDGE('',*,*,#2235,.T.);
#2239=CARTESIAN_POINT('',(2.84276,-4.39627,18.63485));
#2240=CARTESIAN_POINT('',(3.26748,-4.70000,18.56864));
#2241=CARTESIAN_POINT('',(3.64518,-4.70000,18.49419));
#2237=(
BOUNDED_CURVE()
B_SPLINE_CURVE(3,(#2232,#2239,#2240,#2241),.UNSPECIFIED.,.F.,.F.)
B_SPLINE_CURVE_WITH_KNOTS((4,4),(0.000,1.000),.UNSPECIFIED.)
CURVE()
GEOMETRIC_REPRESENTATION_ITEM()
RATIONAL_B_SPLINE_CURVE((1.0000000000,1.0000000000,1.0000000000,1.0000000000))
REPRESENTATION_ITEM('')
);

#2243=VERTEX_POINT('',#2241);
#2244=EDGE_CURVE('',#2234,#2243,#2237,.T.);
#2245=ORIENTED_EDGE('',*,*,#2244,.T.);
#2248=CARTESIAN_POINT('',(3.75580,-4.70000,18.47239));
#2249=CARTESIAN_POINT('',(3.86777,-4.68038,18.44923));
#2250=CARTESIAN_POINT('',(3.97169,-4.64280,18.42683));
#2246=(
BOUNDED_CURVE()
B_SPLINE_CURVE(3,(#2241,#2248,#2249,#2250),.UNSPECIFIED.,.F.,.F.)
B_SPLINE_CURVE_WITH_KNOTS((4,4),(0.000,1.000),.UNSPECIFIED.)
CURVE()
GEOMETRIC_REPRESENTATION_ITEM()
RATIONAL_B_SPLINE_CURVE((1.0000000000,1.0000000000,1.0000000000,1.0000000000))
REPRESENTATION_ITEM('')
);

#2252=VERTEX_POINT('',#2250);
#2253=EDGE_CURVE('',#2243,#2252,#2246,.T.);
#2254=ORIENTED_EDGE('',*,*,#2253,.T.);
#2257=CARTESIAN_POINT('',(4.32649,-4.51448,18.35036));
#2258=CARTESIAN_POINT('',(4.62117,-4.08497,18.27477));
#2255=(
BOUNDED_CURVE()
B_SPLINE_CURVE(3,(#2250,#2257,#2258,#2190),.UNSPECIFIED.,.F.,.F.)
B_SPLINE_CURVE_WITH_KNOTS((4,4),(0.000,1.000),.UNSPECIFIED.)
CURVE()
GEOMETRIC_REPRESENTATION_ITEM()
RATIONAL_B_SPLINE_CURVE((1.0000000000,1.0000000000,1.0000000000,1.0000000000))
REPRESENTATION_ITEM('')
);

#2260=EDGE_CURVE('',#2252,#2191,#2255,.T.);
#2261=ORIENTED_EDGE('',*,*,#2260,.T.);
#2262=EDGE_LOOP('',(#2200,#2209,#2218,#2227,#2236,#2245,#2254,#2261));
#2263=FACE_BOUND('',#2262,.T.);
#2264=ADVANCED_FACE('',(#1819,#1893,#1967,#2041,#2115,#2189,#2263),#1781,.T.);
#2265=COLOUR_RGB('',0.39,0.39,0.39);
#2266=FILL_AREA_STYLE_COLOUR('',#2265);
#2267=FILL_AREA_STYLE('',(#2266));
#2268=SURFACE_STYLE_FILL_AREA(#2267);
#2269=SURFACE_STYLE_TRANSPARENT(0.00);
#2270=SURFACE_STYLE_RENDERING_WITH_PROPERTIES(.NORMAL_SHADING.,#2265,(#2269));
#2271=SURFACE_SIDE_STYLE('',(#2268, #2270));
#2272=SURFACE_STYLE_USAGE(.BOTH.,#2271);
#2273=PRESENTATION_STYLE_ASSIGNMENT((#2272));
#2274=STYLED_ITEM('',(#2273),#2264);

#2278=CARTESIAN_POINT('',(18.85000,-5.10000,-18.85000));
#2280=CARTESIAN_POINT('',(0.00000,-5.10000,-18.85000));
#2275=(
BOUNDED_SURFACE()
B_SPLINE_SURFACE(2,1,((#1786,#481),(#2278,#480),(#2280,#473)),.UNSPECIFIED.,.F.,.F.,.F.)
B_SPLINE_SURFACE_WITH_KNOTS((3,3),(2,2),(0.000,1.000),(0.000,1.000),.UNSPECIFIED.)
GEOMETRIC_REPRESENTATION_ITEM()
RATIONAL_B_SPLINE_SURFACE(((1.0000000000,1.0000000000),(0.7071067812,0.7071067812),(1.0000000000,1.0000000000)))
REPRESENTATION_ITEM('')
SURFACE()
);

#2290=ORIENTED_EDGE('',*,*,#1810,.F.);
#2298=ORIENTED_EDGE('',*,*,#484,.F.);
#2299=(
BOUNDED_CURVE()
B_SPLINE_CURVE(1,(#473,#2280),.UNSPECIFIED.,.F.,.F.)
B_SPLINE_CURVE_WITH_KNOTS((2,2),(0.000,1.000),.UNSPECIFIED.)
CURVE()
GEOMETRIC_REPRESENTATION_ITEM()
RATIONAL_B_SPLINE_CURVE((1.0000000000,1.0000000000))
REPRESENTATION_ITEM('')
);

#2303=VERTEX_POINT('',#2280);
#2304=EDGE_CURVE('',#475,#2303,#2299,.T.);
#2305=ORIENTED_EDGE('',*,*,#2304,.T.);
#2306=(
BOUNDED_CURVE()
B_SPLINE_CURVE(2,(#2280,#2278,#1786),.UNSPECIFIED.,.F.,.F.)
B_SPLINE_CURVE_WITH_KNOTS((3,3),(0.000,1.000),.UNSPECIFIED.)
CURVE()
GEOMETRIC_REPRESENTATION_ITEM()
RATIONAL_B_SPLINE_CURVE((1.0000000000,0.7071067812,1.0000000000))
REPRESENTATION_ITEM('')
);

#2310=EDGE_CURVE('',#2303,#1809,#2306,.T.);
#2311=ORIENTED_EDGE('',*,*,#2310,.T.);
#2312=EDGE_LOOP('',(#2290,#2298,#2305,#2311));
#2313=FACE_OUTER_BOUND('',#2312,.T.);
#2314=CARTESIAN_POINT('',(4.62117,-3.70000,-18.27477));
#2315=VERTEX_POINT('',#2314);
#2318=CARTESIAN_POINT('',(4.62117,-3.81275,-18.27477));
#2319=CARTESIAN_POINT('',(4.60213,-3.92708,-18.27962));
#2320=CARTESIAN_POINT('',(4.56562,-4.03337,-18.28873));
#2316=(
BOUNDED_CURVE()
B_SPLINE_CURVE(3,(#2314,#2318,#2319,#2320),.UNSPECIFIED.,.F.,.F.)
B_SPLINE_CURVE_WITH_KNOTS((4,4),(0.000,1.000),.UNSPECIFIED.)
CURVE()
GEOMETRIC_REPRESENTATION_ITEM()
RATIONAL_B_SPLINE_CURVE((1.0000000000,1.0000000000,1.0000000000,1.0000000000))
REPRESENTATION_ITEM('')
);

#2322=VERTEX_POINT('',#2320);
#2323=EDGE_CURVE('',#2315,#2322,#2316,.T.);
#2324=ORIENTED_EDGE('',*,*,#2323,.T.);
#2327=CARTESIAN_POINT('',(4.44096,-4.39627,-18.31985));
#2328=CARTESIAN_POINT('',(4.02288,-4.70000,-18.41975));
#2329=CARTESIAN_POINT('',(3.64518,-4.70000,-18.49419));
#2325=(
BOUNDED_CURVE()
B_SPLINE_CURVE(3,(#2320,#2327,#2328,#2329),.UNSPECIFIED.,.F.,.F.)
B_SPLINE_CURVE_WITH_KNOTS((4,4),(0.000,1.000),.UNSPECIFIED.)
CURVE()
GEOMETRIC_REPRESENTATION_ITEM()
RATIONAL_B_SPLINE_CURVE((1.0000000000,1.0000000000,1.0000000000,1.0000000000))
REPRESENTATION_ITEM('')
);

#2331=VERTEX_POINT('',#2329);
#2332=EDGE_CURVE('',#2322,#2331,#2325,.T.);
#2333=ORIENTED_EDGE('',*,*,#2332,.T.);
#2336=CARTESIAN_POINT('',(3.53456,-4.70000,-18.51600));
#2337=CARTESIAN_POINT('',(3.42218,-4.68038,-18.53706));
#2338=CARTESIAN_POINT('',(3.31753,-4.64280,-18.55577));
#2334=(
BOUNDED_CURVE()
B_SPLINE_CURVE(3,(#2329,#2336,#2337,#2338),.UNSPECIFIED.,.F.,.F.)
B_SPLINE_CURVE_WITH_KNOTS((4,4),(0.000,1.000),.UNSPECIFIED.)
CURVE()
GEOMETRIC_REPRESENTATION_ITEM()
RATIONAL_B_SPLINE_CURVE((1.0000000000,1.0000000000,1.0000000000,1.0000000000))
REPRESENTATION_ITEM('')
);

#2340=VERTEX_POINT('',#2338);
#2341=EDGE_CURVE('',#2331,#2340,#2334,.T.);
#2342=ORIENTED_EDGE('',*,*,#2341,.T.);
#2345=CARTESIAN_POINT('',(2.96024,-4.51448,-18.61965));
#2346=CARTESIAN_POINT('',(2.65892,-4.08497,-18.66153));
#2347=CARTESIAN_POINT('',(2.65892,-3.70000,-18.66153));
#2343=(
BOUNDED_CURVE()
B_SPLINE_CURVE(3,(#2338,#2345,#2346,#2347),.UNSPECIFIED.,.F.,.F.)
B_SPLINE_CURVE_WITH_KNOTS((4,4),(0.000,1.000),.UNSPECIFIED.)
CURVE()
GEOMETRIC_REPRESENTATION_ITEM()
RATIONAL_B_SPLINE_CURVE((1.0000000000,1.0000000000,1.0000000000,1.0000000000))
REPRESENTATION_ITEM('')
);

#2349=VERTEX_POINT('',#2347);
#2350=EDGE_CURVE('',#2340,#2349,#2343,.T.);
#2351=ORIENTED_EDGE('',*,*,#2350,.T.);
#2354=CARTESIAN_POINT('',(2.65892,-3.58725,-18.66153));
#2355=CARTESIAN_POINT('',(2.67838,-3.47292,-18.65878));
#2356=CARTESIAN_POINT('',(2.71562,-3.36663,-18.65336));
#2352=(
BOUNDED_CURVE()
B_SPLINE_CURVE(3,(#2347,#2354,#2355,#2356),.UNSPECIFIED.,.F.,.F.)
B_SPLINE_CURVE_WITH_KNOTS((4,4),(0.000,1.000),.UNSPECIFIED.)
CURVE()
GEOMETRIC_REPRESENTATION_ITEM()
RATIONAL_B_SPLINE_CURVE((1.0000000000,1.0000000000,1.0000000000,1.0000000000))
REPRESENTATION_ITEM('')
);

#2358=VERTEX_POINT('',#2356);
#2359=EDGE_CURVE('',#2349,#2358,#2352,.T.);
#2360=ORIENTED_EDGE('',*,*,#2359,.T.);
#2363=CARTESIAN_POINT('',(2.84276,-3.00373,-18.63485));
#2364=CARTESIAN_POINT('',(3.26748,-2.70000,-18.56864));
#2365=CARTESIAN_POINT('',(3.64518,-2.70000,-18.49419));
#2361=(
BOUNDED_CURVE()
B_SPLINE_CURVE(3,(#2356,#2363,#2364,#2365),.UNSPECIFIED.,.F.,.F.)
B_SPLINE_CURVE_WITH_KNOTS((4,4),(0.000,1.000),.UNSPECIFIED.)
CURVE()
GEOMETRIC_REPRESENTATION_ITEM()
RATIONAL_B_SPLINE_CURVE((1.0000000000,1.0000000000,1.0000000000,1.0000000000))
REPRESENTATION_ITEM('')
);

#2367=VERTEX_POINT('',#2365);
#2368=EDGE_CURVE('',#2358,#2367,#2361,.T.);
#2369=ORIENTED_EDGE('',*,*,#2368,.T.);
#2372=CARTESIAN_POINT('',(3.75580,-2.70000,-18.47239));
#2373=CARTESIAN_POINT('',(3.86777,-2.71962,-18.44923));
#2374=CARTESIAN_POINT('',(3.97169,-2.75720,-18.42683));
#2370=(
BOUNDED_CURVE()
B_SPLINE_CURVE(3,(#2365,#2372,#2373,#2374),.UNSPECIFIED.,.F.,.F.)
B_SPLINE_CURVE_WITH_KNOTS((4,4),(0.000,1.000),.UNSPECIFIED.)
CURVE()
GEOMETRIC_REPRESENTATION_ITEM()
RATIONAL_B_SPLINE_CURVE((1.0000000000,1.0000000000,1.0000000000,1.0000000000))
REPRESENTATION_ITEM('')
);

#2376=VERTEX_POINT('',#2374);
#2377=EDGE_CURVE('',#2367,#2376,#2370,.T.);
#2378=ORIENTED_EDGE('',*,*,#2377,.T.);
#2381=CARTESIAN_POINT('',(4.32649,-2.88552,-18.35036));
#2382=CARTESIAN_POINT('',(4.62117,-3.31503,-18.27477));
#2379=(
BOUNDED_CURVE()
B_SPLINE_CURVE(3,(#2374,#2381,#2382,#2314),.UNSPECIFIED.,.F.,.F.)
B_SPLINE_CURVE_WITH_KNOTS((4,4),(0.000,1.000),.UNSPECIFIED.)
CURVE()
GEOMETRIC_REPRESENTATION_ITEM()
RATIONAL_B_SPLINE_CURVE((1.0000000000,1.0000000000,1.0000000000,1.0000000000))
REPRESENTATION_ITEM('')
);

#2384=EDGE_CURVE('',#2376,#2315,#2379,.T.);
#2385=ORIENTED_EDGE('',*,*,#2384,.T.);
#2386=EDGE_LOOP('',(#2324,#2333,#2342,#2351,#2360,#2369,#2378,#2385));
#2387=FACE_BOUND('',#2386,.T.);
#2388=CARTESIAN_POINT('',(8.30762,-4.70000,-16.92058));
#2389=VERTEX_POINT('',#2388);
#2392=CARTESIAN_POINT('',(8.20641,-4.70000,-16.97027));
#2393=CARTESIAN_POINT('',(8.10331,-4.68038,-17.01970));
#2394=CARTESIAN_POINT('',(8.00708,-4.64280,-17.06485));
#2390=(
BOUNDED_CURVE()
B_SPLINE_CURVE(3,(#2388,#2392,#2393,#2394),.UNSPECIFIED.,.F.,.F.)
B_SPLINE_CURVE_WITH_KNOTS((4,4),(0.000,1.000),.UNSPECIFIED.)
CURVE()
GEOMETRIC_REPRESENTATION_ITEM()
RATIONAL_B_SPLINE_CURVE((1.0000000000,1.0000000000,1.0000000000,1.0000000000))
REPRESENTATION_ITEM('')
);

#2396=VERTEX_POINT('',#2394);
#2397=EDGE_CURVE('',#2389,#2396,#2390,.T.);
#2398=ORIENTED_EDGE('',*,*,#2397,.T.);
#2401=CARTESIAN_POINT('',(7.67849,-4.51448,-17.21903));
#2402=CARTESIAN_POINT('',(7.39828,-4.08497,-17.33747));
#2403=CARTESIAN_POINT('',(7.39828,-3.70000,-17.33747));
#2399=(
BOUNDED_CURVE()
B_SPLINE_CURVE(3,(#2394,#2401,#2402,#2403),.UNSPECIFIED.,.F.,.F.)
B_SPLINE_CURVE_WITH_KNOTS((4,4),(0.000,1.000),.UNSPECIFIED.)
CURVE()
GEOMETRIC_REPRESENTATION_ITEM()
RATIONAL_B_SPLINE_CURVE((1.0000000000,1.0000000000,1.0000000000,1.0000000000))
REPRESENTATION_ITEM('')
);

#2405=VERTEX_POINT('',#2403);
#2406=EDGE_CURVE('',#2396,#2405,#2399,.T.);
#2407=ORIENTED_EDGE('',*,*,#2406,.T.);
#2410=CARTESIAN_POINT('',(7.39828,-3.58725,-17.33747));
#2411=CARTESIAN_POINT('',(7.41636,-3.47292,-17.32978));
#2412=CARTESIAN_POINT('',(7.45093,-3.36663,-17.31491));
#2408=(
BOUNDED_CURVE()
B_SPLINE_CURVE(3,(#2403,#2410,#2411,#2412),.UNSPECIFIED.,.F.,.F.)
B_SPLINE_CURVE_WITH_KNOTS((4,4),(0.000,1.000),.UNSPECIFIED.)
CURVE()
GEOMETRIC_REPRESENTATION_ITEM()
RATIONAL_B_SPLINE_CURVE((1.0000000000,1.0000000000,1.0000000000,1.0000000000))
REPRESENTATION_ITEM('')
);

#2414=VERTEX_POINT('',#2412);
#2415=EDGE_CURVE('',#2405,#2414,#2408,.T.);
#2416=ORIENTED_EDGE('',*,*,#2415,.T.);
#2419=CARTESIAN_POINT('',(7.56895,-3.00373,-17.26413));
#2420=CARTESIAN_POINT('',(7.96206,-2.70000,-17.09024));
#2421=CARTESIAN_POINT('',(8.30762,-2.70000,-16.92058));
#2417=(
BOUNDED_CURVE()
B_SPLINE_CURVE(3,(#2412,#2419,#2420,#2421),.UNSPECIFIED.,.F.,.F.)
B_SPLINE_CURVE_WITH_KNOTS((4,4),(0.000,1.000),.UNSPECIFIED.)
CURVE()
GEOMETRIC_REPRESENTATION_ITEM()
RATIONAL_B_SPLINE_CURVE((1.0000000000,1.0000000000,1.0000000000,1.0000000000))
REPRESENTATION_ITEM('')
);

#2423=VERTEX_POINT('',#2421);
#2424=EDGE_CURVE('',#2414,#2423,#2417,.T.);
#2425=ORIENTED_EDGE('',*,*,#2424,.T.);
#2428=CARTESIAN_POINT('',(8.40883,-2.70000,-16.87088));
#2429=CARTESIAN_POINT('',(8.51099,-2.71962,-16.81954));
#2430=CARTESIAN_POINT('',(8.60557,-2.75720,-16.77101));
#2426=(
BOUNDED_CURVE()
B_SPLINE_CURVE(3,(#2421,#2428,#2429,#2430),.UNSPECIFIED.,.F.,.F.)
B_SPLINE_CURVE_WITH_KNOTS((4,4),(0.000,1.000),.UNSPECIFIED.)
CURVE()
GEOMETRIC_REPRESENTATION_ITEM()
RATIONAL_B_SPLINE_CURVE((1.0000000000,1.0000000000,1.0000000000,1.0000000000))
REPRESENTATION_ITEM('')
);

#2432=VERTEX_POINT('',#2430);
#2433=EDGE_CURVE('',#2423,#2432,#2426,.T.);
#2434=ORIENTED_EDGE('',*,*,#2433,.T.);
#2437=CARTESIAN_POINT('',(8.92849,-2.88552,-16.60531));
#2438=CARTESIAN_POINT('',(9.19357,-3.31503,-16.45603));
#2439=CARTESIAN_POINT('',(9.19357,-3.70000,-16.45603));
#2435=(
BOUNDED_CURVE()
B_SPLINE_CURVE(3,(#2430,#2437,#2438,#2439),.UNSPECIFIED.,.F.,.F.)
B_SPLINE_CURVE_WITH_KNOTS((4,4),(0.000,1.000),.UNSPECIFIED.)
CURVE()
GEOMETRIC_REPRESENTATION_ITEM()
RATIONAL_B_SPLINE_CURVE((1.0000000000,1.0000000000,1.0000000000,1.0000000000))
REPRESENTATION_ITEM('')
);

#2441=VERTEX_POINT('',#2439);
#2442=EDGE_CURVE('',#2432,#2441,#2435,.T.);
#2443=ORIENTED_EDGE('',*,*,#2442,.T.);
#2446=CARTESIAN_POINT('',(9.19357,-3.81275,-16.45603));
#2447=CARTESIAN_POINT('',(9.17643,-3.92708,-16.46563));
#2448=CARTESIAN_POINT('',(9.14352,-4.03337,-16.48389));
#2444=(
BOUNDED_CURVE()
B_SPLINE_CURVE(3,(#2439,#2446,#2447,#2448),.UNSPECIFIED.,.F.,.F.)
B_SPLINE_CURVE_WITH_KNOTS((4,4),(0.000,1.000),.UNSPECIFIED.)
CURVE()
GEOMETRIC_REPRESENTATION_ITEM()
RATIONAL_B_SPLINE_CURVE((1.0000000000,1.0000000000,1.0000000000,1.0000000000))
REPRESENTATION_ITEM('')
);

#2450=VERTEX_POINT('',#2448);
#2451=EDGE_CURVE('',#2441,#2450,#2444,.T.);
#2452=ORIENTED_EDGE('',*,*,#2451,.T.);
#2455=CARTESIAN_POINT('',(9.03117,-4.39627,-16.54621));
#2456=CARTESIAN_POINT('',(8.65319,-4.70000,-16.75091));
#2453=(
BOUNDED_CURVE()
B_SPLINE_CURVE(3,(#2448,#2455,#2456,#2388),.UNSPECIFIED.,.F.,.F.)
B_SPLINE_CURVE_WITH_KNOTS((4,4),(0.000,1.000),.UNSPECIFIED.)
CURVE()
GEOMETRIC_REPRESENTATION_ITEM()
RATIONAL_B_SPLINE_CURVE((1.0000000000,1.0000000000,1.0000000000,1.0000000000))
REPRESENTATION_ITEM('')
);

#2458=EDGE_CURVE('',#2450,#2389,#2453,.T.);
#2459=ORIENTED_EDGE('',*,*,#2458,.T.);
#2460=EDGE_LOOP('',(#2398,#2407,#2416,#2425,#2434,#2443,#2452,#2459));
#2461=FACE_BOUND('',#2460,.T.);
#2462=CARTESIAN_POINT('',(13.51583,-3.70000,-13.13944));
#2463=VERTEX_POINT('',#2462);
#2466=CARTESIAN_POINT('',(13.51583,-3.58725,-13.13944));
#2467=CARTESIAN_POINT('',(13.52955,-3.47292,-13.12537));
#2468=CARTESIAN_POINT('',(13.55570,-3.36663,-13.09831));
#2464=(
BOUNDED_CURVE()
B_SPLINE_CURVE(3,(#2462,#2466,#2467,#2468),.UNSPECIFIED.,.F.,.F.)
B_SPLINE_CURVE_WITH_KNOTS((4,4),(0.000,1.000),.UNSPECIFIED.)
CURVE()
GEOMETRIC_REPRESENTATION_ITEM()
RATIONAL_B_SPLINE_CURVE((1.0000000000,1.0000000000,1.0000000000,1.0000000000))
REPRESENTATION_ITEM('')
);

#2470=VERTEX_POINT('',#2468);
#2471=EDGE_CURVE('',#2463,#2470,#2464,.T.);
#2472=ORIENTED_EDGE('',*,*,#2471,.T.);
#2475=CARTESIAN_POINT('',(13.64497,-3.00373,-13.00591));
#2476=CARTESIAN_POINT('',(13.94053,-2.70000,-12.69379));
#2477=CARTESIAN_POINT('',(14.19385,-2.70000,-12.40391));
#2473=(
BOUNDED_CURVE()
B_SPLINE_CURVE(3,(#2468,#2475,#2476,#2477),.UNSPECIFIED.,.F.,.F.)
B_SPLINE_CURVE_WITH_KNOTS((4,4),(0.000,1.000),.UNSPECIFIED.)
CURVE()
GEOMETRIC_REPRESENTATION_ITEM()
RATIONAL_B_SPLINE_CURVE((1.0000000000,1.0000000000,1.0000000000,1.0000000000))
REPRESENTATION_ITEM('')
);

#2479=VERTEX_POINT('',#2477);
#2480=EDGE_CURVE('',#2470,#2479,#2473,.T.);
#2481=ORIENTED_EDGE('',*,*,#2480,.T.);
#2484=CARTESIAN_POINT('',(14.26805,-2.70000,-12.31901));
#2485=CARTESIAN_POINT('',(14.34247,-2.71962,-12.23222));
#2486=CARTESIAN_POINT('',(14.41100,-2.75720,-12.15095));
#2482=(
BOUNDED_CURVE()
B_SPLINE_CURVE(3,(#2477,#2484,#2485,#2486),.UNSPECIFIED.,.F.,.F.)
B_SPLINE_CURVE_WITH_KNOTS((4,4),(0.000,1.000),.UNSPECIFIED.)
CURVE()
GEOMETRIC_REPRESENTATION_ITEM()
RATIONAL_B_SPLINE_CURVE((1.0000000000,1.0000000000,1.0000000000,1.0000000000))
REPRESENTATION_ITEM('')
);

#2488=VERTEX_POINT('',#2486);
#2489=EDGE_CURVE('',#2479,#2488,#2482,.T.);
#2490=ORIENTED_EDGE('',*,*,#2489,.T.);
#2493=CARTESIAN_POINT('',(14.64496,-2.88552,-11.87347));
#2494=CARTESIAN_POINT('',(14.83190,-3.31503,-11.63346));
#2495=CARTESIAN_POINT('',(14.83190,-3.70000,-11.63346));
#2491=(
BOUNDED_CURVE()
B_SPLINE_CURVE(3,(#2486,#2493,#2494,#2495),.UNSPECIFIED.,.F.,.F.)
B_SPLINE_CURVE_WITH_KNOTS((4,4),(0.000,1.000),.UNSPECIFIED.)
CURVE()
GEOMETRIC_REPRESENTATION_ITEM()
RATIONAL_B_SPLINE_CURVE((1.0000000000,1.0000000000,1.0000000000,1.0000000000))
REPRESENTATION_ITEM('')
);

#2497=VERTEX_POINT('',#2495);
#2498=EDGE_CURVE('',#2488,#2497,#2491,.T.);
#2499=ORIENTED_EDGE('',*,*,#2498,.T.);
#2502=CARTESIAN_POINT('',(14.83190,-3.81275,-11.63346));
#2503=CARTESIAN_POINT('',(14.81979,-3.92708,-11.64894));
#2504=CARTESIAN_POINT('',(14.79648,-4.03337,-11.67847));
#2500=(
BOUNDED_CURVE()
B_SPLINE_CURVE(3,(#2495,#2502,#2503,#2504),.UNSPECIFIED.,.F.,.F.)
B_SPLINE_CURVE_WITH_KNOTS((4,4),(0.000,1.000),.UNSPECIFIED.)
CURVE()
GEOMETRIC_REPRESENTATION_ITEM()
RATIONAL_B_SPLINE_CURVE((1.0000000000,1.0000000000,1.0000000000,1.0000000000))
REPRESENTATION_ITEM('')
);

#2506=VERTEX_POINT('',#2504);
#2507=EDGE_CURVE('',#2497,#2506,#2500,.T.);
#2508=ORIENTED_EDGE('',*,*,#2507,.T.);
#2511=CARTESIAN_POINT('',(14.71688,-4.39627,-11.77933));
#2512=CARTESIAN_POINT('',(14.44717,-4.70000,-12.11404));
#2513=CARTESIAN_POINT('',(14.19385,-4.70000,-12.40391));
#2509=(
BOUNDED_CURVE()
B_SPLINE_CURVE(3,(#2504,#2511,#2512,#2513),.UNSPECIFIED.,.F.,.F.)
B_SPLINE_CURVE_WITH_KNOTS((4,4),(0.000,1.000),.UNSPECIFIED.)
CURVE()
GEOMETRIC_REPRESENTATION_ITEM()
RATIONAL_B_SPLINE_CURVE((1.0000000000,1.0000000000,1.0000000000,1.0000000000))
REPRESENTATION_ITEM('')
);

#2515=VERTEX_POINT('',#2513);
#2516=EDGE_CURVE('',#2506,#2515,#2509,.T.);
#2517=ORIENTED_EDGE('',*,*,#2516,.T.);
#2520=CARTESIAN_POINT('',(14.11966,-4.70000,-12.48882));
#2521=CARTESIAN_POINT('',(14.04362,-4.68038,-12.57420));
#2522=CARTESIAN_POINT('',(13.97226,-4.64280,-12.65300));
#2518=(
BOUNDED_CURVE()
B_SPLINE_CURVE(3,(#2513,#2520,#2521,#2522),.UNSPECIFIED.,.F.,.F.)
B_SPLINE_CURVE_WITH_KNOTS((4,4),(0.000,1.000),.UNSPECIFIED.)
CURVE()
GEOMETRIC_REPRESENTATION_ITEM()
RATIONAL_B_SPLINE_CURVE((1.0000000000,1.0000000000,1.0000000000,1.0000000000))
REPRESENTATION_ITEM('')
);

#2524=VERTEX_POINT('',#2522);
#2525=EDGE_CURVE('',#2515,#2524,#2518,.T.);
#2526=ORIENTED_EDGE('',*,*,#2525,.T.);
#2529=CARTESIAN_POINT('',(13.72863,-4.51448,-12.92203));
#2530=CARTESIAN_POINT('',(13.51583,-4.08497,-13.13944));
#2527=(
BOUNDED_CURVE()
B_SPLINE_CURVE(3,(#2522,#2529,#2530,#2462),.UNSPECIFIED.,.F.,.F.)
B_SPLINE_CURVE_WITH_KNOTS((4,4),(0.000,1.000),.UNSPECIFIED.)
CURVE()
GEOMETRIC_REPRESENTATION_ITEM()
RATIONAL_B_SPLINE_CURVE((1.0000000000,1.0000000000,1.0000000000,1.0000000000))
REPRESENTATION_ITEM('')
);

#2532=EDGE_CURVE('',#2524,#2463,#2527,.T.);
#2533=ORIENTED_EDGE('',*,*,#2532,.T.);
#2534=EDGE_LOOP('',(#2472,#2481,#2490,#2499,#2508,#2517,#2526,#2533));
#2535=FACE_BOUND('',#2534,.T.);
#2536=CARTESIAN_POINT('',(16.92058,-2.70000,-8.30762));
#2537=VERTEX_POINT('',#2536);
#2540=CARTESIAN_POINT('',(16.97027,-2.70000,-8.20641));
#2541=CARTESIAN_POINT('',(17.01970,-2.71962,-8.10331));
#2542=CARTESIAN_POINT('',(17.06485,-2.75720,-8.00708));
#2538=(
BOUNDED_CURVE()
B_SPLINE_CURVE(3,(#2536,#2540,#2541,#2542),.UNSPECIFIED.,.F.,.F.)
B_SPLINE_CURVE_WITH_KNOTS((4,4),(0.000,1.000),.UNSPECIFIED.)
CURVE()
GEOMETRIC_REPRESENTATION_ITEM()
RATIONAL_B_SPLINE_CURVE((1.0000000000,1.0000000000,1.0000000000,1.0000000000))
REPRESENTATION_ITEM('')
);

#2544=VERTEX_POINT('',#2542);
#2545=EDGE_CURVE('',#2537,#2544,#2538,.T.);
#2546=ORIENTED_EDGE('',*,*,#2545,.T.);
#2549=CARTESIAN_POINT('',(17.21903,-2.88552,-7.67849));
#2550=CARTESIAN_POINT('',(17.33747,-3.31503,-7.39828));
#2551=CARTESIAN_POINT('',(17.33747,-3.70000,-7.39828));
#2547=(
BOUNDED_CURVE()
B_SPLINE_CURVE(3,(#2542,#2549,#2550,#2551),.UNSPECIFIED.,.F.,.F.)
B_SPLINE_CURVE_WITH_KNOTS((4,4),(0.000,1.000),.UNSPECIFIED.)
CURVE()
GEOMETRIC_REPRESENTATION_ITEM()
RATIONAL_B_SPLINE_CURVE((1.0000000000,1.0000000000,1.0000000000,1.0000000000))
REPRESENTATION_ITEM('')
);

#2553=VERTEX_POINT('',#2551);
#2554=EDGE_CURVE('',#2544,#2553,#2547,.T.);
#2555=ORIENTED_EDGE('',*,*,#2554,.T.);
#2558=CARTESIAN_POINT('',(17.33747,-3.81275,-7.39828));
#2559=CARTESIAN_POINT('',(17.32978,-3.92708,-7.41636));
#2560=CARTESIAN_POINT('',(17.31491,-4.03337,-7.45093));
#2556=(
BOUNDED_CURVE()
B_SPLINE_CURVE(3,(#2551,#2558,#2559,#2560),.UNSPECIFIED.,.F.,.F.)
B_SPLINE_CURVE_WITH_KNOTS((4,4),(0.000,1.000),.UNSPECIFIED.)
CURVE()
GEOMETRIC_REPRESENTATION_ITEM()
RATIONAL_B_SPLINE_CURVE((1.0000000000,1.0000000000,1.0000000000,1.0000000000))
REPRESENTATION_ITEM('')
);

#2562=VERTEX_POINT('',#2560);
#2563=EDGE_CURVE('',#2553,#2562,#2556,.T.);
#2564=ORIENTED_EDGE('',*,*,#2563,.T.);
#2567=CARTESIAN_POINT('',(17.26413,-4.39627,-7.56895));
#2568=CARTESIAN_POINT('',(17.09024,-4.70000,-7.96206));
#2569=CARTESIAN_POINT('',(16.92058,-4.70000,-8.30762));
#2565=(
BOUNDED_CURVE()
B_SPLINE_CURVE(3,(#2560,#2567,#2568,#2569),.UNSPECIFIED.,.F.,.F.)
B_SPLINE_CURVE_WITH_KNOTS((4,4),(0.000,1.000),.UNSPECIFIED.)
CURVE()
GEOMETRIC_REPRESENTATION_ITEM()
RATIONAL_B_SPLINE_CURVE((1.0000000000,1.0000000000,1.0000000000,1.0000000000))
REPRESENTATION_ITEM('')
);

#2571=VERTEX_POINT('',#2569);
#2572=EDGE_CURVE('',#2562,#2571,#2565,.T.);
#2573=ORIENTED_EDGE('',*,*,#2572,.T.);
#2576=CARTESIAN_POINT('',(16.87088,-4.70000,-8.40883));
#2577=CARTESIAN_POINT('',(16.81954,-4.68038,-8.51099));
#2578=CARTESIAN_POINT('',(16.77101,-4.64280,-8.60557));
#2574=(
BOUNDED_CURVE()
B_SPLINE_CURVE(3,(#2569,#2576,#2577,#2578),.UNSPECIFIED.,.F.,.F.)
B_SPLINE_CURVE_WITH_KNOTS((4,4),(0.000,1.000),.UNSPECIFIED.)
CURVE()
GEOMETRIC_REPRESENTATION_ITEM()
RATIONAL_B_SPLINE_CURVE((1.0000000000,1.0000000000,1.0000000000,1.0000000000))
REPRESENTATION_ITEM('')
);

#2580=VERTEX_POINT('',#2578);
#2581=EDGE_CURVE('',#2571,#2580,#2574,.T.);
#2582=ORIENTED_EDGE('',*,*,#2581,.T.);
#2585=CARTESIAN_POINT('',(16.60531,-4.51448,-8.92849));
#2586=CARTESIAN_POINT('',(16.45603,-4.08497,-9.19357));
#2587=CARTESIAN_POINT('',(16.45603,-3.70000,-9.19357));
#2583=(
BOUNDED_CURVE()
B_SPLINE_CURVE(3,(#2578,#2585,#2586,#2587),.UNSPECIFIED.,.F.,.F.)
B_SPLINE_CURVE_WITH_KNOTS((4,4),(0.000,1.000),.UNSPECIFIED.)
CURVE()
GEOMETRIC_REPRESENTATION_ITEM()
RATIONAL_B_SPLINE_CURVE((1.0000000000,1.0000000000,1.0000000000,1.0000000000))
REPRESENTATION_ITEM('')
);

#2589=VERTEX_POINT('',#2587);
#2590=EDGE_CURVE('',#2580,#2589,#2583,.T.);
#2591=ORIENTED_EDGE('',*,*,#2590,.T.);
#2594=CARTESIAN_POINT('',(16.45603,-3.58725,-9.19357));
#2595=CARTESIAN_POINT('',(16.46563,-3.47292,-9.17643));
#2596=CARTESIAN_POINT('',(16.48389,-3.36663,-9.14352));
#2592=(
BOUNDED_CURVE()
B_SPLINE_CURVE(3,(#2587,#2594,#2595,#2596),.UNSPECIFIED.,.F.,.F.)
B_SPLINE_CURVE_WITH_KNOTS((4,4),(0.000,1.000),.UNSPECIFIED.)
CURVE()
GEOMETRIC_REPRESENTATION_ITEM()
RATIONAL_B_SPLINE_CURVE((1.0000000000,1.0000000000,1.0000000000,1.0000000000))
REPRESENTATION_ITEM('')
);

#2598=VERTEX_POINT('',#2596);
#2599=EDGE_CURVE('',#2589,#2598,#2592,.T.);
#2600=ORIENTED_EDGE('',*,*,#2599,.T.);
#2603=CARTESIAN_POINT('',(16.54621,-3.00373,-9.03117));
#2604=CARTESIAN_POINT('',(16.75091,-2.70000,-8.65319));
#2601=(
BOUNDED_CURVE()
B_SPLINE_CURVE(3,(#2596,#2603,#2604,#2536),.UNSPECIFIED.,.F.,.F.)
B_SPLINE_CURVE_WITH_KNOTS((4,4),(0.000,1.000),.UNSPECIFIED.)
CURVE()
GEOMETRIC_REPRESENTATION_ITEM()
RATIONAL_B_SPLINE_CURVE((1.0000000000,1.0000000000,1.0000000000,1.0000000000))
REPRESENTATION_ITEM('')
);

#2606=EDGE_CURVE('',#2598,#2537,#2601,.T.);
#2607=ORIENTED_EDGE('',*,*,#2606,.T.);
#2608=EDGE_LOOP('',(#2546,#2555,#2564,#2573,#2582,#2591,#2600,#2607));
#2609=FACE_BOUND('',#2608,.T.);
#2610=CARTESIAN_POINT('',(18.66153,-3.70000,-2.65892));
#2611=VERTEX_POINT('',#2610);
#2614=CARTESIAN_POINT('',(18.66153,-3.81275,-2.65892));
#2615=CARTESIAN_POINT('',(18.65878,-3.92708,-2.67838));
#2616=CARTESIAN_POINT('',(18.65336,-4.03337,-2.71562));
#2612=(
BOUNDED_CURVE()
B_SPLINE_CURVE(3,(#2610,#2614,#2615,#2616),.UNSPECIFIED.,.F.,.F.)
B_SPLINE_CURVE_WITH_KNOTS((4,4),(0.000,1.000),.UNSPECIFIED.)
CURVE()
GEOMETRIC_REPRESENTATION_ITEM()
RATIONAL_B_SPLINE_CURVE((1.0000000000,1.0000000000,1.0000000000,1.0000000000))
REPRESENTATION_ITEM('')
);

#2618=VERTEX_POINT('',#2616);
#2619=EDGE_CURVE('',#2611,#2618,#2612,.T.);
#2620=ORIENTED_EDGE('',*,*,#2619,.T.);
#2623=CARTESIAN_POINT('',(18.63485,-4.39627,-2.84276));
#2624=CARTESIAN_POINT('',(18.56864,-4.70000,-3.26748));
#2625=CARTESIAN_POINT('',(18.49419,-4.70000,-3.64518));
#2621=(
BOUNDED_CURVE()
B_SPLINE_CURVE(3,(#2616,#2623,#2624,#2625),.UNSPECIFIED.,.F.,.F.)
B_SPLINE_CURVE_WITH_KNOTS((4,4),(0.000,1.000),.UNSPECIFIED.)
CURVE()
GEOMETRIC_REPRESENTATION_ITEM()
RATIONAL_B_SPLINE_CURVE((1.0000000000,1.0000000000,1.0000000000,1.0000000000))
REPRESENTATION_ITEM('')
);

#2627=VERTEX_POINT('',#2625);
#2628=EDGE_CURVE('',#2618,#2627,#2621,.T.);
#2629=ORIENTED_EDGE('',*,*,#2628,.T.);
#2632=CARTESIAN_POINT('',(18.47239,-4.70000,-3.75580));
#2633=CARTESIAN_POINT('',(18.44923,-4.68038,-3.86777));
#2634=CARTESIAN_POINT('',(18.42683,-4.64280,-3.97169));
#2630=(
BOUNDED_CURVE()
B_SPLINE_CURVE(3,(#2625,#2632,#2633,#2634),.UNSPECIFIED.,.F.,.F.)
B_SPLINE_CURVE_WITH_KNOTS((4,4),(0.000,1.000),.UNSPECIFIED.)
CURVE()
GEOMETRIC_REPRESENTATION_ITEM()
RATIONAL_B_SPLINE_CURVE((1.0000000000,1.0000000000,1.0000000000,1.0000000000))
REPRESENTATION_ITEM('')
);

#2636=VERTEX_POINT('',#2634);
#2637=EDGE_CURVE('',#2627,#2636,#2630,.T.);
#2638=ORIENTED_EDGE('',*,*,#2637,.T.);
#2641=CARTESIAN_POINT('',(18.35036,-4.51448,-4.32649));
#2642=CARTESIAN_POINT('',(18.27477,-4.08497,-4.62117));
#2643=CARTESIAN_POINT('',(18.27477,-3.70000,-4.62117));
#2639=(
BOUNDED_CURVE()
B_SPLINE_CURVE(3,(#2634,#2641,#2642,#2643),.UNSPECIFIED.,.F.,.F.)
B_SPLINE_CURVE_WITH_KNOTS((4,4),(0.000,1.000),.UNSPECIFIED.)
CURVE()
GEOMETRIC_REPRESENTATION_ITEM()
RATIONAL_B_SPLINE_CURVE((1.0000000000,1.0000000000,1.0000000000,1.0000000000))
REPRESENTATION_ITEM('')
);

#2645=VERTEX_POINT('',#2643);
#2646=EDGE_CURVE('',#2636,#2645,#2639,.T.);
#2647=ORIENTED_EDGE('',*,*,#2646,.T.);
#2650=CARTESIAN_POINT('',(18.27477,-3.58725,-4.62117));
#2651=CARTESIAN_POINT('',(18.27962,-3.47292,-4.60213));
#2652=CARTESIAN_POINT('',(18.28873,-3.36663,-4.56562));
#2648=(
BOUNDED_CURVE()
B_SPLINE_CURVE(3,(#2643,#2650,#2651,#2652),.UNSPECIFIED.,.F.,.F.)
B_SPLINE_CURVE_WITH_KNOTS((4,4),(0.000,1.000),.UNSPECIFIED.)
CURVE()
GEOMETRIC_REPRESENTATION_ITEM()
RATIONAL_B_SPLINE_CURVE((1.0000000000,1.0000000000,1.0000000000,1.0000000000))
REPRESENTATION_ITEM('')
);

#2654=VERTEX_POINT('',#2652);
#2655=EDGE_CURVE('',#2645,#2654,#2648,.T.);
#2656=ORIENTED_EDGE('',*,*,#2655,.T.);
#2659=CARTESIAN_POINT('',(18.31985,-3.00373,-4.44096));
#2660=CARTESIAN_POINT('',(18.41975,-2.70000,-4.02288));
#2661=CARTESIAN_POINT('',(18.49419,-2.70000,-3.64518));
#2657=(
BOUNDED_CURVE()
B_SPLINE_CURVE(3,(#2652,#2659,#2660,#2661),.UNSPECIFIED.,.F.,.F.)
B_SPLINE_CURVE_WITH_KNOTS((4,4),(0.000,1.000),.UNSPECIFIED.)
CURVE()
GEOMETRIC_REPRESENTATION_ITEM()
RATIONAL_B_SPLINE_CURVE((1.0000000000,1.0000000000,1.0000000000,1.0000000000))
REPRESENTATION_ITEM('')
);

#2663=VERTEX_POINT('',#2661);
#2664=EDGE_CURVE('',#2654,#2663,#2657,.T.);
#2665=ORIENTED_EDGE('',*,*,#2664,.T.);
#2668=CARTESIAN_POINT('',(18.51600,-2.70000,-3.53456));
#2669=CARTESIAN_POINT('',(18.53706,-2.71962,-3.42218));
#2670=CARTESIAN_POINT('',(18.55577,-2.75720,-3.31753));
#2666=(
BOUNDED_CURVE()
B_SPLINE_CURVE(3,(#2661,#2668,#2669,#2670),.UNSPECIFIED.,.F.,.F.)
B_SPLINE_CURVE_WITH_KNOTS((4,4),(0.000,1.000),.UNSPECIFIED.)
CURVE()
GEOMETRIC_REPRESENTATION_ITEM()
RATIONAL_B_SPLINE_CURVE((1.0000000000,1.0000000000,1.0000000000,1.0000000000))
REPRESENTATION_ITEM('')
);

#2672=VERTEX_POINT('',#2670);
#2673=EDGE_CURVE('',#2663,#2672,#2666,.T.);
#2674=ORIENTED_EDGE('',*,*,#2673,.T.);
#2677=CARTESIAN_POINT('',(18.61965,-2.88552,-2.96024));
#2678=CARTESIAN_POINT('',(18.66153,-3.31503,-2.65892));
#2675=(
BOUNDED_CURVE()
B_SPLINE_CURVE(3,(#2670,#2677,#2678,#2610),.UNSPECIFIED.,.F.,.F.)
B_SPLINE_CURVE_WITH_KNOTS((4,4),(0.000,1.000),.UNSPECIFIED.)
CURVE()
GEOMETRIC_REPRESENTATION_ITEM()
RATIONAL_B_SPLINE_CURVE((1.0000000000,1.0000000000,1.0000000000,1.0000000000))
REPRESENTATION_ITEM('')
);

#2680=EDGE_CURVE('',#2672,#2611,#2675,.T.);
#2681=ORIENTED_EDGE('',*,*,#2680,.T.);
#2682=EDGE_LOOP('',(#2620,#2629,#2638,#2647,#2656,#2665,#2674,#2681));
#2683=FACE_BOUND('',#2682,.T.);
#2684=ADVANCED_FACE('',(#2313,#2387,#2461,#2535,#2609,#2683),#2275,.T.);
#2685=COLOUR_RGB('',0.39,0.39,0.39);
#2686=FILL_AREA_STYLE_COLOUR('',#2685);
#2687=FILL_AREA_STYLE('',(#2686));
#2688=SURFACE_STYLE_FILL_AREA(#2687);
#2689=SURFACE_STYLE_TRANSPARENT(0.00);
#2690=SURFACE_STYLE_RENDERING_WITH_PROPERTIES(.NORMAL_SHADING.,#2685,(#2689));
#2691=SURFACE_SIDE_STYLE('',(#2688, #2690));
#2692=SURFACE_STYLE_USAGE(.BOTH.,#2691);
#2693=PRESENTATION_STYLE_ASSIGNMENT((#2692));
#2694=STYLED_ITEM('',(#2693),#2684);

#2698=CARTESIAN_POINT('',(-18.85000,-5.10000,-18.85000));
#2695=(
BOUNDED_SURFACE()
B_SPLINE_SURFACE(2,1,((#2280,#473),(#2698,#472),(#1288,#465)),.UNSPECIFIED.,.F.,.F.,.F.)
B_SPLINE_SURFACE_WITH_KNOTS((3,3),(2,2),(0.000,1.000),(0.000,1.000),.UNSPECIFIED.)
GEOMETRIC_REPRESENTATION_ITEM()
RATIONAL_B_SPLINE_SURFACE(((1.0000000000,1.0000000000),(0.7071067812,0.7071067812),(1.0000000000,1.0000000000)))
REPRESENTATION_ITEM('')
SURFACE()
);

#2710=ORIENTED_EDGE('',*,*,#2304,.F.);
#2718=ORIENTED_EDGE('',*,*,#476,.F.);
#2725=ORIENTED_EDGE('',*,*,#1301,.F.);
#2726=(
BOUNDED_CURVE()
B_SPLINE_CURVE(2,(#1288,#2698,#2280),.UNSPECIFIED.,.F.,.F.)
B_SPLINE_CURVE_WITH_KNOTS((3,3),(0.000,1.000),.UNSPECIFIED.)
CURVE()
GEOMETRIC_REPRESENTATION_ITEM()
RATIONAL_B_SPLINE_CURVE((1.0000000000,0.7071067812,1.0000000000))
REPRESENTATION_ITEM('')
);

#2730=EDGE_CURVE('',#1295,#2303,#2726,.T.);
#2731=ORIENTED_EDGE('',*,*,#2730,.T.);
#2732=EDGE_LOOP('',(#2710,#2718,#2725,#2731));
#2733=FACE_OUTER_BOUND('',#2732,.T.);
#2734=CARTESIAN_POINT('',(-18.66153,-3.70000,-2.65892));
#2735=VERTEX_POINT('',#2734);
#2738=CARTESIAN_POINT('',(-18.66153,-3.58725,-2.65892));
#2739=CARTESIAN_POINT('',(-18.65878,-3.47292,-2.67838));
#2740=CARTESIAN_POINT('',(-18.65336,-3.36663,-2.71562));
#2736=(
BOUNDED_CURVE()
B_SPLINE_CURVE(3,(#2734,#2738,#2739,#2740),.UNSPECIFIED.,.F.,.F.)
B_SPLINE_CURVE_WITH_KNOTS((4,4),(0.000,1.000),.UNSPECIFIED.)
CURVE()
GEOMETRIC_REPRESENTATION_ITEM()
RATIONAL_B_SPLINE_CURVE((1.0000000000,1.0000000000,1.0000000000,1.0000000000))
REPRESENTATION_ITEM('')
);

#2742=VERTEX_POINT('',#2740);
#2743=EDGE_CURVE('',#2735,#2742,#2736,.T.);
#2744=ORIENTED_EDGE('',*,*,#2743,.T.);
#2747=CARTESIAN_POINT('',(-18.63485,-3.00373,-2.84276));
#2748=CARTESIAN_POINT('',(-18.56864,-2.70000,-3.26748));
#2749=CARTESIAN_POINT('',(-18.49419,-2.70000,-3.64518));
#2745=(
BOUNDED_CURVE()
B_SPLINE_CURVE(3,(#2740,#2747,#2748,#2749),.UNSPECIFIED.,.F.,.F.)
B_SPLINE_CURVE_WITH_KNOTS((4,4),(0.000,1.000),.UNSPECIFIED.)
CURVE()
GEOMETRIC_REPRESENTATION_ITEM()
RATIONAL_B_SPLINE_CURVE((1.0000000000,1.0000000000,1.0000000000,1.0000000000))
REPRESENTATION_ITEM('')
);

#2751=VERTEX_POINT('',#2749);
#2752=EDGE_CURVE('',#2742,#2751,#2745,.T.);
#2753=ORIENTED_EDGE('',*,*,#2752,.T.);
#2756=CARTESIAN_POINT('',(-18.47239,-2.70000,-3.75580));
#2757=CARTESIAN_POINT('',(-18.44923,-2.71962,-3.86777));
#2758=CARTESIAN_POINT('',(-18.42683,-2.75720,-3.97169));
#2754=(
BOUNDED_CURVE()
B_SPLINE_CURVE(3,(#2749,#2756,#2757,#2758),.UNSPECIFIED.,.F.,.F.)
B_SPLINE_CURVE_WITH_KNOTS((4,4),(0.000,1.000),.UNSPECIFIED.)
CURVE()
GEOMETRIC_REPRESENTATION_ITEM()
RATIONAL_B_SPLINE_CURVE((1.0000000000,1.0000000000,1.0000000000,1.0000000000))
REPRESENTATION_ITEM('')
);

#2760=VERTEX_POINT('',#2758);
#2761=EDGE_CURVE('',#2751,#2760,#2754,.T.);
#2762=ORIENTED_EDGE('',*,*,#2761,.T.);
#2765=CARTESIAN_POINT('',(-18.35036,-2.88552,-4.32649));
#2766=CARTESIAN_POINT('',(-18.27477,-3.31503,-4.62117));
#2767=CARTESIAN_POINT('',(-18.27477,-3.70000,-4.62117));
#2763=(
BOUNDED_CURVE()
B_SPLINE_CURVE(3,(#2758,#2765,#2766,#2767),.UNSPECIFIED.,.F.,.F.)
B_SPLINE_CURVE_WITH_KNOTS((4,4),(0.000,1.000),.UNSPECIFIED.)
CURVE()
GEOMETRIC_REPRESENTATION_ITEM()
RATIONAL_B_SPLINE_CURVE((1.0000000000,1.0000000000,1.0000000000,1.0000000000))
REPRESENTATION_ITEM('')
);

#2769=VERTEX_POINT('',#2767);
#2770=EDGE_CURVE('',#2760,#2769,#2763,.T.);
#2771=ORIENTED_EDGE('',*,*,#2770,.T.);
#2774=CARTESIAN_POINT('',(-18.27477,-3.81275,-4.62117));
#2775=CARTESIAN_POINT('',(-18.27962,-3.92708,-4.60213));
#2776=CARTESIAN_POINT('',(-18.28873,-4.03337,-4.56562));
#2772=(
BOUNDED_CURVE()
B_SPLINE_CURVE(3,(#2767,#2774,#2775,#2776),.UNSPECIFIED.,.F.,.F.)
B_SPLINE_CURVE_WITH_KNOTS((4,4),(0.000,1.000),.UNSPECIFIED.)
CURVE()
GEOMETRIC_REPRESENTATION_ITEM()
RATIONAL_B_SPLINE_CURVE((1.0000000000,1.0000000000,1.0000000000,1.0000000000))
REPRESENTATION_ITEM('')
);

#2778=VERTEX_POINT('',#2776);
#2779=EDGE_CURVE('',#2769,#2778,#2772,.T.);
#2780=ORIENTED_EDGE('',*,*,#2779,.T.);
#2783=CARTESIAN_POINT('',(-18.31985,-4.39627,-4.44096));
#2784=CARTESIAN_POINT('',(-18.41975,-4.70000,-4.02288));
#2785=CARTESIAN_POINT('',(-18.49419,-4.70000,-3.64518));
#2781=(
BOUNDED_CURVE()
B_SPLINE_CURVE(3,(#2776,#2783,#2784,#2785),.UNSPECIFIED.,.F.,.F.)
B_SPLINE_CURVE_WITH_KNOTS((4,4),(0.000,1.000),.UNSPECIFIED.)
CURVE()
GEOMETRIC_REPRESENTATION_ITEM()
RATIONAL_B_SPLINE_CURVE((1.0000000000,1.0000000000,1.0000000000,1.0000000000))
REPRESENTATION_ITEM('')
);

#2787=VERTEX_POINT('',#2785);
#2788=EDGE_CURVE('',#2778,#2787,#2781,.T.);
#2789=ORIENTED_EDGE('',*,*,#2788,.T.);
#2792=CARTESIAN_POINT('',(-18.51600,-4.70000,-3.53456));
#2793=CARTESIAN_POINT('',(-18.53706,-4.68038,-3.42218));
#2794=CARTESIAN_POINT('',(-18.55577,-4.64280,-3.31753));
#2790=(
BOUNDED_CURVE()
B_SPLINE_CURVE(3,(#2785,#2792,#2793,#2794),.UNSPECIFIED.,.F.,.F.)
B_SPLINE_CURVE_WITH_KNOTS((4,4),(0.000,1.000),.UNSPECIFIED.)
CURVE()
GEOMETRIC_REPRESENTATION_ITEM()
RATIONAL_B_SPLINE_CURVE((1.0000000000,1.0000000000,1.0000000000,1.0000000000))
REPRESENTATION_ITEM('')
);

#2796=VERTEX_POINT('',#2794);
#2797=EDGE_CURVE('',#2787,#2796,#2790,.T.);
#2798=ORIENTED_EDGE('',*,*,#2797,.T.);
#2801=CARTESIAN_POINT('',(-18.61965,-4.51448,-2.96024));
#2802=CARTESIAN_POINT('',(-18.66153,-4.08497,-2.65892));
#2799=(
BOUNDED_CURVE()
B_SPLINE_CURVE(3,(#2794,#2801,#2802,#2734),.UNSPECIFIED.,.F.,.F.)
B_SPLINE_CURVE_WITH_KNOTS((4,4),(0.000,1.000),.UNSPECIFIED.)
CURVE()
GEOMETRIC_REPRESENTATION_ITEM()
RATIONAL_B_SPLINE_CURVE((1.0000000000,1.0000000000,1.0000000000,1.0000000000))
REPRESENTATION_ITEM('')
);

#2804=EDGE_CURVE('',#2796,#2735,#2799,.T.);
#2805=ORIENTED_EDGE('',*,*,#2804,.T.);
#2806=EDGE_LOOP('',(#2744,#2753,#2762,#2771,#2780,#2789,#2798,#2805));
#2807=FACE_BOUND('',#2806,.T.);
#2808=CARTESIAN_POINT('',(-16.92058,-2.70000,-8.30762));
#2809=VERTEX_POINT('',#2808);
#2812=CARTESIAN_POINT('',(-16.87088,-2.70000,-8.40883));
#2813=CARTESIAN_POINT('',(-16.81954,-2.71962,-8.51099));
#2814=CARTESIAN_POINT('',(-16.77101,-2.75720,-8.60557));
#2810=(
BOUNDED_CURVE()
B_SPLINE_CURVE(3,(#2808,#2812,#2813,#2814),.UNSPECIFIED.,.F.,.F.)
B_SPLINE_CURVE_WITH_KNOTS((4,4),(0.000,1.000),.UNSPECIFIED.)
CURVE()
GEOMETRIC_REPRESENTATION_ITEM()
RATIONAL_B_SPLINE_CURVE((1.0000000000,1.0000000000,1.0000000000,1.0000000000))
REPRESENTATION_ITEM('')
);

#2816=VERTEX_POINT('',#2814);
#2817=EDGE_CURVE('',#2809,#2816,#2810,.T.);
#2818=ORIENTED_EDGE('',*,*,#2817,.T.);
#2821=CARTESIAN_POINT('',(-16.60531,-2.88552,-8.92849));
#2822=CARTESIAN_POINT('',(-16.45603,-3.31503,-9.19357));
#2823=CARTESIAN_POINT('',(-16.45603,-3.70000,-9.19357));
#2819=(
BOUNDED_CURVE()
B_SPLINE_CURVE(3,(#2814,#2821,#2822,#2823),.UNSPECIFIED.,.F.,.F.)
B_SPLINE_CURVE_WITH_KNOTS((4,4),(0.000,1.000),.UNSPECIFIED.)
CURVE()
GEOMETRIC_REPRESENTATION_ITEM()
RATIONAL_B_SPLINE_CURVE((1.0000000000,1.0000000000,1.0000000000,1.0000000000))
REPRESENTATION_ITEM('')
);

#2825=VERTEX_POINT('',#2823);
#2826=EDGE_CURVE('',#2816,#2825,#2819,.T.);
#2827=ORIENTED_EDGE('',*,*,#2826,.T.);
#2830=CARTESIAN_POINT('',(-16.45603,-3.81275,-9.19357));
#2831=CARTESIAN_POINT('',(-16.46563,-3.92708,-9.17643));
#2832=CARTESIAN_POINT('',(-16.48389,-4.03337,-9.14352));
#2828=(
BOUNDED_CURVE()
B_SPLINE_CURVE(3,(#2823,#2830,#2831,#2832),.UNSPECIFIED.,.F.,.F.)
B_SPLINE_CURVE_WITH_KNOTS((4,4),(0.000,1.000),.UNSPECIFIED.)
CURVE()
GEOMETRIC_REPRESENTATION_ITEM()
RATIONAL_B_SPLINE_CURVE((1.0000000000,1.0000000000,1.0000000000,1.0000000000))
REPRESENTATION_ITEM('')
);

#2834=VERTEX_POINT('',#2832);
#2835=EDGE_CURVE('',#2825,#2834,#2828,.T.);
#2836=ORIENTED_EDGE('',*,*,#2835,.T.);
#2839=CARTESIAN_POINT('',(-16.54621,-4.39627,-9.03117));
#2840=CARTESIAN_POINT('',(-16.75091,-4.70000,-8.65319));
#2841=CARTESIAN_POINT('',(-16.92058,-4.70000,-8.30762));
#2837=(
BOUNDED_CURVE()
B_SPLINE_CURVE(3,(#2832,#2839,#2840,#2841),.UNSPECIFIED.,.F.,.F.)
B_SPLINE_CURVE_WITH_KNOTS((4,4),(0.000,1.000),.UNSPECIFIED.)
CURVE()
GEOMETRIC_REPRESENTATION_ITEM()
RATIONAL_B_SPLINE_CURVE((1.0000000000,1.0000000000,1.0000000000,1.0000000000))
REPRESENTATION_ITEM('')
);

#2843=VERTEX_POINT('',#2841);
#2844=EDGE_CURVE('',#2834,#2843,#2837,.T.);
#2845=ORIENTED_EDGE('',*,*,#2844,.T.);
#2848=CARTESIAN_POINT('',(-16.97027,-4.70000,-8.20641));
#2849=CARTESIAN_POINT('',(-17.01970,-4.68038,-8.10331));
#2850=CARTESIAN_POINT('',(-17.06485,-4.64280,-8.00708));
#2846=(
BOUNDED_CURVE()
B_SPLINE_CURVE(3,(#2841,#2848,#2849,#2850),.UNSPECIFIED.,.F.,.F.)
B_SPLINE_CURVE_WITH_KNOTS((4,4),(0.000,1.000),.UNSPECIFIED.)
CURVE()
GEOMETRIC_REPRESENTATION_ITEM()
RATIONAL_B_SPLINE_CURVE((1.0000000000,1.0000000000,1.0000000000,1.0000000000))
REPRESENTATION_ITEM('')
);

#2852=VERTEX_POINT('',#2850);
#2853=EDGE_CURVE('',#2843,#2852,#2846,.T.);
#2854=ORIENTED_EDGE('',*,*,#2853,.T.);
#2857=CARTESIAN_POINT('',(-17.21903,-4.51448,-7.67849));
#2858=CARTESIAN_POINT('',(-17.33747,-4.08497,-7.39828));
#2859=CARTESIAN_POINT('',(-17.33747,-3.70000,-7.39828));
#2855=(
BOUNDED_CURVE()
B_SPLINE_CURVE(3,(#2850,#2857,#2858,#2859),.UNSPECIFIED.,.F.,.F.)
B_SPLINE_CURVE_WITH_KNOTS((4,4),(0.000,1.000),.UNSPECIFIED.)
CURVE()
GEOMETRIC_REPRESENTATION_ITEM()
RATIONAL_B_SPLINE_CURVE((1.0000000000,1.0000000000,1.0000000000,1.0000000000))
REPRESENTATION_ITEM('')
);

#2861=VERTEX_POINT('',#2859);
#2862=EDGE_CURVE('',#2852,#2861,#2855,.T.);
#2863=ORIENTED_EDGE('',*,*,#2862,.T.);
#2866=CARTESIAN_POINT('',(-17.33747,-3.58725,-7.39828));
#2867=CARTESIAN_POINT('',(-17.32978,-3.47292,-7.41636));
#2868=CARTESIAN_POINT('',(-17.31491,-3.36663,-7.45093));
#2864=(
BOUNDED_CURVE()
B_SPLINE_CURVE(3,(#2859,#2866,#2867,#2868),.UNSPECIFIED.,.F.,.F.)
B_SPLINE_CURVE_WITH_KNOTS((4,4),(0.000,1.000),.UNSPECIFIED.)
CURVE()
GEOMETRIC_REPRESENTATION_ITEM()
RATIONAL_B_SPLINE_CURVE((1.0000000000,1.0000000000,1.0000000000,1.0000000000))
REPRESENTATION_ITEM('')
);

#2870=VERTEX_POINT('',#2868);
#2871=EDGE_CURVE('',#2861,#2870,#2864,.T.);
#2872=ORIENTED_EDGE('',*,*,#2871,.T.);
#2875=CARTESIAN_POINT('',(-17.26413,-3.00373,-7.56895));
#2876=CARTESIAN_POINT('',(-17.09024,-2.70000,-7.96206));
#2873=(
BOUNDED_CURVE()
B_SPLINE_CURVE(3,(#2868,#2875,#2876,#2808),.UNSPECIFIED.,.F.,.F.)
B_SPLINE_CURVE_WITH_KNOTS((4,4),(0.000,1.000),.UNSPECIFIED.)
CURVE()
GEOMETRIC_REPRESENTATION_ITEM()
RATIONAL_B_SPLINE_CURVE((1.0000000000,1.0000000000,1.0000000000,1.0000000000))
REPRESENTATION_ITEM('')
);

#2878=EDGE_CURVE('',#2870,#2809,#2873,.T.);
#2879=ORIENTED_EDGE('',*,*,#2878,.T.);
#2880=EDGE_LOOP('',(#2818,#2827,#2836,#2845,#2854,#2863,#2872,#2879));
#2881=FACE_BOUND('',#2880,.T.);
#2882=CARTESIAN_POINT('',(-13.51583,-3.70000,-13.13944));
#2883=VERTEX_POINT('',#2882);
#2886=CARTESIAN_POINT('',(-13.51583,-3.81275,-13.13944));
#2887=CARTESIAN_POINT('',(-13.52955,-3.92708,-13.12537));
#2888=CARTESIAN_POINT('',(-13.55570,-4.03337,-13.09831));
#2884=(
BOUNDED_CURVE()
B_SPLINE_CURVE(3,(#2882,#2886,#2887,#2888),.UNSPECIFIED.,.F.,.F.)
B_SPLINE_CURVE_WITH_KNOTS((4,4),(0.000,1.000),.UNSPECIFIED.)
CURVE()
GEOMETRIC_REPRESENTATION_ITEM()
RATIONAL_B_SPLINE_CURVE((1.0000000000,1.0000000000,1.0000000000,1.0000000000))
REPRESENTATION_ITEM('')
);

#2890=VERTEX_POINT('',#2888);
#2891=EDGE_CURVE('',#2883,#2890,#2884,.T.);
#2892=ORIENTED_EDGE('',*,*,#2891,.T.);
#2895=CARTESIAN_POINT('',(-13.64497,-4.39627,-13.00591));
#2896=CARTESIAN_POINT('',(-13.94053,-4.70000,-12.69379));
#2897=CARTESIAN_POINT('',(-14.19385,-4.70000,-12.40391));
#2893=(
BOUNDED_CURVE()
B_SPLINE_CURVE(3,(#2888,#2895,#2896,#2897),.UNSPECIFIED.,.F.,.F.)
B_SPLINE_CURVE_WITH_KNOTS((4,4),(0.000,1.000),.UNSPECIFIED.)
CURVE()
GEOMETRIC_REPRESENTATION_ITEM()
RATIONAL_B_SPLINE_CURVE((1.0000000000,1.0000000000,1.0000000000,1.0000000000))
REPRESENTATION_ITEM('')
);

#2899=VERTEX_POINT('',#2897);
#2900=EDGE_CURVE('',#2890,#2899,#2893,.T.);
#2901=ORIENTED_EDGE('',*,*,#2900,.T.);
#2904=CARTESIAN_POINT('',(-14.26805,-4.70000,-12.31901));
#2905=CARTESIAN_POINT('',(-14.34247,-4.68038,-12.23222));
#2906=CARTESIAN_POINT('',(-14.41100,-4.64280,-12.15095));
#2902=(
BOUNDED_CURVE()
B_SPLINE_CURVE(3,(#2897,#2904,#2905,#2906),.UNSPECIFIED.,.F.,.F.)
B_SPLINE_CURVE_WITH_KNOTS((4,4),(0.000,1.000),.UNSPECIFIED.)
CURVE()
GEOMETRIC_REPRESENTATION_ITEM()
RATIONAL_B_SPLINE_CURVE((1.0000000000,1.0000000000,1.0000000000,1.0000000000))
REPRESENTATION_ITEM('')
);

#2908=VERTEX_POINT('',#2906);
#2909=EDGE_CURVE('',#2899,#2908,#2902,.T.);
#2910=ORIENTED_EDGE('',*,*,#2909,.T.);
#2913=CARTESIAN_POINT('',(-14.64496,-4.51448,-11.87347));
#2914=CARTESIAN_POINT('',(-14.83190,-4.08497,-11.63346));
#2915=CARTESIAN_POINT('',(-14.83190,-3.70000,-11.63346));
#2911=(
BOUNDED_CURVE()
B_SPLINE_CURVE(3,(#2906,#2913,#2914,#2915),.UNSPECIFIED.,.F.,.F.)
B_SPLINE_CURVE_WITH_KNOTS((4,4),(0.000,1.000),.UNSPECIFIED.)
CURVE()
GEOMETRIC_REPRESENTATION_ITEM()
RATIONAL_B_SPLINE_CURVE((1.0000000000,1.0000000000,1.0000000000,1.0000000000))
REPRESENTATION_ITEM('')
);

#2917=VERTEX_POINT('',#2915);
#2918=EDGE_CURVE('',#2908,#2917,#2911,.T.);
#2919=ORIENTED_EDGE('',*,*,#2918,.T.);
#2922=CARTESIAN_POINT('',(-14.83190,-3.58725,-11.63346));
#2923=CARTESIAN_POINT('',(-14.81979,-3.47292,-11.64894));
#2924=CARTESIAN_POINT('',(-14.79648,-3.36663,-11.67847));
#2920=(
BOUNDED_CURVE()
B_SPLINE_CURVE(3,(#2915,#2922,#2923,#2924),.UNSPECIFIED.,.F.,.F.)
B_SPLINE_CURVE_WITH_KNOTS((4,4),(0.000,1.000),.UNSPECIFIED.)
CURVE()
GEOMETRIC_REPRESENTATION_ITEM()
RATIONAL_B_SPLINE_CURVE((1.0000000000,1.0000000000,1.0000000000,1.0000000000))
REPRESENTATION_ITEM('')
);

#2926=VERTEX_POINT('',#2924);
#2927=EDGE_CURVE('',#2917,#2926,#2920,.T.);
#2928=ORIENTED_EDGE('',*,*,#2927,.T.);
#2931=CARTESIAN_POINT('',(-14.71688,-3.00373,-11.77933));
#2932=CARTESIAN_POINT('',(-14.44717,-2.70000,-12.11404));
#2933=CARTESIAN_POINT('',(-14.19385,-2.70000,-12.40391));
#2929=(
BOUNDED_CURVE()
B_SPLINE_CURVE(3,(#2924,#2931,#2932,#2933),.UNSPECIFIED.,.F.,.F.)
B_SPLINE_CURVE_WITH_KNOTS((4,4),(0.000,1.000),.UNSPECIFIED.)
CURVE()
GEOMETRIC_REPRESENTATION_ITEM()
RATIONAL_B_SPLINE_CURVE((1.0000000000,1.0000000000,1.0000000000,1.0000000000))
REPRESENTATION_ITEM('')
);

#2935=VERTEX_POINT('',#2933);
#2936=EDGE_CURVE('',#2926,#2935,#2929,.T.);
#2937=ORIENTED_EDGE('',*,*,#2936,.T.);
#2940=CARTESIAN_POINT('',(-14.11966,-2.70000,-12.48882));
#2941=CARTESIAN_POINT('',(-14.04362,-2.71962,-12.57420));
#2942=CARTESIAN_POINT('',(-13.97226,-2.75720,-12.65300));
#2938=(
BOUNDED_CURVE()
B_SPLINE_CURVE(3,(#2933,#2940,#2941,#2942),.UNSPECIFIED.,.F.,.F.)
B_SPLINE_CURVE_WITH_KNOTS((4,4),(0.000,1.000),.UNSPECIFIED.)
CURVE()
GEOMETRIC_REPRESENTATION_ITEM()
RATIONAL_B_SPLINE_CURVE((1.0000000000,1.0000000000,1.0000000000,1.0000000000))
REPRESENTATION_ITEM('')
);

#2944=VERTEX_POINT('',#2942);
#2945=EDGE_CURVE('',#2935,#2944,#2938,.T.);
#2946=ORIENTED_EDGE('',*,*,#2945,.T.);
#2949=CARTESIAN_POINT('',(-13.72863,-2.88552,-12.92203));
#2950=CARTESIAN_POINT('',(-13.51583,-3.31503,-13.13944));
#2947=(
BOUNDED_CURVE()
B_SPLINE_CURVE(3,(#2942,#2949,#2950,#2882),.UNSPECIFIED.,.F.,.F.)
B_SPLINE_CURVE_WITH_KNOTS((4,4),(0.000,1.000),.UNSPECIFIED.)
CURVE()
GEOMETRIC_REPRESENTATION_ITEM()
RATIONAL_B_SPLINE_CURVE((1.0000000000,1.0000000000,1.0000000000,1.0000000000))
REPRESENTATION_ITEM('')
);

#2952=EDGE_CURVE('',#2944,#2883,#2947,.T.);
#2953=ORIENTED_EDGE('',*,*,#2952,.T.);
#2954=EDGE_LOOP('',(#2892,#2901,#2910,#2919,#2928,#2937,#2946,#2953));
#2955=FACE_BOUND('',#2954,.T.);
#2956=CARTESIAN_POINT('',(-10.49984,-4.70000,-15.65490));
#2957=VERTEX_POINT('',#2956);
#2960=CARTESIAN_POINT('',(-10.59348,-4.70000,-15.59210));
#2961=CARTESIAN_POINT('',(-10.68783,-4.68038,-15.52752));
#2962=CARTESIAN_POINT('',(-10.77506,-4.64280,-15.46676));
#2958=(
BOUNDED_CURVE()
B_SPLINE_CURVE(3,(#2956,#2960,#2961,#2962),.UNSPECIFIED.,.F.,.F.)
B_SPLINE_CURVE_WITH_KNOTS((4,4),(0.000,1.000),.UNSPECIFIED.)
CURVE()
GEOMETRIC_REPRESENTATION_ITEM()
RATIONAL_B_SPLINE_CURVE((1.0000000000,1.0000000000,1.0000000000,1.0000000000))
REPRESENTATION_ITEM('')
);

#2964=VERTEX_POINT('',#2962);
#2965=EDGE_CURVE('',#2957,#2964,#2958,.T.);
#2966=ORIENTED_EDGE('',*,*,#2965,.T.);
#2969=CARTESIAN_POINT('',(-11.07287,-4.51448,-15.25929));
#2970=CARTESIAN_POINT('',(-11.31555,-4.08497,-15.07584));
#2971=CARTESIAN_POINT('',(-11.31555,-3.70000,-15.07584));
#2967=(
BOUNDED_CURVE()
B_SPLINE_CURVE(3,(#2962,#2969,#2970,#2971),.UNSPECIFIED.,.F.,.F.)
B_SPLINE_CURVE_WITH_KNOTS((4,4),(0.000,1.000),.UNSPECIFIED.)
CURVE()
GEOMETRIC_REPRESENTATION_ITEM()
RATIONAL_B_SPLINE_CURVE((1.0000000000,1.0000000000,1.0000000000,1.0000000000))
REPRESENTATION_ITEM('')
);

#2973=VERTEX_POINT('',#2971);
#2974=EDGE_CURVE('',#2964,#2973,#2967,.T.);
#2975=ORIENTED_EDGE('',*,*,#2974,.T.);
#2978=CARTESIAN_POINT('',(-11.31555,-3.58725,-15.07584));
#2979=CARTESIAN_POINT('',(-11.29985,-3.47292,-15.08765));
#2980=CARTESIAN_POINT('',(-11.26969,-3.36663,-15.11015));
#2976=(
BOUNDED_CURVE()
B_SPLINE_CURVE(3,(#2971,#2978,#2979,#2980),.UNSPECIFIED.,.F.,.F.)
B_SPLINE_CURVE_WITH_KNOTS((4,4),(0.000,1.000),.UNSPECIFIED.)
CURVE()
GEOMETRIC_REPRESENTATION_ITEM()
RATIONAL_B_SPLINE_CURVE((1.0000000000,1.0000000000,1.0000000000,1.0000000000))
REPRESENTATION_ITEM('')
);

#2982=VERTEX_POINT('',#2980);
#2983=EDGE_CURVE('',#2973,#2982,#2976,.T.);
#2984=ORIENTED_EDGE('',*,*,#2983,.T.);
#2987=CARTESIAN_POINT('',(-11.16670,-3.00373,-15.18696));
#2988=CARTESIAN_POINT('',(-10.81955,-2.70000,-15.44046));
#2989=CARTESIAN_POINT('',(-10.49984,-2.70000,-15.65490));
#2985=(
BOUNDED_CURVE()
B_SPLINE_CURVE(3,(#2980,#2987,#2988,#2989),.UNSPECIFIED.,.F.,.F.)
B_SPLINE_CURVE_WITH_KNOTS((4,4),(0.000,1.000),.UNSPECIFIED.)
CURVE()
GEOMETRIC_REPRESENTATION_ITEM()
RATIONAL_B_SPLINE_CURVE((1.0000000000,1.0000000000,1.0000000000,1.0000000000))
REPRESENTATION_ITEM('')
);

#2991=VERTEX_POINT('',#2989);
#2992=EDGE_CURVE('',#2982,#2991,#2985,.T.);
#2993=ORIENTED_EDGE('',*,*,#2992,.T.);
#2996=CARTESIAN_POINT('',(-10.40620,-2.70000,-15.71771));
#2997=CARTESIAN_POINT('',(-10.31065,-2.71962,-15.78050));
#2998=CARTESIAN_POINT('',(-10.22133,-2.75720,-15.83815));
#2994=(
BOUNDED_CURVE()
B_SPLINE_CURVE(3,(#2989,#2996,#2997,#2998),.UNSPECIFIED.,.F.,.F.)
B_SPLINE_CURVE_WITH_KNOTS((4,4),(0.000,1.000),.UNSPECIFIED.)
CURVE()
GEOMETRIC_REPRESENTATION_ITEM()
RATIONAL_B_SPLINE_CURVE((1.0000000000,1.0000000000,1.0000000000,1.0000000000))
REPRESENTATION_ITEM('')
);

#3000=VERTEX_POINT('',#2998);
#3001=EDGE_CURVE('',#2991,#3000,#2994,.T.);
#3002=ORIENTED_EDGE('',*,*,#3001,.T.);
#3005=CARTESIAN_POINT('',(-9.91637,-2.88552,-16.03496));
#3006=CARTESIAN_POINT('',(-9.65455,-3.31503,-16.18988));
#3007=CARTESIAN_POINT('',(-9.65455,-3.70000,-16.18988));
#3003=(
BOUNDED_CURVE()
B_SPLINE_CURVE(3,(#2998,#3005,#3006,#3007),.UNSPECIFIED.,.F.,.F.)
B_SPLINE_CURVE_WITH_KNOTS((4,4),(0.000,1.000),.UNSPECIFIED.)
CURVE()
GEOMETRIC_REPRESENTATION_ITEM()
RATIONAL_B_SPLINE_CURVE((1.0000000000,1.0000000000,1.0000000000,1.0000000000))
REPRESENTATION_ITEM('')
);

#3009=VERTEX_POINT('',#3007);
#3010=EDGE_CURVE('',#3000,#3009,#3003,.T.);
#3011=ORIENTED_EDGE('',*,*,#3010,.T.);
#3014=CARTESIAN_POINT('',(-9.65455,-3.81275,-16.18988));
#3015=CARTESIAN_POINT('',(-9.67144,-3.92708,-16.17984));
#3016=CARTESIAN_POINT('',(-9.70371,-4.03337,-16.16046));
#3012=(
BOUNDED_CURVE()
B_SPLINE_CURVE(3,(#3007,#3014,#3015,#3016),.UNSPECIFIED.,.F.,.F.)
B_SPLINE_CURVE_WITH_KNOTS((4,4),(0.000,1.000),.UNSPECIFIED.)
CURVE()
GEOMETRIC_REPRESENTATION_ITEM()
RATIONAL_B_SPLINE_CURVE((1.0000000000,1.0000000000,1.0000000000,1.0000000000))
REPRESENTATION_ITEM('')
);

#3018=VERTEX_POINT('',#3016);
#3019=EDGE_CURVE('',#3009,#3018,#3012,.T.);
#3020=ORIENTED_EDGE('',*,*,#3019,.T.);
#3023=CARTESIAN_POINT('',(-9.81385,-4.39627,-16.09432));
#3024=CARTESIAN_POINT('',(-10.18012,-4.70000,-15.86934));
#3021=(
BOUNDED_CURVE()
B_SPLINE_CURVE(3,(#3016,#3023,#3024,#2956),.UNSPECIFIED.,.F.,.F.)
B_SPLINE_CURVE_WITH_KNOTS((4,4),(0.000,1.000),.UNSPECIFIED.)
CURVE()
GEOMETRIC_REPRESENTATION_ITEM()
RATIONAL_B_SPLINE_CURVE((1.0000000000,1.0000000000,1.0000000000,1.0000000000))
REPRESENTATION_ITEM('')
);

#3026=EDGE_CURVE('',#3018,#2957,#3021,.T.);
#3027=ORIENTED_EDGE('',*,*,#3026,.T.);
#3028=EDGE_LOOP('',(#2966,#2975,#2984,#2993,#3002,#3011,#3020,#3027));
#3029=FACE_BOUND('',#3028,.T.);
#3030=CARTESIAN_POINT('',(-7.02807,-3.70000,-17.49082));
#3031=VERTEX_POINT('',#3030);
#3034=CARTESIAN_POINT('',(-7.02807,-3.58725,-17.49082));
#3035=CARTESIAN_POINT('',(-7.00985,-3.47292,-17.49817));
#3036=CARTESIAN_POINT('',(-6.97489,-3.36663,-17.51209));
#3032=(
BOUNDED_CURVE()
B_SPLINE_CURVE(3,(#3030,#3034,#3035,#3036),.UNSPECIFIED.,.F.,.F.)
B_SPLINE_CURVE_WITH_KNOTS((4,4),(0.000,1.000),.UNSPECIFIED.)
CURVE()
GEOMETRIC_REPRESENTATION_ITEM()
RATIONAL_B_SPLINE_CURVE((1.0000000000,1.0000000000,1.0000000000,1.0000000000))
REPRESENTATION_ITEM('')
);

#3038=VERTEX_POINT('',#3036);
#3039=EDGE_CURVE('',#3031,#3038,#3032,.T.);
#3040=ORIENTED_EDGE('',*,*,#3039,.T.);
#3043=CARTESIAN_POINT('',(-6.85553,-3.00373,-17.55963));
#3044=CARTESIAN_POINT('',(-6.45460,-2.70000,-17.71465));
#3045=CARTESIAN_POINT('',(-6.09028,-2.70000,-17.83903));
#3041=(
BOUNDED_CURVE()
B_SPLINE_CURVE(3,(#3036,#3043,#3044,#3045),.UNSPECIFIED.,.F.,.F.)
B_SPLINE_CURVE_WITH_KNOTS((4,4),(0.000,1.000),.UNSPECIFIED.)
CURVE()
GEOMETRIC_REPRESENTATION_ITEM()
RATIONAL_B_SPLINE_CURVE((1.0000000000,1.0000000000,1.0000000000,1.0000000000))
REPRESENTATION_ITEM('')
);

#3047=VERTEX_POINT('',#3045);
#3048=EDGE_CURVE('',#3038,#3047,#3041,.T.);
#3049=ORIENTED_EDGE('',*,*,#3048,.T.);
#3052=CARTESIAN_POINT('',(-5.98357,-2.70000,-17.87546));
#3053=CARTESIAN_POINT('',(-5.87503,-2.71962,-17.91139));
#3054=CARTESIAN_POINT('',(-5.77384,-2.75720,-17.94395));
#3050=(
BOUNDED_CURVE()
B_SPLINE_CURVE(3,(#3045,#3052,#3053,#3054),.UNSPECIFIED.,.F.,.F.)
B_SPLINE_CURVE_WITH_KNOTS((4,4),(0.000,1.000),.UNSPECIFIED.)
CURVE()
GEOMETRIC_REPRESENTATION_ITEM()
RATIONAL_B_SPLINE_CURVE((1.0000000000,1.0000000000,1.0000000000,1.0000000000))
REPRESENTATION_ITEM('')
);

#3056=VERTEX_POINT('',#3054);
#3057=EDGE_CURVE('',#3047,#3056,#3050,.T.);
#3058=ORIENTED_EDGE('',*,*,#3057,.T.);
#3061=CARTESIAN_POINT('',(-5.42833,-2.88552,-18.05512));
#3062=CARTESIAN_POINT('',(-5.13533,-3.31503,-18.13700));
#3063=CARTESIAN_POINT('',(-5.13533,-3.70000,-18.13700));
#3059=(
BOUNDED_CURVE()
B_SPLINE_CURVE(3,(#3054,#3061,#3062,#3063),.UNSPECIFIED.,.F.,.F.)
B_SPLINE_CURVE_WITH_KNOTS((4,4),(0.000,1.000),.UNSPECIFIED.)
CURVE()
GEOMETRIC_REPRESENTATION_ITEM()
RATIONAL_B_SPLINE_CURVE((1.0000000000,1.0000000000,1.0000000000,1.0000000000))
REPRESENTATION_ITEM('')
);

#3065=VERTEX_POINT('',#3063);
#3066=EDGE_CURVE('',#3056,#3065,#3059,.T.);
#3067=ORIENTED_EDGE('',*,*,#3066,.T.);
#3070=CARTESIAN_POINT('',(-5.13533,-3.81275,-18.13700));
#3071=CARTESIAN_POINT('',(-5.15425,-3.92708,-18.13167));
#3072=CARTESIAN_POINT('',(-5.19042,-4.03337,-18.12131));
#3068=(
BOUNDED_CURVE()
B_SPLINE_CURVE(3,(#3063,#3070,#3071,#3072),.UNSPECIFIED.,.F.,.F.)
B_SPLINE_CURVE_WITH_KNOTS((4,4),(0.000,1.000),.UNSPECIFIED.)
CURVE()
GEOMETRIC_REPRESENTATION_ITEM()
RATIONAL_B_SPLINE_CURVE((1.0000000000,1.0000000000,1.0000000000,1.0000000000))
REPRESENTATION_ITEM('')
);

#3074=VERTEX_POINT('',#3072);
#3075=EDGE_CURVE('',#3065,#3074,#3068,.T.);
#3076=ORIENTED_EDGE('',*,*,#3075,.T.);
#3079=CARTESIAN_POINT('',(-5.31394,-4.39627,-18.08594));
#3080=CARTESIAN_POINT('',(-5.72595,-4.70000,-17.96341));
#3081=CARTESIAN_POINT('',(-6.09028,-4.70000,-17.83903));
#3077=(
BOUNDED_CURVE()
B_SPLINE_CURVE(3,(#3072,#3079,#3080,#3081),.UNSPECIFIED.,.F.,.F.)
B_SPLINE_CURVE_WITH_KNOTS((4,4),(0.000,1.000),.UNSPECIFIED.)
CURVE()
GEOMETRIC_REPRESENTATION_ITEM()
RATIONAL_B_SPLINE_CURVE((1.0000000000,1.0000000000,1.0000000000,1.0000000000))
REPRESENTATION_ITEM('')
);

#3083=VERTEX_POINT('',#3081);
#3084=EDGE_CURVE('',#3074,#3083,#3077,.T.);
#3085=ORIENTED_EDGE('',*,*,#3084,.T.);
#3088=CARTESIAN_POINT('',(-6.19698,-4.70000,-17.80260));
#3089=CARTESIAN_POINT('',(-6.30484,-4.68038,-17.76465));
#3090=CARTESIAN_POINT('',(-6.40482,-4.64280,-17.72853));
#3086=(
BOUNDED_CURVE()
B_SPLINE_CURVE(3,(#3081,#3088,#3089,#3090),.UNSPECIFIED.,.F.,.F.)
B_SPLINE_CURVE_WITH_KNOTS((4,4),(0.000,1.000),.UNSPECIFIED.)
CURVE()
GEOMETRIC_REPRESENTATION_ITEM()
RATIONAL_B_SPLINE_CURVE((1.0000000000,1.0000000000,1.0000000000,1.0000000000))
REPRESENTATION_ITEM('')
);

#3092=VERTEX_POINT('',#3090);
#3093=EDGE_CURVE('',#3083,#3092,#3086,.T.);
#3094=ORIENTED_EDGE('',*,*,#3093,.T.);
#3097=CARTESIAN_POINT('',(-6.74618,-4.51448,-17.60521));
#3098=CARTESIAN_POINT('',(-7.02807,-4.08497,-17.49082));
#3095=(
BOUNDED_CURVE()
B_SPLINE_CURVE(3,(#3090,#3097,#3098,#3030),.UNSPECIFIED.,.F.,.F.)
B_SPLINE_CURVE_WITH_KNOTS((4,4),(0.000,1.000),.UNSPECIFIED.)
CURVE()
GEOMETRIC_REPRESENTATION_ITEM()
RATIONAL_B_SPLINE_CURVE((1.0000000000,1.0000000000,1.0000000000,1.0000000000))
REPRESENTATION_ITEM('')
);

#3100=EDGE_CURVE('',#3092,#3031,#3095,.T.);
#3101=ORIENTED_EDGE('',*,*,#3100,.T.);
#3102=EDGE_LOOP('',(#3040,#3049,#3058,#3067,#3076,#3085,#3094,#3101));
#3103=FACE_BOUND('',#3102,.T.);
#3104=CARTESIAN_POINT('',(-1.26568,-2.70000,-18.80746));
#3105=VERTEX_POINT('',#3104);
#3108=CARTESIAN_POINT('',(-1.15318,-2.70000,-18.81503));
#3109=CARTESIAN_POINT('',(-1.03903,-2.71962,-18.82164));
#3110=CARTESIAN_POINT('',(-0.93286,-2.75720,-18.82690));
#3106=(
BOUNDED_CURVE()
B_SPLINE_CURVE(3,(#3104,#3108,#3109,#3110),.UNSPECIFIED.,.F.,.F.)
B_SPLINE_CURVE_WITH_KNOTS((4,4),(0.000,1.000),.UNSPECIFIED.)
CURVE()
GEOMETRIC_REPRESENTATION_ITEM()
RATIONAL_B_SPLINE_CURVE((1.0000000000,1.0000000000,1.0000000000,1.0000000000))
REPRESENTATION_ITEM('')
);

#3112=VERTEX_POINT('',#3110);
#3113=EDGE_CURVE('',#3105,#3112,#3106,.T.);
#3114=ORIENTED_EDGE('',*,*,#3113,.T.);
#3117=CARTESIAN_POINT('',(-0.57035,-2.88552,-18.84486));
#3118=CARTESIAN_POINT('',(-0.26615,-3.31503,-18.84812));
#3119=CARTESIAN_POINT('',(-0.26615,-3.70000,-18.84812));
#3115=(
BOUNDED_CURVE()
B_SPLINE_CURVE(3,(#3110,#3117,#3118,#3119),.UNSPECIFIED.,.F.,.F.)
B_SPLINE_CURVE_WITH_KNOTS((4,4),(0.000,1.000),.UNSPECIFIED.)
CURVE()
GEOMETRIC_REPRESENTATION_ITEM()
RATIONAL_B_SPLINE_CURVE((1.0000000000,1.0000000000,1.0000000000,1.0000000000))
REPRESENTATION_ITEM('')
);

#3121=VERTEX_POINT('',#3119);
#3122=EDGE_CURVE('',#3112,#3121,#3115,.T.);
#3123=ORIENTED_EDGE('',*,*,#3122,.T.);
#3126=CARTESIAN_POINT('',(-0.26615,-3.81275,-18.84812));
#3127=CARTESIAN_POINT('',(-0.28580,-3.92708,-18.84787));
#3128=CARTESIAN_POINT('',(-0.32342,-4.03337,-18.84723));
#3124=(
BOUNDED_CURVE()
B_SPLINE_CURVE(3,(#3119,#3126,#3127,#3128),.UNSPECIFIED.,.F.,.F.)
B_SPLINE_CURVE_WITH_KNOTS((4,4),(0.000,1.000),.UNSPECIFIED.)
CURVE()
GEOMETRIC_REPRESENTATION_ITEM()
RATIONAL_B_SPLINE_CURVE((1.0000000000,1.0000000000,1.0000000000,1.0000000000))
REPRESENTATION_ITEM('')
);

#3130=VERTEX_POINT('',#3128);
#3131=EDGE_CURVE('',#3121,#3130,#3124,.T.);
#3132=ORIENTED_EDGE('',*,*,#3131,.T.);
#3135=CARTESIAN_POINT('',(-0.45188,-4.39627,-18.84502));
#3136=CARTESIAN_POINT('',(-0.88157,-4.70000,-18.83331));
#3137=CARTESIAN_POINT('',(-1.26568,-4.70000,-18.80746));
#3133=(
BOUNDED_CURVE()
B_SPLINE_CURVE(3,(#3128,#3135,#3136,#3137),.UNSPECIFIED.,.F.,.F.)
B_SPLINE_CURVE_WITH_KNOTS((4,4),(0.000,1.000),.UNSPECIFIED.)
CURVE()
GEOMETRIC_REPRESENTATION_ITEM()
RATIONAL_B_SPLINE_CURVE((1.0000000000,1.0000000000,1.0000000000,1.0000000000))
REPRESENTATION_ITEM('')
);

#3139=VERTEX_POINT('',#3137);
#3140=EDGE_CURVE('',#3130,#3139,#3133,.T.);
#3141=ORIENTED_EDGE('',*,*,#3140,.T.);
#3144=CARTESIAN_POINT('',(-1.37817,-4.70000,-18.79989));
#3145=CARTESIAN_POINT('',(-1.49217,-4.68038,-18.79115));
#3146=CARTESIAN_POINT('',(-1.59810,-4.64280,-18.78213));
#3142=(
BOUNDED_CURVE()
B_SPLINE_CURVE(3,(#3137,#3144,#3145,#3146),.UNSPECIFIED.,.F.,.F.)
B_SPLINE_CURVE_WITH_KNOTS((4,4),(0.000,1.000),.UNSPECIFIED.)
CURVE()
GEOMETRIC_REPRESENTATION_ITEM()
RATIONAL_B_SPLINE_CURVE((1.0000000000,1.0000000000,1.0000000000,1.0000000000))
REPRESENTATION_ITEM('')
);

#3148=VERTEX_POINT('',#3146);
#3149=EDGE_CURVE('',#3139,#3148,#3142,.T.);
#3150=ORIENTED_EDGE('',*,*,#3149,.T.);
#3153=CARTESIAN_POINT('',(-1.95974,-4.51448,-18.75136));
#3154=CARTESIAN_POINT('',(-2.26164,-4.08497,-18.71383));
#3155=CARTESIAN_POINT('',(-2.26164,-3.70000,-18.71383));
#3151=(
BOUNDED_CURVE()
B_SPLINE_CURVE(3,(#3146,#3153,#3154,#3155),.UNSPECIFIED.,.F.,.F.)
B_SPLINE_CURVE_WITH_KNOTS((4,4),(0.000,1.000),.UNSPECIFIED.)
CURVE()
GEOMETRIC_REPRESENTATION_ITEM()
RATIONAL_B_SPLINE_CURVE((1.0000000000,1.0000000000,1.0000000000,1.0000000000))
REPRESENTATION_ITEM('')
);

#3157=VERTEX_POINT('',#3155);
#3158=EDGE_CURVE('',#3148,#3157,#3151,.T.);
#3159=ORIENTED_EDGE('',*,*,#3158,.T.);
#3162=CARTESIAN_POINT('',(-2.26164,-3.58725,-18.71383));
#3163=CARTESIAN_POINT('',(-2.24213,-3.47292,-18.71622));
#3164=CARTESIAN_POINT('',(-2.20476,-3.36663,-18.72062));
#3160=(
BOUNDED_CURVE()
B_SPLINE_CURVE(3,(#3155,#3162,#3163,#3164),.UNSPECIFIED.,.F.,.F.)
B_SPLINE_CURVE_WITH_KNOTS((4,4),(0.000,1.000),.UNSPECIFIED.)
CURVE()
GEOMETRIC_REPRESENTATION_ITEM()
RATIONAL_B_SPLINE_CURVE((1.0000000000,1.0000000000,1.0000000000,1.0000000000))
REPRESENTATION_ITEM('')
);

#3166=VERTEX_POINT('',#3164);
#3167=EDGE_CURVE('',#3157,#3166,#3160,.T.);
#3168=ORIENTED_EDGE('',*,*,#3167,.T.);
#3171=CARTESIAN_POINT('',(-2.07716,-3.00373,-18.73565));
#3172=CARTESIAN_POINT('',(-1.64978,-2.70000,-18.78161));
#3169=(
BOUNDED_CURVE()
B_SPLINE_CURVE(3,(#3164,#3171,#3172,#3104),.UNSPECIFIED.,.F.,.F.)
B_SPLINE_CURVE_WITH_KNOTS((4,4),(0.000,1.000),.UNSPECIFIED.)
CURVE()
GEOMETRIC_REPRESENTATION_ITEM()
RATIONAL_B_SPLINE_CURVE((1.0000000000,1.0000000000,1.0000000000,1.0000000000))
REPRESENTATION_ITEM('')
);

#3174=EDGE_CURVE('',#3166,#3105,#3169,.T.);
#3175=ORIENTED_EDGE('',*,*,#3174,.T.);
#3176=EDGE_LOOP('',(#3114,#3123,#3132,#3141,#3150,#3159,#3168,#3175));
#3177=FACE_BOUND('',#3176,.T.);
#3178=ADVANCED_FACE('',(#2733,#2807,#2881,#2955,#3029,#3103,#3177),#2695,.T.);
#3179=COLOUR_RGB('',0.39,0.39,0.39);
#3180=FILL_AREA_STYLE_COLOUR('',#3179);
#3181=FILL_AREA_STYLE('',(#3180));
#3182=SURFACE_STYLE_FILL_AREA(#3181);
#3183=SURFACE_STYLE_TRANSPARENT(0.00);
#3184=SURFACE_STYLE_RENDERING_WITH_PROPERTIES(.NORMAL_SHADING.,#3179,(#3183));
#3185=SURFACE_SIDE_STYLE('',(#3182, #3184));
#3186=SURFACE_STYLE_USAGE(.BOTH.,#3185);
#3187=PRESENTATION_STYLE_ASSIGNMENT((#3186));
#3188=STYLED_ITEM('',(#3187),#3178);

#3190=CARTESIAN_POINT('',(19.73450,-5.10000,-19.73450));
#3191=CARTESIAN_POINT('',(-19.73450,-5.10000,-19.73450));
#3192=CARTESIAN_POINT('',(19.73450,-5.10000,19.73450));
#3193=CARTESIAN_POINT('',(-19.73450,-5.10000,19.73450));
#3189=(
BOUNDED_SURFACE()
B_SPLINE_SURFACE(1,1,((#3190,#3191),(#3192,#3193)),.UNSPECIFIED.,.F.,.F.,.F.)
B_SPLINE_SURFACE_WITH_KNOTS((2,2),(2,2),(0.000,1.000),(0.000,1.000),.UNSPECIFIED.)
GEOMETRIC_REPRESENTATION_ITEM()
RATIONAL_B_SPLINE_SURFACE(((1.0000000000,1.0000000000),(1.0000000000,1.0000000000)))
REPRESENTATION_ITEM('')
SURFACE()
);

#3203=ORIENTED_EDGE('',*,*,#2730,.F.);
#3211=ORIENTED_EDGE('',*,*,#1322,.F.);
#3219=ORIENTED_EDGE('',*,*,#1816,.F.);
#3225=ORIENTED_EDGE('',*,*,#2310,.F.);
#3226=EDGE_LOOP('',(#3203,#3211,#3219,#3225));
#3227=FACE_OUTER_BOUND('',#3226,.T.);
#3228=CARTESIAN_POINT('',(-0.00000,-5.10000,17.75000));
#3229=VERTEX_POINT('',#3228);
#3232=CARTESIAN_POINT('',(-17.75000,-5.10000,17.75000));
#3233=CARTESIAN_POINT('',(-17.75000,-5.10000,0.00000));
#3230=(
BOUNDED_CURVE()
B_SPLINE_CURVE(2,(#3228,#3232,#3233),.UNSPECIFIED.,.F.,.F.)
B_SPLINE_CURVE_WITH_KNOTS((3,3),(0.000,1.000),.UNSPECIFIED.)
CURVE()
GEOMETRIC_REPRESENTATION_ITEM()
RATIONAL_B_SPLINE_CURVE((1.0000000000,0.7071067812,1.0000000000))
REPRESENTATION_ITEM('')
);

#3235=VERTEX_POINT('',#3233);
#3236=EDGE_CURVE('',#3229,#3235,#3230,.T.);
#3237=ORIENTED_EDGE('',*,*,#3236,.T.);
#3240=CARTESIAN_POINT('',(-17.75000,-5.10000,-17.75000));
#3241=CARTESIAN_POINT('',(0.00000,-5.10000,-17.75000));
#3238=(
BOUNDED_CURVE()
B_SPLINE_CURVE(2,(#3233,#3240,#3241),.UNSPECIFIED.,.F.,.F.)
B_SPLINE_CURVE_WITH_KNOTS((3,3),(0.000,1.000),.UNSPECIFIED.)
CURVE()
GEOMETRIC_REPRESENTATION_ITEM()
RATIONAL_B_SPLINE_CURVE((1.0000000000,0.7071067812,1.0000000000))
REPRESENTATION_ITEM('')
);

#3243=VERTEX_POINT('',#3241);
#3244=EDGE_CURVE('',#3235,#3243,#3238,.T.);
#3245=ORIENTED_EDGE('',*,*,#3244,.T.);
#3248=CARTESIAN_POINT('',(17.75000,-5.10000,-17.75000));
#3249=CARTESIAN_POINT('',(17.75000,-5.10000,0.00000));
#3246=(
BOUNDED_CURVE()
B_SPLINE_CURVE(2,(#3241,#3248,#3249),.UNSPECIFIED.,.F.,.F.)
B_SPLINE_CURVE_WITH_KNOTS((3,3),(0.000,1.000),.UNSPECIFIED.)
CURVE()
GEOMETRIC_REPRESENTATION_ITEM()
RATIONAL_B_SPLINE_CURVE((1.0000000000,0.7071067812,1.0000000000))
REPRESENTATION_ITEM('')
);

#3251=VERTEX_POINT('',#3249);
#3252=EDGE_CURVE('',#3243,#3251,#3246,.T.);
#3253=ORIENTED_EDGE('',*,*,#3252,.T.);
#3256=CARTESIAN_POINT('',(17.75000,-5.10000,17.75000));
#3254=(
BOUNDED_CURVE()
B_SPLINE_CURVE(2,(#3249,#3256,#3228),.UNSPECIFIED.,.F.,.F.)
B_SPLINE_CURVE_WITH_KNOTS((3,3),(0.000,1.000),.UNSPECIFIED.)
CURVE()
GEOMETRIC_REPRESENTATION_ITEM()
RATIONAL_B_SPLINE_CURVE((1.0000000000,0.7071067812,1.0000000000))
REPRESENTATION_ITEM('')
);

#3258=EDGE_CURVE('',#3251,#3229,#3254,.T.);
#3259=ORIENTED_EDGE('',*,*,#3258,.T.);
#3260=EDGE_LOOP('',(#3237,#3245,#3253,#3259));
#3261=FACE_BOUND('',#3260,.T.);
#3262=ADVANCED_FACE('',(#3227,#3261),#3189,.T.);
#3263=COLOUR_RGB('',0.39,0.39,0.39);
#3264=FILL_AREA_STYLE_COLOUR('',#3263);
#3265=FILL_AREA_STYLE('',(#3264));
#3266=SURFACE_STYLE_FILL_AREA(#3265);
#3267=SURFACE_STYLE_TRANSPARENT(0.00);
#3268=SURFACE_STYLE_RENDERING_WITH_PROPERTIES(.NORMAL_SHADING.,#3263,(#3267));
#3269=SURFACE_SIDE_STYLE('',(#3266, #3268));
#3270=SURFACE_STYLE_USAGE(.BOTH.,#3269);
#3271=PRESENTATION_STYLE_ASSIGNMENT((#3270));
#3272=STYLED_ITEM('',(#3271),#3262);

#3277=CARTESIAN_POINT('',(-17.35000,-5.50000,0.00000));
#3278=CARTESIAN_POINT('',(-17.35000,-5.50000,17.35000));
#3279=CARTESIAN_POINT('',(-0.00000,-5.50000,17.35000));
#3273=(
BOUNDED_SURFACE()
B_SPLINE_SURFACE(1,2,((#3233,#3232,#3228),(#3277,#3278,#3279)),.UNSPECIFIED.,.F.,.F.,.F.)
B_SPLINE_SURFACE_WITH_KNOTS((2,2),(3,3),(0.000,1.000),(0.000,1.000),.UNSPECIFIED.)
GEOMETRIC_REPRESENTATION_ITEM()
RATIONAL_B_SPLINE_SURFACE(((1.0000000000,0.7071067812,1.0000000000),(1.0000000000,0.7071067812,1.0000000000)))
REPRESENTATION_ITEM('')
SURFACE()
);

#3281=VERTEX_POINT('',#3277);
#3282=(
BOUNDED_CURVE()
B_SPLINE_CURVE(1,(#3277,#3233),.UNSPECIFIED.,.F.,.F.)
B_SPLINE_CURVE_WITH_KNOTS((2,2),(0.000,1.000),.UNSPECIFIED.)
CURVE()
GEOMETRIC_REPRESENTATION_ITEM()
RATIONAL_B_SPLINE_CURVE((1.0000000000,1.0000000000))
REPRESENTATION_ITEM('')
);

#3287=EDGE_CURVE('',#3281,#3235,#3282,.T.);
#3288=ORIENTED_EDGE('',*,*,#3287,.T.);
#3296=ORIENTED_EDGE('',*,*,#3236,.F.);
#3297=(
BOUNDED_CURVE()
B_SPLINE_CURVE(1,(#3228,#3279),.UNSPECIFIED.,.F.,.F.)
B_SPLINE_CURVE_WITH_KNOTS((2,2),(0.000,1.000),.UNSPECIFIED.)
CURVE()
GEOMETRIC_REPRESENTATION_ITEM()
RATIONAL_B_SPLINE_CURVE((1.0000000000,1.0000000000))
REPRESENTATION_ITEM('')
);

#3301=VERTEX_POINT('',#3279);
#3302=EDGE_CURVE('',#3229,#3301,#3297,.T.);
#3303=ORIENTED_EDGE('',*,*,#3302,.T.);
#3304=(
BOUNDED_CURVE()
B_SPLINE_CURVE(2,(#3279,#3278,#3277),.UNSPECIFIED.,.F.,.F.)
B_SPLINE_CURVE_WITH_KNOTS((3,3),(0.000,1.000),.UNSPECIFIED.)
CURVE()
GEOMETRIC_REPRESENTATION_ITEM()
RATIONAL_B_SPLINE_CURVE((1.0000000000,0.7071067812,1.0000000000))
REPRESENTATION_ITEM('')
);

#3308=EDGE_CURVE('',#3301,#3281,#3304,.T.);
#3309=ORIENTED_EDGE('',*,*,#3308,.T.);
#3310=EDGE_LOOP('',(#3288,#3296,#3303,#3309));
#3311=FACE_OUTER_BOUND('',#3310,.T.);
#3312=ADVANCED_FACE('',(#3311),#3273,.T.);
#3313=COLOUR_RGB('',0.39,0.39,0.39);
#3314=FILL_AREA_STYLE_COLOUR('',#3313);
#3315=FILL_AREA_STYLE('',(#3314));
#3316=SURFACE_STYLE_FILL_AREA(#3315);
#3317=SURFACE_STYLE_TRANSPARENT(0.00);
#3318=SURFACE_STYLE_RENDERING_WITH_PROPERTIES(.NORMAL_SHADING.,#3313,(#3317));
#3319=SURFACE_SIDE_STYLE('',(#3316, #3318));
#3320=SURFACE_STYLE_USAGE(.BOTH.,#3319);
#3321=PRESENTATION_STYLE_ASSIGNMENT((#3320));
#3322=STYLED_ITEM('',(#3321),#3312);

#3328=CARTESIAN_POINT('',(17.35000,-5.50000,17.35000));
#3329=CARTESIAN_POINT('',(17.35000,-5.50000,0.00000));
#3323=(
BOUNDED_SURFACE()
B_SPLINE_SURFACE(1,2,((#3228,#3256,#3249),(#3279,#3328,#3329)),.UNSPECIFIED.,.F.,.F.,.F.)
B_SPLINE_SURFACE_WITH_KNOTS((2,2),(3,3),(0.000,1.000),(0.000,1.000),.UNSPECIFIED.)
GEOMETRIC_REPRESENTATION_ITEM()
RATIONAL_B_SPLINE_SURFACE(((1.0000000000,0.7071067812,1.0000000000),(1.0000000000,0.7071067812,1.0000000000)))
REPRESENTATION_ITEM('')
SURFACE()
);

#3338=ORIENTED_EDGE('',*,*,#3302,.F.);
#3346=ORIENTED_EDGE('',*,*,#3258,.F.);
#3347=(
BOUNDED_CURVE()
B_SPLINE_CURVE(1,(#3249,#3329),.UNSPECIFIED.,.F.,.F.)
B_SPLINE_CURVE_WITH_KNOTS((2,2),(0.000,1.000),.UNSPECIFIED.)
CURVE()
GEOMETRIC_REPRESENTATION_ITEM()
RATIONAL_B_SPLINE_CURVE((1.0000000000,1.0000000000))
REPRESENTATION_ITEM('')
);

#3351=VERTEX_POINT('',#3329);
#3352=EDGE_CURVE('',#3251,#3351,#3347,.T.);
#3353=ORIENTED_EDGE('',*,*,#3352,.T.);
#3354=(
BOUNDED_CURVE()
B_SPLINE_CURVE(2,(#3329,#3328,#3279),.UNSPECIFIED.,.F.,.F.)
B_SPLINE_CURVE_WITH_KNOTS((3,3),(0.000,1.000),.UNSPECIFIED.)
CURVE()
GEOMETRIC_REPRESENTATION_ITEM()
RATIONAL_B_SPLINE_CURVE((1.0000000000,0.7071067812,1.0000000000))
REPRESENTATION_ITEM('')
);

#3358=EDGE_CURVE('',#3351,#3301,#3354,.T.);
#3359=ORIENTED_EDGE('',*,*,#3358,.T.);
#3360=EDGE_LOOP('',(#3338,#3346,#3353,#3359));
#3361=FACE_OUTER_BOUND('',#3360,.T.);
#3362=ADVANCED_FACE('',(#3361),#3323,.T.);
#3363=COLOUR_RGB('',0.39,0.39,0.39);
#3364=FILL_AREA_STYLE_COLOUR('',#3363);
#3365=FILL_AREA_STYLE('',(#3364));
#3366=SURFACE_STYLE_FILL_AREA(#3365);
#3367=SURFACE_STYLE_TRANSPARENT(0.00);
#3368=SURFACE_STYLE_RENDERING_WITH_PROPERTIES(.NORMAL_SHADING.,#3363,(#3367));
#3369=SURFACE_SIDE_STYLE('',(#3366, #3368));
#3370=SURFACE_STYLE_USAGE(.BOTH.,#3369);
#3371=PRESENTATION_STYLE_ASSIGNMENT((#3370));
#3372=STYLED_ITEM('',(#3371),#3362);

#3378=CARTESIAN_POINT('',(17.35000,-5.50000,-17.35000));
#3379=CARTESIAN_POINT('',(0.00000,-5.50000,-17.35000));
#3373=(
BOUNDED_SURFACE()
B_SPLINE_SURFACE(1,2,((#3249,#3248,#3241),(#3329,#3378,#3379)),.UNSPECIFIED.,.F.,.F.,.F.)
B_SPLINE_SURFACE_WITH_KNOTS((2,2),(3,3),(0.000,1.000),(0.000,1.000),.UNSPECIFIED.)
GEOMETRIC_REPRESENTATION_ITEM()
RATIONAL_B_SPLINE_SURFACE(((1.0000000000,0.7071067812,1.0000000000),(1.0000000000,0.7071067812,1.0000000000)))
REPRESENTATION_ITEM('')
SURFACE()
);

#3388=ORIENTED_EDGE('',*,*,#3352,.F.);
#3396=ORIENTED_EDGE('',*,*,#3252,.F.);
#3397=(
BOUNDED_CURVE()
B_SPLINE_CURVE(1,(#3241,#3379),.UNSPECIFIED.,.F.,.F.)
B_SPLINE_CURVE_WITH_KNOTS((2,2),(0.000,1.000),.UNSPECIFIED.)
CURVE()
GEOMETRIC_REPRESENTATION_ITEM()
RATIONAL_B_SPLINE_CURVE((1.0000000000,1.0000000000))
REPRESENTATION_ITEM('')
);

#3401=VERTEX_POINT('',#3379);
#3402=EDGE_CURVE('',#3243,#3401,#3397,.T.);
#3403=ORIENTED_EDGE('',*,*,#3402,.T.);
#3404=(
BOUNDED_CURVE()
B_SPLINE_CURVE(2,(#3379,#3378,#3329),.UNSPECIFIED.,.F.,.F.)
B_SPLINE_CURVE_WITH_KNOTS((3,3),(0.000,1.000),.UNSPECIFIED.)
CURVE()
GEOMETRIC_REPRESENTATION_ITEM()
RATIONAL_B_SPLINE_CURVE((1.0000000000,0.7071067812,1.0000000000))
REPRESENTATION_ITEM('')
);

#3408=EDGE_CURVE('',#3401,#3351,#3404,.T.);
#3409=ORIENTED_EDGE('',*,*,#3408,.T.);
#3410=EDGE_LOOP('',(#3388,#3396,#3403,#3409));
#3411=FACE_OUTER_BOUND('',#3410,.T.);
#3412=ADVANCED_FACE('',(#3411),#3373,.T.);
#3413=COLOUR_RGB('',0.39,0.39,0.39);
#3414=FILL_AREA_STYLE_COLOUR('',#3413);
#3415=FILL_AREA_STYLE('',(#3414));
#3416=SURFACE_STYLE_FILL_AREA(#3415);
#3417=SURFACE_STYLE_TRANSPARENT(0.00);
#3418=SURFACE_STYLE_RENDERING_WITH_PROPERTIES(.NORMAL_SHADING.,#3413,(#3417));
#3419=SURFACE_SIDE_STYLE('',(#3416, #3418));
#3420=SURFACE_STYLE_USAGE(.BOTH.,#3419);
#3421=PRESENTATION_STYLE_ASSIGNMENT((#3420));
#3422=STYLED_ITEM('',(#3421),#3412);

#3428=CARTESIAN_POINT('',(-17.35000,-5.50000,-17.35000));
#3423=(
BOUNDED_SURFACE()
B_SPLINE_SURFACE(1,2,((#3241,#3240,#3233),(#3379,#3428,#3277)),.UNSPECIFIED.,.F.,.F.,.F.)
B_SPLINE_SURFACE_WITH_KNOTS((2,2),(3,3),(0.000,1.000),(0.000,1.000),.UNSPECIFIED.)
GEOMETRIC_REPRESENTATION_ITEM()
RATIONAL_B_SPLINE_SURFACE(((1.0000000000,0.7071067812,1.0000000000),(1.0000000000,0.7071067812,1.0000000000)))
REPRESENTATION_ITEM('')
SURFACE()
);

#3438=ORIENTED_EDGE('',*,*,#3402,.F.);
#3446=ORIENTED_EDGE('',*,*,#3244,.F.);
#3453=ORIENTED_EDGE('',*,*,#3287,.F.);
#3454=(
BOUNDED_CURVE()
B_SPLINE_CURVE(2,(#3277,#3428,#3379),.UNSPECIFIED.,.F.,.F.)
B_SPLINE_CURVE_WITH_KNOTS((3,3),(0.000,1.000),.UNSPECIFIED.)
CURVE()
GEOMETRIC_REPRESENTATION_ITEM()
RATIONAL_B_SPLINE_CURVE((1.0000000000,0.7071067812,1.0000000000))
REPRESENTATION_ITEM('')
);

#3458=EDGE_CURVE('',#3281,#3401,#3454,.T.);
#3459=ORIENTED_EDGE('',*,*,#3458,.T.);
#3460=EDGE_LOOP('',(#3438,#3446,#3453,#3459));
#3461=FACE_OUTER_BOUND('',#3460,.T.);
#3462=ADVANCED_FACE('',(#3461),#3423,.T.);
#3463=COLOUR_RGB('',0.39,0.39,0.39);
#3464=FILL_AREA_STYLE_COLOUR('',#3463);
#3465=FILL_AREA_STYLE('',(#3464));
#3466=SURFACE_STYLE_FILL_AREA(#3465);
#3467=SURFACE_STYLE_TRANSPARENT(0.00);
#3468=SURFACE_STYLE_RENDERING_WITH_PROPERTIES(.NORMAL_SHADING.,#3463,(#3467));
#3469=SURFACE_SIDE_STYLE('',(#3466, #3468));
#3470=SURFACE_STYLE_USAGE(.BOTH.,#3469);
#3471=PRESENTATION_STYLE_ASSIGNMENT((#3470));
#3472=STYLED_ITEM('',(#3471),#3462);

#3474=CARTESIAN_POINT('',(18.17450,-5.50000,-18.17450));
#3475=CARTESIAN_POINT('',(-18.17450,-5.50000,-18.17450));
#3476=CARTESIAN_POINT('',(18.17450,-5.50000,18.17450));
#3477=CARTESIAN_POINT('',(-18.17450,-5.50000,18.17450));
#3473=(
BOUNDED_SURFACE()
B_SPLINE_SURFACE(1,1,((#3474,#3475),(#3476,#3477)),.UNSPECIFIED.,.F.,.F.,.F.)
B_SPLINE_SURFACE_WITH_KNOTS((2,2),(2,2),(0.000,1.000),(0.000,1.000),.UNSPECIFIED.)
GEOMETRIC_REPRESENTATION_ITEM()
RATIONAL_B_SPLINE_SURFACE(((1.0000000000,1.0000000000),(1.0000000000,1.0000000000)))
REPRESENTATION_ITEM('')
SURFACE()
);

#3487=ORIENTED_EDGE('',*,*,#3458,.F.);
#3495=ORIENTED_EDGE('',*,*,#3308,.F.);
#3503=ORIENTED_EDGE('',*,*,#3358,.F.);
#3509=ORIENTED_EDGE('',*,*,#3408,.F.);
#3510=EDGE_LOOP('',(#3487,#3495,#3503,#3509));
#3511=FACE_OUTER_BOUND('',#3510,.T.);
#3512=CARTESIAN_POINT('',(-0.00000,-5.50000,13.50000));
#3513=VERTEX_POINT('',#3512);
#3516=CARTESIAN_POINT('',(-13.50000,-5.50000,13.50000));
#3517=CARTESIAN_POINT('',(-13.50000,-5.50000,0.00000));
#3514=(
BOUNDED_CURVE()
B_SPLINE_CURVE(2,(#3512,#3516,#3517),.UNSPECIFIED.,.F.,.F.)
B_SPLINE_CURVE_WITH_KNOTS((3,3),(0.000,1.000),.UNSPECIFIED.)
CURVE()
GEOMETRIC_REPRESENTATION_ITEM()
RATIONAL_B_SPLINE_CURVE((1.0000000000,0.7071067812,1.0000000000))
REPRESENTATION_ITEM('')
);

#3519=VERTEX_POINT('',#3517);
#3520=EDGE_CURVE('',#3513,#3519,#3514,.T.);
#3521=ORIENTED_EDGE('',*,*,#3520,.T.);
#3524=CARTESIAN_POINT('',(-13.50000,-5.50000,-13.50000));
#3525=CARTESIAN_POINT('',(0.00000,-5.50000,-13.50000));
#3522=(
BOUNDED_CURVE()
B_SPLINE_CURVE(2,(#3517,#3524,#3525),.UNSPECIFIED.,.F.,.F.)
B_SPLINE_CURVE_WITH_KNOTS((3,3),(0.000,1.000),.UNSPECIFIED.)
CURVE()
GEOMETRIC_REPRESENTATION_ITEM()
RATIONAL_B_SPLINE_CURVE((1.0000000000,0.7071067812,1.0000000000))
REPRESENTATION_ITEM('')
);

#3527=VERTEX_POINT('',#3525);
#3528=EDGE_CURVE('',#3519,#3527,#3522,.T.);
#3529=ORIENTED_EDGE('',*,*,#3528,.T.);
#3532=CARTESIAN_POINT('',(13.50000,-5.50000,-13.50000));
#3533=CARTESIAN_POINT('',(13.50000,-5.50000,0.00000));
#3530=(
BOUNDED_CURVE()
B_SPLINE_CURVE(2,(#3525,#3532,#3533),.UNSPECIFIED.,.F.,.F.)
B_SPLINE_CURVE_WITH_KNOTS((3,3),(0.000,1.000),.UNSPECIFIED.)
CURVE()
GEOMETRIC_REPRESENTATION_ITEM()
RATIONAL_B_SPLINE_CURVE((1.0000000000,0.7071067812,1.0000000000))
REPRESENTATION_ITEM('')
);

#3535=VERTEX_POINT('',#3533);
#3536=EDGE_CURVE('',#3527,#3535,#3530,.T.);
#3537=ORIENTED_EDGE('',*,*,#3536,.T.);
#3540=CARTESIAN_POINT('',(13.50000,-5.50000,13.50000));
#3538=(
BOUNDED_CURVE()
B_SPLINE_CURVE(2,(#3533,#3540,#3512),.UNSPECIFIED.,.F.,.F.)
B_SPLINE_CURVE_WITH_KNOTS((3,3),(0.000,1.000),.UNSPECIFIED.)
CURVE()
GEOMETRIC_REPRESENTATION_ITEM()
RATIONAL_B_SPLINE_CURVE((1.0000000000,0.7071067812,1.0000000000))
REPRESENTATION_ITEM('')
);

#3542=EDGE_CURVE('',#3535,#3513,#3538,.T.);
#3543=ORIENTED_EDGE('',*,*,#3542,.T.);
#3544=EDGE_LOOP('',(#3521,#3529,#3537,#3543));
#3545=FACE_BOUND('',#3544,.T.);
#3546=CARTESIAN_POINT('',(-15.50000,-5.50000,1.50000));
#3547=VERTEX_POINT('',#3546);
#3550=CARTESIAN_POINT('',(-17.00000,-5.50000,1.50000));
#3551=CARTESIAN_POINT('',(-17.00000,-5.50000,-0.00000));
#3548=(
BOUNDED_CURVE()
B_SPLINE_CURVE(2,(#3546,#3550,#3551),.UNSPECIFIED.,.F.,.F.)
B_SPLINE_CURVE_WITH_KNOTS((3,3),(0.000,1.000),.UNSPECIFIED.)
CURVE()
GEOMETRIC_REPRESENTATION_ITEM()
RATIONAL_B_SPLINE_CURVE((1.0000000000,0.7071067812,1.0000000000))
REPRESENTATION_ITEM('')
);

#3553=VERTEX_POINT('',#3551);
#3554=EDGE_CURVE('',#3547,#3553,#3548,.T.);
#3555=ORIENTED_EDGE('',*,*,#3554,.T.);
#3558=CARTESIAN_POINT('',(-17.00000,-5.50000,-1.50000));
#3559=CARTESIAN_POINT('',(-15.50000,-5.50000,-1.50000));
#3556=(
BOUNDED_CURVE()
B_SPLINE_CURVE(2,(#3551,#3558,#3559),.UNSPECIFIED.,.F.,.F.)
B_SPLINE_CURVE_WITH_KNOTS((3,3),(0.000,1.000),.UNSPECIFIED.)
CURVE()
GEOMETRIC_REPRESENTATION_ITEM()
RATIONAL_B_SPLINE_CURVE((1.0000000000,0.7071067812,1.0000000000))
REPRESENTATION_ITEM('')
);

#3561=VERTEX_POINT('',#3559);
#3562=EDGE_CURVE('',#3553,#3561,#3556,.T.);
#3563=ORIENTED_EDGE('',*,*,#3562,.T.);
#3566=CARTESIAN_POINT('',(-14.00000,-5.50000,-1.50000));
#3567=CARTESIAN_POINT('',(-14.00000,-5.50000,0.00000));
#3564=(
BOUNDED_CURVE()
B_SPLINE_CURVE(2,(#3559,#3566,#3567),.UNSPECIFIED.,.F.,.F.)
B_SPLINE_CURVE_WITH_KNOTS((3,3),(0.000,1.000),.UNSPECIFIED.)
CURVE()
GEOMETRIC_REPRESENTATION_ITEM()
RATIONAL_B_SPLINE_CURVE((1.0000000000,0.7071067812,1.0000000000))
REPRESENTATION_ITEM('')
);

#3569=VERTEX_POINT('',#3567);
#3570=EDGE_CURVE('',#3561,#3569,#3564,.T.);
#3571=ORIENTED_EDGE('',*,*,#3570,.T.);
#3574=CARTESIAN_POINT('',(-14.00000,-5.50000,1.50000));
#3572=(
BOUNDED_CURVE()
B_SPLINE_CURVE(2,(#3567,#3574,#3546),.UNSPECIFIED.,.F.,.F.)
B_SPLINE_CURVE_WITH_KNOTS((3,3),(0.000,1.000),.UNSPECIFIED.)
CURVE()
GEOMETRIC_REPRESENTATION_ITEM()
RATIONAL_B_SPLINE_CURVE((1.0000000000,0.7071067812,1.0000000000))
REPRESENTATION_ITEM('')
);

#3576=EDGE_CURVE('',#3569,#3547,#3572,.T.);
#3577=ORIENTED_EDGE('',*,*,#3576,.T.);
#3578=EDGE_LOOP('',(#3555,#3563,#3571,#3577));
#3579=FACE_BOUND('',#3578,.T.);
#3580=ADVANCED_FACE('',(#3511,#3545,#3579),#3473,.T.);
#3581=COLOUR_RGB('',0.39,0.39,0.39);
#3582=FILL_AREA_STYLE_COLOUR('',#3581);
#3583=FILL_AREA_STYLE('',(#3582));
#3584=SURFACE_STYLE_FILL_AREA(#3583);
#3585=SURFACE_STYLE_TRANSPARENT(0.00);
#3586=SURFACE_STYLE_RENDERING_WITH_PROPERTIES(.NORMAL_SHADING.,#3581,(#3585));
#3587=SURFACE_SIDE_STYLE('',(#3584, #3586));
#3588=SURFACE_STYLE_USAGE(.BOTH.,#3587);
#3589=PRESENTATION_STYLE_ASSIGNMENT((#3588));
#3590=STYLED_ITEM('',(#3589),#3580);

#3592=CARTESIAN_POINT('',(-13.50000,-2.25000,0.00000));
#3594=CARTESIAN_POINT('',(-13.50000,-2.25000,13.50000));
#3596=CARTESIAN_POINT('',(-0.00000,-2.25000,13.50000));
#3591=(
BOUNDED_SURFACE()
B_SPLINE_SURFACE(2,1,((#3592,#3517),(#3594,#3516),(#3596,#3512)),.UNSPECIFIED.,.F.,.F.,.F.)
B_SPLINE_SURFACE_WITH_KNOTS((3,3),(2,2),(0.000,1.000),(0.000,1.000),.UNSPECIFIED.)
GEOMETRIC_REPRESENTATION_ITEM()
RATIONAL_B_SPLINE_SURFACE(((1.0000000000,1.0000000000),(0.7071067812,0.7071067812),(1.0000000000,1.0000000000)))
REPRESENTATION_ITEM('')
SURFACE()
);

#3598=CARTESIAN_POINT('',(-1.90171,-3.70000,13.36539));
#3599=VERTEX_POINT('',#3598);
#3602=CARTESIAN_POINT('',(-1.90171,-3.31502,13.36539));
#3603=CARTESIAN_POINT('',(-1.60043,-2.88568,13.40971));
#3604=CARTESIAN_POINT('',(-1.23903,-2.75729,13.44302));
#3600=(
BOUNDED_CURVE()
B_SPLINE_CURVE(3,(#3598,#3602,#3603,#3604),.UNSPECIFIED.,.F.,.F.)
B_SPLINE_CURVE_WITH_KNOTS((4,4),(0.000,1.000),.UNSPECIFIED.)
CURVE()
GEOMETRIC_REPRESENTATION_ITEM()
RATIONAL_B_SPLINE_CURVE((1.0000000000,1.0000000000,1.0000000000,1.0000000000))
REPRESENTATION_ITEM('')
);

#3606=VERTEX_POINT('',#3604);
#3607=EDGE_CURVE('',#3599,#3606,#3600,.T.);
#3608=ORIENTED_EDGE('',*,*,#3607,.T.);
#3611=CARTESIAN_POINT('',(-1.13310,-2.71965,13.45278));
#3612=CARTESIAN_POINT('',(-1.01903,-2.70000,13.46196));
#3613=CARTESIAN_POINT('',(-0.90645,-2.70000,13.46953));
#3609=(
BOUNDED_CURVE()
B_SPLINE_CURVE(3,(#3604,#3611,#3612,#3613),.UNSPECIFIED.,.F.,.F.)
B_SPLINE_CURVE_WITH_KNOTS((4,4),(0.000,1.000),.UNSPECIFIED.)
CURVE()
GEOMETRIC_REPRESENTATION_ITEM()
RATIONAL_B_SPLINE_CURVE((1.0000000000,1.0000000000,1.0000000000,1.0000000000))
REPRESENTATION_ITEM('')
);

#3615=VERTEX_POINT('',#3613);
#3616=EDGE_CURVE('',#3606,#3615,#3609,.T.);
#3617=ORIENTED_EDGE('',*,*,#3616,.T.);
#3620=CARTESIAN_POINT('',(-0.54882,-2.70000,13.49360));
#3621=CARTESIAN_POINT('',(-0.15165,-2.95291,13.50000));
#3622=CARTESIAN_POINT('',(-0.00000,-3.27769,13.50000));
#3618=(
BOUNDED_CURVE()
B_SPLINE_CURVE(3,(#3613,#3620,#3621,#3622),.UNSPECIFIED.,.F.,.F.)
B_SPLINE_CURVE_WITH_KNOTS((4,4),(0.000,1.000),.UNSPECIFIED.)
CURVE()
GEOMETRIC_REPRESENTATION_ITEM()
RATIONAL_B_SPLINE_CURVE((1.0000000000,1.0000000000,1.0000000000,1.0000000000))
REPRESENTATION_ITEM('')
);

#3624=VERTEX_POINT('',#3622);
#3625=EDGE_CURVE('',#3615,#3624,#3618,.T.);
#3626=ORIENTED_EDGE('',*,*,#3625,.T.);
#3627=(
BOUNDED_CURVE()
B_SPLINE_CURVE(1,(#3622,#3596),.UNSPECIFIED.,.F.,.F.)
B_SPLINE_CURVE_WITH_KNOTS((2,2),(0.000,1.000),.UNSPECIFIED.)
CURVE()
GEOMETRIC_REPRESENTATION_ITEM()
RATIONAL_B_SPLINE_CURVE((1.0000000000,1.0000000000))
REPRESENTATION_ITEM('')
);

#3631=VERTEX_POINT('',#3596);
#3632=EDGE_CURVE('',#3624,#3631,#3627,.T.);
#3633=ORIENTED_EDGE('',*,*,#3632,.T.);
#3634=(
BOUNDED_CURVE()
B_SPLINE_CURVE(2,(#3596,#3594,#3592),.UNSPECIFIED.,.F.,.F.)
B_SPLINE_CURVE_WITH_KNOTS((3,3),(0.000,1.000),.UNSPECIFIED.)
CURVE()
GEOMETRIC_REPRESENTATION_ITEM()
RATIONAL_B_SPLINE_CURVE((1.0000000000,0.7071067812,1.0000000000))
REPRESENTATION_ITEM('')
);

#3639=VERTEX_POINT('',#3592);
#3640=EDGE_CURVE('',#3631,#3639,#3634,.T.);
#3641=ORIENTED_EDGE('',*,*,#3640,.T.);
#3642=(
BOUNDED_CURVE()
B_SPLINE_CURVE(1,(#3592,#3517),.UNSPECIFIED.,.F.,.F.)
B_SPLINE_CURVE_WITH_KNOTS((2,2),(0.000,1.000),.UNSPECIFIED.)
CURVE()
GEOMETRIC_REPRESENTATION_ITEM()
RATIONAL_B_SPLINE_CURVE((1.0000000000,1.0000000000))
REPRESENTATION_ITEM('')
);

#3647=EDGE_CURVE('',#3639,#3519,#3642,.T.);
#3648=ORIENTED_EDGE('',*,*,#3647,.T.);
#3656=ORIENTED_EDGE('',*,*,#3520,.F.);
#3659=CARTESIAN_POINT('',(-0.00000,-4.12231,13.50000));
#3657=(
BOUNDED_CURVE()
B_SPLINE_CURVE(1,(#3512,#3659),.UNSPECIFIED.,.F.,.F.)
B_SPLINE_CURVE_WITH_KNOTS((2,2),(0.000,1.000),.UNSPECIFIED.)
CURVE()
GEOMETRIC_REPRESENTATION_ITEM()
RATIONAL_B_SPLINE_CURVE((1.0000000000,1.0000000000))
REPRESENTATION_ITEM('')
);

#3661=VERTEX_POINT('',#3659);
#3662=EDGE_CURVE('',#3513,#3661,#3657,.T.);
#3663=ORIENTED_EDGE('',*,*,#3662,.T.);
#3666=CARTESIAN_POINT('',(-0.15165,-4.44709,13.50000));
#3667=CARTESIAN_POINT('',(-0.54882,-4.70000,13.49360));
#3668=CARTESIAN_POINT('',(-0.90645,-4.70000,13.46953));
#3664=(
BOUNDED_CURVE()
B_SPLINE_CURVE(3,(#3659,#3666,#3667,#3668),.UNSPECIFIED.,.F.,.F.)
B_SPLINE_CURVE_WITH_KNOTS((4,4),(0.000,1.000),.UNSPECIFIED.)
CURVE()
GEOMETRIC_REPRESENTATION_ITEM()
RATIONAL_B_SPLINE_CURVE((1.0000000000,1.0000000000,1.0000000000,1.0000000000))
REPRESENTATION_ITEM('')
);

#3670=VERTEX_POINT('',#3668);
#3671=EDGE_CURVE('',#3661,#3670,#3664,.T.);
#3672=ORIENTED_EDGE('',*,*,#3671,.T.);
#3675=CARTESIAN_POINT('',(-1.29056,-4.70000,13.44368));
#3676=CARTESIAN_POINT('',(-1.71732,-4.39643,13.39094));
#3677=CARTESIAN_POINT('',(-1.84483,-4.03360,13.37335));
#3673=(
BOUNDED_CURVE()
B_SPLINE_CURVE(3,(#3668,#3675,#3676,#3677),.UNSPECIFIED.,.F.,.F.)
B_SPLINE_CURVE_WITH_KNOTS((4,4),(0.000,1.000),.UNSPECIFIED.)
CURVE()
GEOMETRIC_REPRESENTATION_ITEM()
RATIONAL_B_SPLINE_CURVE((1.0000000000,1.0000000000,1.0000000000,1.0000000000))
REPRESENTATION_ITEM('')
);

#3679=VERTEX_POINT('',#3677);
#3680=EDGE_CURVE('',#3670,#3679,#3673,.T.);
#3681=ORIENTED_EDGE('',*,*,#3680,.T.);
#3684=CARTESIAN_POINT('',(-1.88220,-3.92726,13.36820));
#3685=CARTESIAN_POINT('',(-1.90171,-3.81284,13.36539));
#3682=(
BOUNDED_CURVE()
B_SPLINE_CURVE(3,(#3677,#3684,#3685,#3598),.UNSPECIFIED.,.F.,.F.)
B_SPLINE_CURVE_WITH_KNOTS((4,4),(0.000,1.000),.UNSPECIFIED.)
CURVE()
GEOMETRIC_REPRESENTATION_ITEM()
RATIONAL_B_SPLINE_CURVE((1.0000000000,1.0000000000,1.0000000000,1.0000000000))
REPRESENTATION_ITEM('')
);

#3687=EDGE_CURVE('',#3679,#3599,#3682,.T.);
#3688=ORIENTED_EDGE('',*,*,#3687,.T.);
#3689=EDGE_LOOP('',(#3608,#3617,#3626,#3633,#3641,#3648,#3656,#3663,#3672,#3681,#3688));
#3690=FACE_OUTER_BOUND('',#3689,.T.);
#3691=CARTESIAN_POINT('',(-5.29612,-3.70000,12.41777));
#3692=VERTEX_POINT('',#3691);
#3695=CARTESIAN_POINT('',(-5.29612,-3.31502,12.41777));
#3696=CARTESIAN_POINT('',(-5.01659,-2.88568,12.53856));
#3697=CARTESIAN_POINT('',(-4.67612,-2.75729,12.66428));
#3693=(
BOUNDED_CURVE()
B_SPLINE_CURVE(3,(#3691,#3695,#3696,#3697),.UNSPECIFIED.,.F.,.F.)
B_SPLINE_CURVE_WITH_KNOTS((4,4),(0.000,1.000),.UNSPECIFIED.)
CURVE()
GEOMETRIC_REPRESENTATION_ITEM()
RATIONAL_B_SPLINE_CURVE((1.0000000000,1.0000000000,1.0000000000,1.0000000000))
REPRESENTATION_ITEM('')
);

#3699=VERTEX_POINT('',#3697);
#3700=EDGE_CURVE('',#3692,#3699,#3693,.T.);
#3701=ORIENTED_EDGE('',*,*,#3700,.T.);
#3704=CARTESIAN_POINT('',(-4.57633,-2.71965,12.70112));
#3705=CARTESIAN_POINT('',(-4.46852,-2.70000,12.73951));
#3706=CARTESIAN_POINT('',(-4.36174,-2.70000,12.77596));
#3702=(
BOUNDED_CURVE()
B_SPLINE_CURVE(3,(#3697,#3704,#3705,#3706),.UNSPECIFIED.,.F.,.F.)
B_SPLINE_CURVE_WITH_KNOTS((4,4),(0.000,1.000),.UNSPECIFIED.)
CURVE()
GEOMETRIC_REPRESENTATION_ITEM()
RATIONAL_B_SPLINE_CURVE((1.0000000000,1.0000000000,1.0000000000,1.0000000000))
REPRESENTATION_ITEM('')
);

#3708=VERTEX_POINT('',#3706);
#3709=EDGE_CURVE('',#3699,#3708,#3702,.T.);
#3710=ORIENTED_EDGE('',*,*,#3709,.T.);
#3713=CARTESIAN_POINT('',(-3.99741,-2.70000,12.90035));
#3714=CARTESIAN_POINT('',(-3.58335,-3.00357,13.01638));
#3715=CARTESIAN_POINT('',(-3.45894,-3.36640,13.04936));
#3711=(
BOUNDED_CURVE()
B_SPLINE_CURVE(3,(#3706,#3713,#3714,#3715),.UNSPECIFIED.,.F.,.F.)
B_SPLINE_CURVE_WITH_KNOTS((4,4),(0.000,1.000),.UNSPECIFIED.)
CURVE()
GEOMETRIC_REPRESENTATION_ITEM()
RATIONAL_B_SPLINE_CURVE((1.0000000000,1.0000000000,1.0000000000,1.0000000000))
REPRESENTATION_ITEM('')
);

#3717=VERTEX_POINT('',#3715);
#3718=EDGE_CURVE('',#3708,#3717,#3711,.T.);
#3719=ORIENTED_EDGE('',*,*,#3718,.T.);
#3722=CARTESIAN_POINT('',(-3.42247,-3.47274,13.05902));
#3723=CARTESIAN_POINT('',(-3.40339,-3.58716,13.06396));
#3724=CARTESIAN_POINT('',(-3.40339,-3.70000,13.06396));
#3720=(
BOUNDED_CURVE()
B_SPLINE_CURVE(3,(#3715,#3722,#3723,#3724),.UNSPECIFIED.,.F.,.F.)
B_SPLINE_CURVE_WITH_KNOTS((4,4),(0.000,1.000),.UNSPECIFIED.)
CURVE()
GEOMETRIC_REPRESENTATION_ITEM()
RATIONAL_B_SPLINE_CURVE((1.0000000000,1.0000000000,1.0000000000,1.0000000000))
REPRESENTATION_ITEM('')
);

#3726=VERTEX_POINT('',#3724);
#3727=EDGE_CURVE('',#3717,#3726,#3720,.T.);
#3728=ORIENTED_EDGE('',*,*,#3727,.T.);
#3731=CARTESIAN_POINT('',(-3.40339,-4.08498,13.06396));
#3732=CARTESIAN_POINT('',(-3.69843,-4.51432,12.98859));
#3733=CARTESIAN_POINT('',(-4.04469,-4.64271,12.87985));
#3729=(
BOUNDED_CURVE()
B_SPLINE_CURVE(3,(#3724,#3731,#3732,#3733),.UNSPECIFIED.,.F.,.F.)
B_SPLINE_CURVE_WITH_KNOTS((4,4),(0.000,1.000),.UNSPECIFIED.)
CURVE()
GEOMETRIC_REPRESENTATION_ITEM()
RATIONAL_B_SPLINE_CURVE((1.0000000000,1.0000000000,1.0000000000,1.0000000000))
REPRESENTATION_ITEM('')
);

#3735=VERTEX_POINT('',#3733);
#3736=EDGE_CURVE('',#3726,#3735,#3729,.T.);
#3737=ORIENTED_EDGE('',*,*,#3736,.T.);
#3740=CARTESIAN_POINT('',(-4.14618,-4.68035,12.84798));
#3741=CARTESIAN_POINT('',(-4.25495,-4.70000,12.81242));
#3742=CARTESIAN_POINT('',(-4.36174,-4.70000,12.77596));
#3738=(
BOUNDED_CURVE()
B_SPLINE_CURVE(3,(#3733,#3740,#3741,#3742),.UNSPECIFIED.,.F.,.F.)
B_SPLINE_CURVE_WITH_KNOTS((4,4),(0.000,1.000),.UNSPECIFIED.)
CURVE()
GEOMETRIC_REPRESENTATION_ITEM()
RATIONAL_B_SPLINE_CURVE((1.0000000000,1.0000000000,1.0000000000,1.0000000000))
REPRESENTATION_ITEM('')
);

#3744=VERTEX_POINT('',#3742);
#3745=EDGE_CURVE('',#3735,#3744,#3738,.T.);
#3746=ORIENTED_EDGE('',*,*,#3745,.T.);
#3749=CARTESIAN_POINT('',(-4.72607,-4.70000,12.65158));
#3750=CARTESIAN_POINT('',(-5.12464,-4.39643,12.49018));
#3751=CARTESIAN_POINT('',(-5.24324,-4.03360,12.44019));
#3747=(
BOUNDED_CURVE()
B_SPLINE_CURVE(3,(#3742,#3749,#3750,#3751),.UNSPECIFIED.,.F.,.F.)
B_SPLINE_CURVE_WITH_KNOTS((4,4),(0.000,1.000),.UNSPECIFIED.)
CURVE()
GEOMETRIC_REPRESENTATION_ITEM()
RATIONAL_B_SPLINE_CURVE((1.0000000000,1.0000000000,1.0000000000,1.0000000000))
REPRESENTATION_ITEM('')
);

#3753=VERTEX_POINT('',#3751);
#3754=EDGE_CURVE('',#3744,#3753,#3747,.T.);
#3755=ORIENTED_EDGE('',*,*,#3754,.T.);
#3758=CARTESIAN_POINT('',(-5.27801,-3.92726,12.42554));
#3759=CARTESIAN_POINT('',(-5.29612,-3.81284,12.41777));
#3756=(
BOUNDED_CURVE()
B_SPLINE_CURVE(3,(#3751,#3758,#3759,#3691),.UNSPECIFIED.,.F.,.F.)
B_SPLINE_CURVE_WITH_KNOTS((4,4),(0.000,1.000),.UNSPECIFIED.)
CURVE()
GEOMETRIC_REPRESENTATION_ITEM()
RATIONAL_B_SPLINE_CURVE((1.0000000000,1.0000000000,1.0000000000,1.0000000000))
REPRESENTATION_ITEM('')
);

#3761=EDGE_CURVE('',#3753,#3692,#3756,.T.);
#3762=ORIENTED_EDGE('',*,*,#3761,.T.);
#3763=EDGE_LOOP('',(#3701,#3710,#3719,#3728,#3737,#3746,#3755,#3762));
#3764=FACE_BOUND('',#3763,.T.);
#3765=CARTESIAN_POINT('',(-7.51978,-2.70000,11.21173));
#3766=VERTEX_POINT('',#3765);
#3769=CARTESIAN_POINT('',(-7.20005,-2.70000,11.42617));
#3770=CARTESIAN_POINT('',(-6.83014,-3.00357,11.64542));
#3771=CARTESIAN_POINT('',(-6.71850,-3.36640,11.70947));
#3767=(
BOUNDED_CURVE()
B_SPLINE_CURVE(3,(#3765,#3769,#3770,#3771),.UNSPECIFIED.,.F.,.F.)
B_SPLINE_CURVE_WITH_KNOTS((4,4),(0.000,1.000),.UNSPECIFIED.)
CURVE()
GEOMETRIC_REPRESENTATION_ITEM()
RATIONAL_B_SPLINE_CURVE((1.0000000000,1.0000000000,1.0000000000,1.0000000000))
REPRESENTATION_ITEM('')
);

#3773=VERTEX_POINT('',#3771);
#3774=EDGE_CURVE('',#3766,#3773,#3767,.T.);
#3775=ORIENTED_EDGE('',*,*,#3774,.T.);
#3778=CARTESIAN_POINT('',(-6.68578,-3.47274,11.72825));
#3779=CARTESIAN_POINT('',(-6.66862,-3.58716,11.73795));
#3780=CARTESIAN_POINT('',(-6.66862,-3.70000,11.73795));
#3776=(
BOUNDED_CURVE()
B_SPLINE_CURVE(3,(#3771,#3778,#3779,#3780),.UNSPECIFIED.,.F.,.F.)
B_SPLINE_CURVE_WITH_KNOTS((4,4),(0.000,1.000),.UNSPECIFIED.)
CURVE()
GEOMETRIC_REPRESENTATION_ITEM()
RATIONAL_B_SPLINE_CURVE((1.0000000000,1.0000000000,1.0000000000,1.0000000000))
REPRESENTATION_ITEM('')
);

#3782=VERTEX_POINT('',#3780);
#3783=EDGE_CURVE('',#3773,#3782,#3776,.T.);
#3784=ORIENTED_EDGE('',*,*,#3783,.T.);
#3787=CARTESIAN_POINT('',(-6.66862,-4.08498,11.73795));
#3788=CARTESIAN_POINT('',(-6.93410,-4.51432,11.58879));
#3789=CARTESIAN_POINT('',(-7.24042,-4.64271,11.39413));
#3785=(
BOUNDED_CURVE()
B_SPLINE_CURVE(3,(#3780,#3787,#3788,#3789),.UNSPECIFIED.,.F.,.F.)
B_SPLINE_CURVE_WITH_KNOTS((4,4),(0.000,1.000),.UNSPECIFIED.)
CURVE()
GEOMETRIC_REPRESENTATION_ITEM()
RATIONAL_B_SPLINE_CURVE((1.0000000000,1.0000000000,1.0000000000,1.0000000000))
REPRESENTATION_ITEM('')
);

#3791=VERTEX_POINT('',#3789);
#3792=EDGE_CURVE('',#3782,#3791,#3785,.T.);
#3793=ORIENTED_EDGE('',*,*,#3792,.T.);
#3796=CARTESIAN_POINT('',(-7.33021,-4.68035,11.33708));
#3797=CARTESIAN_POINT('',(-7.42607,-4.70000,11.27458));
#3798=CARTESIAN_POINT('',(-7.51978,-4.70000,11.21173));
#3794=(
BOUNDED_CURVE()
B_SPLINE_CURVE(3,(#3789,#3796,#3797,#3798),.UNSPECIFIED.,.F.,.F.)
B_SPLINE_CURVE_WITH_KNOTS((4,4),(0.000,1.000),.UNSPECIFIED.)
CURVE()
GEOMETRIC_REPRESENTATION_ITEM()
RATIONAL_B_SPLINE_CURVE((1.0000000000,1.0000000000,1.0000000000,1.0000000000))
REPRESENTATION_ITEM('')
);

#3800=VERTEX_POINT('',#3798);
#3801=EDGE_CURVE('',#3791,#3800,#3794,.T.);
#3802=ORIENTED_EDGE('',*,*,#3801,.T.);
#3805=CARTESIAN_POINT('',(-7.83950,-4.70000,10.99729));
#3806=CARTESIAN_POINT('',(-8.18272,-4.39643,10.73824));
#3807=CARTESIAN_POINT('',(-8.28434,-4.03360,10.65925));
#3803=(
BOUNDED_CURVE()
B_SPLINE_CURVE(3,(#3798,#3805,#3806,#3807),.UNSPECIFIED.,.F.,.F.)
B_SPLINE_CURVE_WITH_KNOTS((4,4),(0.000,1.000),.UNSPECIFIED.)
CURVE()
GEOMETRIC_REPRESENTATION_ITEM()
RATIONAL_B_SPLINE_CURVE((1.0000000000,1.0000000000,1.0000000000,1.0000000000))
REPRESENTATION_ITEM('')
);

#3809=VERTEX_POINT('',#3807);
#3810=EDGE_CURVE('',#3800,#3809,#3803,.T.);
#3811=ORIENTED_EDGE('',*,*,#3810,.T.);
#3814=CARTESIAN_POINT('',(-8.31413,-3.92726,10.63610));
#3815=CARTESIAN_POINT('',(-8.32962,-3.81284,10.62391));
#3816=CARTESIAN_POINT('',(-8.32962,-3.70000,10.62391));
#3812=(
BOUNDED_CURVE()
B_SPLINE_CURVE(3,(#3807,#3814,#3815,#3816),.UNSPECIFIED.,.F.,.F.)
B_SPLINE_CURVE_WITH_KNOTS((4,4),(0.000,1.000),.UNSPECIFIED.)
CURVE()
GEOMETRIC_REPRESENTATION_ITEM()
RATIONAL_B_SPLINE_CURVE((1.0000000000,1.0000000000,1.0000000000,1.0000000000))
REPRESENTATION_ITEM('')
);

#3818=VERTEX_POINT('',#3816);
#3819=EDGE_CURVE('',#3809,#3818,#3812,.T.);
#3820=ORIENTED_EDGE('',*,*,#3819,.T.);
#3823=CARTESIAN_POINT('',(-8.32962,-3.31502,10.62391));
#3824=CARTESIAN_POINT('',(-8.09087,-2.88568,10.81293));
#3825=CARTESIAN_POINT('',(-7.79454,-2.75729,11.02248));
#3821=(
BOUNDED_CURVE()
B_SPLINE_CURVE(3,(#3816,#3823,#3824,#3825),.UNSPECIFIED.,.F.,.F.)
B_SPLINE_CURVE_WITH_KNOTS((4,4),(0.000,1.000),.UNSPECIFIED.)
CURVE()
GEOMETRIC_REPRESENTATION_ITEM()
RATIONAL_B_SPLINE_CURVE((1.0000000000,1.0000000000,1.0000000000,1.0000000000))
REPRESENTATION_ITEM('')
);

#3827=VERTEX_POINT('',#3825);
#3828=EDGE_CURVE('',#3818,#3827,#3821,.T.);
#3829=ORIENTED_EDGE('',*,*,#3828,.T.);
#3832=CARTESIAN_POINT('',(-7.70768,-2.71965,11.08390));
#3833=CARTESIAN_POINT('',(-7.61349,-2.70000,11.14888));
#3830=(
BOUNDED_CURVE()
B_SPLINE_CURVE(3,(#3825,#3832,#3833,#3765),.UNSPECIFIED.,.F.,.F.)
B_SPLINE_CURVE_WITH_KNOTS((4,4),(0.000,1.000),.UNSPECIFIED.)
CURVE()
GEOMETRIC_REPRESENTATION_ITEM()
RATIONAL_B_SPLINE_CURVE((1.0000000000,1.0000000000,1.0000000000,1.0000000000))
REPRESENTATION_ITEM('')
);

#3835=EDGE_CURVE('',#3827,#3766,#3830,.T.);
#3836=ORIENTED_EDGE('',*,*,#3835,.T.);
#3837=EDGE_LOOP('',(#3775,#3784,#3793,#3802,#3811,#3820,#3829,#3836));
#3838=FACE_BOUND('',#3837,.T.);
#3839=CARTESIAN_POINT('',(-9.47940,-3.70000,9.61202));
#3840=VERTEX_POINT('',#3839);
#3843=CARTESIAN_POINT('',(-9.47940,-4.08498,9.61202));
#3844=CARTESIAN_POINT('',(-9.69723,-4.51432,9.39923));
#3845=CARTESIAN_POINT('',(-9.94273,-4.64271,9.13193));
#3841=(
BOUNDED_CURVE()
B_SPLINE_CURVE(3,(#3839,#3843,#3844,#3845),.UNSPECIFIED.,.F.,.F.)
B_SPLINE_CURVE_WITH_KNOTS((4,4),(0.000,1.000),.UNSPECIFIED.)
CURVE()
GEOMETRIC_REPRESENTATION_ITEM()
RATIONAL_B_SPLINE_CURVE((1.0000000000,1.0000000000,1.0000000000,1.0000000000))
REPRESENTATION_ITEM('')
);

#3847=VERTEX_POINT('',#3845);
#3848=EDGE_CURVE('',#3840,#3847,#3841,.T.);
#3849=ORIENTED_EDGE('',*,*,#3848,.T.);
#3852=CARTESIAN_POINT('',(-10.01469,-4.68035,9.05358));
#3853=CARTESIAN_POINT('',(-10.09111,-4.70000,8.96841));
#3854=CARTESIAN_POINT('',(-10.16536,-4.70000,8.88344));
#3850=(
BOUNDED_CURVE()
B_SPLINE_CURVE(3,(#3845,#3852,#3853,#3854),.UNSPECIFIED.,.F.,.F.)
B_SPLINE_CURVE_WITH_KNOTS((4,4),(0.000,1.000),.UNSPECIFIED.)
CURVE()
GEOMETRIC_REPRESENTATION_ITEM()
RATIONAL_B_SPLINE_CURVE((1.0000000000,1.0000000000,1.0000000000,1.0000000000))
REPRESENTATION_ITEM('')
);

#3856=VERTEX_POINT('',#3854);
#3857=EDGE_CURVE('',#3847,#3856,#3850,.T.);
#3858=ORIENTED_EDGE('',*,*,#3857,.T.);
#3861=CARTESIAN_POINT('',(-10.41869,-4.70000,8.59356));
#3862=CARTESIAN_POINT('',(-10.68316,-4.39643,8.25450));
#3863=CARTESIAN_POINT('',(-10.76088,-4.03360,8.15190));
#3859=(
BOUNDED_CURVE()
B_SPLINE_CURVE(3,(#3854,#3861,#3862,#3863),.UNSPECIFIED.,.F.,.F.)
B_SPLINE_CURVE_WITH_KNOTS((4,4),(0.000,1.000),.UNSPECIFIED.)
CURVE()
GEOMETRIC_REPRESENTATION_ITEM()
RATIONAL_B_SPLINE_CURVE((1.0000000000,1.0000000000,1.0000000000,1.0000000000))
REPRESENTATION_ITEM('')
);

#3865=VERTEX_POINT('',#3863);
#3866=EDGE_CURVE('',#3856,#3865,#3859,.T.);
#3867=ORIENTED_EDGE('',*,*,#3866,.T.);
#3870=CARTESIAN_POINT('',(-10.78366,-3.92726,8.12183));
#3871=CARTESIAN_POINT('',(-10.79546,-3.81284,8.10605));
#3872=CARTESIAN_POINT('',(-10.79546,-3.70000,8.10605));
#3868=(
BOUNDED_CURVE()
B_SPLINE_CURVE(3,(#3863,#3870,#3871,#3872),.UNSPECIFIED.,.F.,.F.)
B_SPLINE_CURVE_WITH_KNOTS((4,4),(0.000,1.000),.UNSPECIFIED.)
CURVE()
GEOMETRIC_REPRESENTATION_ITEM()
RATIONAL_B_SPLINE_CURVE((1.0000000000,1.0000000000,1.0000000000,1.0000000000))
REPRESENTATION_ITEM('')
);

#3874=VERTEX_POINT('',#3872);
#3875=EDGE_CURVE('',#3865,#3874,#3868,.T.);
#3876=ORIENTED_EDGE('',*,*,#3875,.T.);
#3879=CARTESIAN_POINT('',(-10.79546,-3.31502,8.10605));
#3880=CARTESIAN_POINT('',(-10.61377,-2.88568,8.35042));
#3881=CARTESIAN_POINT('',(-10.38177,-2.75729,8.62953));
#3877=(
BOUNDED_CURVE()
B_SPLINE_CURVE(3,(#3872,#3879,#3880,#3881),.UNSPECIFIED.,.F.,.F.)
B_SPLINE_CURVE_WITH_KNOTS((4,4),(0.000,1.000),.UNSPECIFIED.)
CURVE()
GEOMETRIC_REPRESENTATION_ITEM()
RATIONAL_B_SPLINE_CURVE((1.0000000000,1.0000000000,1.0000000000,1.0000000000))
REPRESENTATION_ITEM('')
);

#3883=VERTEX_POINT('',#3881);
#3884=EDGE_CURVE('',#3874,#3883,#3877,.T.);
#3885=ORIENTED_EDGE('',*,*,#3884,.T.);
#3888=CARTESIAN_POINT('',(-10.31378,-2.71965,8.71133));
#3889=CARTESIAN_POINT('',(-10.23961,-2.70000,8.79848));
#3890=CARTESIAN_POINT('',(-10.16536,-2.70000,8.88344));
#3886=(
BOUNDED_CURVE()
B_SPLINE_CURVE(3,(#3881,#3888,#3889,#3890),.UNSPECIFIED.,.F.,.F.)
B_SPLINE_CURVE_WITH_KNOTS((4,4),(0.000,1.000),.UNSPECIFIED.)
CURVE()
GEOMETRIC_REPRESENTATION_ITEM()
RATIONAL_B_SPLINE_CURVE((1.0000000000,1.0000000000,1.0000000000,1.0000000000))
REPRESENTATION_ITEM('')
);

#3892=VERTEX_POINT('',#3890);
#3893=EDGE_CURVE('',#3883,#3892,#3886,.T.);
#3894=ORIENTED_EDGE('',*,*,#3893,.T.);
#3897=CARTESIAN_POINT('',(-9.91203,-2.70000,9.17333));
#3898=CARTESIAN_POINT('',(-9.61146,-3.00357,9.48084));
#3899=CARTESIAN_POINT('',(-9.52021,-3.36640,9.57161));
#3895=(
BOUNDED_CURVE()
B_SPLINE_CURVE(3,(#3890,#3897,#3898,#3899),.UNSPECIFIED.,.F.,.F.)
B_SPLINE_CURVE_WITH_KNOTS((4,4),(0.000,1.000),.UNSPECIFIED.)
CURVE()
GEOMETRIC_REPRESENTATION_ITEM()
RATIONAL_B_SPLINE_CURVE((1.0000000000,1.0000000000,1.0000000000,1.0000000000))
REPRESENTATION_ITEM('')
);

#3901=VERTEX_POINT('',#3899);
#3902=EDGE_CURVE('',#3892,#3901,#3895,.T.);
#3903=ORIENTED_EDGE('',*,*,#3902,.T.);
#3906=CARTESIAN_POINT('',(-9.49346,-3.47274,9.59821));
#3907=CARTESIAN_POINT('',(-9.47940,-3.58716,9.61202));
#3904=(
BOUNDED_CURVE()
B_SPLINE_CURVE(3,(#3899,#3906,#3907,#3839),.UNSPECIFIED.,.F.,.F.)
B_SPLINE_CURVE_WITH_KNOTS((4,4),(0.000,1.000),.UNSPECIFIED.)
CURVE()
GEOMETRIC_REPRESENTATION_ITEM()
RATIONAL_B_SPLINE_CURVE((1.0000000000,1.0000000000,1.0000000000,1.0000000000))
REPRESENTATION_ITEM('')
);

#3909=EDGE_CURVE('',#3901,#3840,#3904,.T.);
#3910=ORIENTED_EDGE('',*,*,#3909,.T.);
#3911=EDGE_LOOP('',(#3849,#3858,#3867,#3876,#3885,#3894,#3903,#3910));
#3912=FACE_BOUND('',#3911,.T.);
#3913=CARTESIAN_POINT('',(-12.11818,-4.70000,5.94976));
#3914=VERTEX_POINT('',#3913);
#3917=CARTESIAN_POINT('',(-12.28785,-4.70000,5.60418));
#3918=CARTESIAN_POINT('',(-12.45556,-4.39643,5.20823));
#3919=CARTESIAN_POINT('',(-12.50408,-4.03360,5.08901));
#3915=(
BOUNDED_CURVE()
B_SPLINE_CURVE(3,(#3913,#3917,#3918,#3919),.UNSPECIFIED.,.F.,.F.)
B_SPLINE_CURVE_WITH_KNOTS((4,4),(0.000,1.000),.UNSPECIFIED.)
CURVE()
GEOMETRIC_REPRESENTATION_ITEM()
RATIONAL_B_SPLINE_CURVE((1.0000000000,1.0000000000,1.0000000000,1.0000000000))
REPRESENTATION_ITEM('')
);

#3921=VERTEX_POINT('',#3919);
#3922=EDGE_CURVE('',#3914,#3921,#3915,.T.);
#3923=ORIENTED_EDGE('',*,*,#3922,.T.);
#3926=CARTESIAN_POINT('',(-12.51830,-3.92726,5.05407));
#3927=CARTESIAN_POINT('',(-12.52562,-3.81284,5.03577));
#3928=CARTESIAN_POINT('',(-12.52562,-3.70000,5.03577));
#3924=(
BOUNDED_CURVE()
B_SPLINE_CURVE(3,(#3919,#3926,#3927,#3928),.UNSPECIFIED.,.F.,.F.)
B_SPLINE_CURVE_WITH_KNOTS((4,4),(0.000,1.000),.UNSPECIFIED.)
CURVE()
GEOMETRIC_REPRESENTATION_ITEM()
RATIONAL_B_SPLINE_CURVE((1.0000000000,1.0000000000,1.0000000000,1.0000000000))
REPRESENTATION_ITEM('')
);

#3930=VERTEX_POINT('',#3928);
#3931=EDGE_CURVE('',#3921,#3930,#3924,.T.);
#3932=ORIENTED_EDGE('',*,*,#3931,.T.);
#3935=CARTESIAN_POINT('',(-12.52562,-3.31502,5.03577));
#3936=CARTESIAN_POINT('',(-12.41337,-2.88568,5.31884));
#3937=CARTESIAN_POINT('',(-12.26151,-2.75729,5.64848));
#3933=(
BOUNDED_CURVE()
B_SPLINE_CURVE(3,(#3928,#3935,#3936,#3937),.UNSPECIFIED.,.F.,.F.)
B_SPLINE_CURVE_WITH_KNOTS((4,4),(0.000,1.000),.UNSPECIFIED.)
CURVE()
GEOMETRIC_REPRESENTATION_ITEM()
RATIONAL_B_SPLINE_CURVE((1.0000000000,1.0000000000,1.0000000000,1.0000000000))
REPRESENTATION_ITEM('')
);

#3939=VERTEX_POINT('',#3937);
#3940=EDGE_CURVE('',#3930,#3939,#3933,.T.);
#3941=ORIENTED_EDGE('',*,*,#3940,.T.);
#3944=CARTESIAN_POINT('',(-12.21700,-2.71965,5.74510));
#3945=CARTESIAN_POINT('',(-12.16791,-2.70000,5.84847));
#3946=CARTESIAN_POINT('',(-12.11818,-2.70000,5.94976));
#3942=(
BOUNDED_CURVE()
B_SPLINE_CURVE(3,(#3937,#3944,#3945,#3946),.UNSPECIFIED.,.F.,.F.)
B_SPLINE_CURVE_WITH_KNOTS((4,4),(0.000,1.000),.UNSPECIFIED.)
CURVE()
GEOMETRIC_REPRESENTATION_ITEM()
RATIONAL_B_SPLINE_CURVE((1.0000000000,1.0000000000,1.0000000000,1.0000000000))
REPRESENTATION_ITEM('')
);

#3948=VERTEX_POINT('',#3946);
#3949=EDGE_CURVE('',#3939,#3948,#3942,.T.);
#3950=ORIENTED_EDGE('',*,*,#3949,.T.);
#3953=CARTESIAN_POINT('',(-11.94852,-2.70000,6.29533));
#3954=CARTESIAN_POINT('',(-11.73778,-3.00357,6.67016));
#3955=CARTESIAN_POINT('',(-11.67313,-3.36640,6.78145));
#3951=(
BOUNDED_CURVE()
B_SPLINE_CURVE(3,(#3946,#3953,#3954,#3955),.UNSPECIFIED.,.F.,.F.)
B_SPLINE_CURVE_WITH_KNOTS((4,4),(0.000,1.000),.UNSPECIFIED.)
CURVE()
GEOMETRIC_REPRESENTATION_ITEM()
RATIONAL_B_SPLINE_CURVE((1.0000000000,1.0000000000,1.0000000000,1.0000000000))
REPRESENTATION_ITEM('')
);

#3957=VERTEX_POINT('',#3955);
#3958=EDGE_CURVE('',#3948,#3957,#3951,.T.);
#3959=ORIENTED_EDGE('',*,*,#3958,.T.);
#3962=CARTESIAN_POINT('',(-11.65418,-3.47274,6.81407));
#3963=CARTESIAN_POINT('',(-11.64417,-3.58716,6.83105));
#3964=CARTESIAN_POINT('',(-11.64417,-3.70000,6.83105));
#3960=(
BOUNDED_CURVE()
B_SPLINE_CURVE(3,(#3955,#3962,#3963,#3964),.UNSPECIFIED.,.F.,.F.)
B_SPLINE_CURVE_WITH_KNOTS((4,4),(0.000,1.000),.UNSPECIFIED.)
CURVE()
GEOMETRIC_REPRESENTATION_ITEM()
RATIONAL_B_SPLINE_CURVE((1.0000000000,1.0000000000,1.0000000000,1.0000000000))
REPRESENTATION_ITEM('')
);

#3966=VERTEX_POINT('',#3964);
#3967=EDGE_CURVE('',#3957,#3966,#3960,.T.);
#3968=ORIENTED_EDGE('',*,*,#3967,.T.);
#3971=CARTESIAN_POINT('',(-11.64417,-4.08498,6.83105));
#3972=CARTESIAN_POINT('',(-11.79950,-4.51432,6.56913));
#3973=CARTESIAN_POINT('',(-11.96746,-4.64271,6.24740));
#3969=(
BOUNDED_CURVE()
B_SPLINE_CURVE(3,(#3964,#3971,#3972,#3973),.UNSPECIFIED.,.F.,.F.)
B_SPLINE_CURVE_WITH_KNOTS((4,4),(0.000,1.000),.UNSPECIFIED.)
CURVE()
GEOMETRIC_REPRESENTATION_ITEM()
RATIONAL_B_SPLINE_CURVE((1.0000000000,1.0000000000,1.0000000000,1.0000000000))
REPRESENTATION_ITEM('')
);

#3975=VERTEX_POINT('',#3973);
#3976=EDGE_CURVE('',#3966,#3975,#3969,.T.);
#3977=ORIENTED_EDGE('',*,*,#3976,.T.);
#3980=CARTESIAN_POINT('',(-12.01669,-4.68035,6.15310));
#3981=CARTESIAN_POINT('',(-12.06845,-4.70000,6.05104));
#3978=(
BOUNDED_CURVE()
B_SPLINE_CURVE(3,(#3973,#3980,#3981,#3913),.UNSPECIFIED.,.F.,.F.)
B_SPLINE_CURVE_WITH_KNOTS((4,4),(0.000,1.000),.UNSPECIFIED.)
CURVE()
GEOMETRIC_REPRESENTATION_ITEM()
RATIONAL_B_SPLINE_CURVE((1.0000000000,1.0000000000,1.0000000000,1.0000000000))
REPRESENTATION_ITEM('')
);

#3983=EDGE_CURVE('',#3975,#3914,#3978,.T.);
#3984=ORIENTED_EDGE('',*,*,#3983,.T.);
#3985=EDGE_LOOP('',(#3923,#3932,#3941,#3950,#3959,#3968,#3977,#3984));
#3986=FACE_BOUND('',#3985,.T.);
#3987=CARTESIAN_POINT('',(-13.40217,-3.70000,1.62231));
#3988=VERTEX_POINT('',#3987);
#3991=CARTESIAN_POINT('',(-13.40217,-3.58716,1.62231));
#3992=CARTESIAN_POINT('',(-13.39984,-3.47274,1.64188));
#3993=CARTESIAN_POINT('',(-13.39514,-3.36640,1.67931));
#3989=(
BOUNDED_CURVE()
B_SPLINE_CURVE(3,(#3987,#3991,#3992,#3993),.UNSPECIFIED.,.F.,.F.)
B_SPLINE_CURVE_WITH_KNOTS((4,4),(0.000,1.000),.UNSPECIFIED.)
CURVE()
GEOMETRIC_REPRESENTATION_ITEM()
RATIONAL_B_SPLINE_CURVE((1.0000000000,1.0000000000,1.0000000000,1.0000000000))
REPRESENTATION_ITEM('')
);

#3995=VERTEX_POINT('',#3993);
#3996=EDGE_CURVE('',#3988,#3995,#3989,.T.);
#3997=ORIENTED_EDGE('',*,*,#3996,.T.);
#4000=CARTESIAN_POINT('',(-13.37913,-3.00357,1.80702));
#4001=CARTESIAN_POINT('',(-13.31962,-2.70000,2.23289));
#4002=CARTESIAN_POINT('',(-13.24518,-2.70000,2.61061));
#3998=(
BOUNDED_CURVE()
B_SPLINE_CURVE(3,(#3993,#4000,#4001,#4002),.UNSPECIFIED.,.F.,.F.)
B_SPLINE_CURVE_WITH_KNOTS((4,4),(0.000,1.000),.UNSPECIFIED.)
CURVE()
GEOMETRIC_REPRESENTATION_ITEM()
RATIONAL_B_SPLINE_CURVE((1.0000000000,1.0000000000,1.0000000000,1.0000000000))
REPRESENTATION_ITEM('')
);

#4004=VERTEX_POINT('',#4002);
#4005=EDGE_CURVE('',#3995,#4004,#3998,.T.);
#4006=ORIENTED_EDGE('',*,*,#4005,.T.);
#4009=CARTESIAN_POINT('',(-13.22336,-2.70000,2.72131));
#4010=CARTESIAN_POINT('',(-13.19977,-2.71965,2.83329));
#4011=CARTESIAN_POINT('',(-13.17662,-2.75729,2.93712));
#4007=(
BOUNDED_CURVE()
B_SPLINE_CURVE(3,(#4002,#4009,#4010,#4011),.UNSPECIFIED.,.F.,.F.)
B_SPLINE_CURVE_WITH_KNOTS((4,4),(0.000,1.000),.UNSPECIFIED.)
CURVE()
GEOMETRIC_REPRESENTATION_ITEM()
RATIONAL_B_SPLINE_CURVE((1.0000000000,1.0000000000,1.0000000000,1.0000000000))
REPRESENTATION_ITEM('')
);

#4013=VERTEX_POINT('',#4011);
#4014=EDGE_CURVE('',#4004,#4013,#4007,.T.);
#4015=ORIENTED_EDGE('',*,*,#4014,.T.);
#4018=CARTESIAN_POINT('',(-13.09766,-2.88568,3.29136));
#4019=CARTESIAN_POINT('',(-13.01541,-3.31502,3.58456));
#4020=CARTESIAN_POINT('',(-13.01541,-3.70000,3.58456));
#4016=(
BOUNDED_CURVE()
B_SPLINE_CURVE(3,(#4011,#4018,#4019,#4020),.UNSPECIFIED.,.F.,.F.)
B_SPLINE_CURVE_WITH_KNOTS((4,4),(0.000,1.000),.UNSPECIFIED.)
CURVE()
GEOMETRIC_REPRESENTATION_ITEM()
RATIONAL_B_SPLINE_CURVE((1.0000000000,1.0000000000,1.0000000000,1.0000000000))
REPRESENTATION_ITEM('')
);

#4022=VERTEX_POINT('',#4020);
#4023=EDGE_CURVE('',#4013,#4022,#4016,.T.);
#4024=ORIENTED_EDGE('',*,*,#4023,.T.);
#4027=CARTESIAN_POINT('',(-13.01541,-3.81284,3.58456));
#4028=CARTESIAN_POINT('',(-13.02068,-3.92726,3.56557));
#4029=CARTESIAN_POINT('',(-13.03054,-4.03360,3.52915));
#4025=(
BOUNDED_CURVE()
B_SPLINE_CURVE(3,(#4020,#4027,#4028,#4029),.UNSPECIFIED.,.F.,.F.)
B_SPLINE_CURVE_WITH_KNOTS((4,4),(0.000,1.000),.UNSPECIFIED.)
CURVE()
GEOMETRIC_REPRESENTATION_ITEM()
RATIONAL_B_SPLINE_CURVE((1.0000000000,1.0000000000,1.0000000000,1.0000000000))
REPRESENTATION_ITEM('')
);

#4031=VERTEX_POINT('',#4029);
#4032=EDGE_CURVE('',#4022,#4031,#4025,.T.);
#4033=ORIENTED_EDGE('',*,*,#4032,.T.);
#4036=CARTESIAN_POINT('',(-13.06419,-4.39643,3.40492));
#4037=CARTESIAN_POINT('',(-13.17073,-4.70000,2.98832));
#4038=CARTESIAN_POINT('',(-13.24518,-4.70000,2.61061));
#4034=(
BOUNDED_CURVE()
B_SPLINE_CURVE(3,(#4029,#4036,#4037,#4038),.UNSPECIFIED.,.F.,.F.)
B_SPLINE_CURVE_WITH_KNOTS((4,4),(0.000,1.000),.UNSPECIFIED.)
CURVE()
GEOMETRIC_REPRESENTATION_ITEM()
RATIONAL_B_SPLINE_CURVE((1.0000000000,1.0000000000,1.0000000000,1.0000000000))
REPRESENTATION_ITEM('')
);

#4040=VERTEX_POINT('',#4038);
#4041=EDGE_CURVE('',#4031,#4040,#4034,.T.);
#4042=ORIENTED_EDGE('',*,*,#4041,.T.);
#4045=CARTESIAN_POINT('',(-13.26700,-4.70000,2.49990));
#4046=CARTESIAN_POINT('',(-13.28766,-4.68035,2.38735));
#4047=CARTESIAN_POINT('',(-13.30564,-4.64271,2.28250));
#4043=(
BOUNDED_CURVE()
B_SPLINE_CURVE(3,(#4038,#4045,#4046,#4047),.UNSPECIFIED.,.F.,.F.)
B_SPLINE_CURVE_WITH_KNOTS((4,4),(0.000,1.000),.UNSPECIFIED.)
CURVE()
GEOMETRIC_REPRESENTATION_ITEM()
RATIONAL_B_SPLINE_CURVE((1.0000000000,1.0000000000,1.0000000000,1.0000000000))
REPRESENTATION_ITEM('')
);

#4049=VERTEX_POINT('',#4047);
#4050=EDGE_CURVE('',#4040,#4049,#4043,.T.);
#4051=ORIENTED_EDGE('',*,*,#4050,.T.);
#4054=CARTESIAN_POINT('',(-13.36701,-4.51432,1.92479));
#4055=CARTESIAN_POINT('',(-13.40217,-4.08498,1.62231));
#4052=(
BOUNDED_CURVE()
B_SPLINE_CURVE(3,(#4047,#4054,#4055,#3987),.UNSPECIFIED.,.F.,.F.)
B_SPLINE_CURVE_WITH_KNOTS((4,4),(0.000,1.000),.UNSPECIFIED.)
CURVE()
GEOMETRIC_REPRESENTATION_ITEM()
RATIONAL_B_SPLINE_CURVE((1.0000000000,1.0000000000,1.0000000000,1.0000000000))
REPRESENTATION_ITEM('')
);

#4057=EDGE_CURVE('',#4049,#3988,#4052,.T.);
#4058=ORIENTED_EDGE('',*,*,#4057,.T.);
#4059=EDGE_LOOP('',(#3997,#4006,#4015,#4024,#4033,#4042,#4051,#4058));
#4060=FACE_BOUND('',#4059,.T.);
#4061=ADVANCED_FACE('',(#3690,#3764,#3838,#3912,#3986,#4060),#3591,.T.);
#4062=COLOUR_RGB('',0.39,0.39,0.39);
#4063=FILL_AREA_STYLE_COLOUR('',#4062);
#4064=FILL_AREA_STYLE('',(#4063));
#4065=SURFACE_STYLE_FILL_AREA(#4064);
#4066=SURFACE_STYLE_TRANSPARENT(0.00);
#4067=SURFACE_STYLE_RENDERING_WITH_PROPERTIES(.NORMAL_SHADING.,#4062,(#4066));
#4068=SURFACE_SIDE_STYLE('',(#4065, #4067));
#4069=SURFACE_STYLE_USAGE(.BOTH.,#4068);
#4070=PRESENTATION_STYLE_ASSIGNMENT((#4069));
#4071=STYLED_ITEM('',(#4070),#4061);

#4075=CARTESIAN_POINT('',(13.50000,-2.25000,13.50000));
#4077=CARTESIAN_POINT('',(13.50000,-2.25000,0.00000));
#4072=(
BOUNDED_SURFACE()
B_SPLINE_SURFACE(2,1,((#3596,#3512),(#4075,#3540),(#4077,#3533)),.UNSPECIFIED.,.F.,.F.,.F.)
B_SPLINE_SURFACE_WITH_KNOTS((3,3),(2,2),(0.000,1.000),(0.000,1.000),.UNSPECIFIED.)
GEOMETRIC_REPRESENTATION_ITEM()
RATIONAL_B_SPLINE_SURFACE(((1.0000000000,1.0000000000),(0.7071067812,0.7071067812),(1.0000000000,1.0000000000)))
REPRESENTATION_ITEM('')
SURFACE()
);

#4083=CARTESIAN_POINT('',(0.06101,-3.40835,13.50000));
#4084=CARTESIAN_POINT('',(0.09378,-3.55580,13.49967));
#4085=CARTESIAN_POINT('',(0.09378,-3.70000,13.49967));
#4081=(
BOUNDED_CURVE()
B_SPLINE_CURVE(3,(#3622,#4083,#4084,#4085),.UNSPECIFIED.,.F.,.F.)
B_SPLINE_CURVE_WITH_KNOTS((4,4),(0.000,1.000),.UNSPECIFIED.)
CURVE()
GEOMETRIC_REPRESENTATION_ITEM()
RATIONAL_B_SPLINE_CURVE((1.0000000000,1.0000000000,1.0000000000,1.0000000000))
REPRESENTATION_ITEM('')
);

#4087=VERTEX_POINT('',#4085);
#4088=EDGE_CURVE('',#3624,#4087,#4081,.T.);
#4089=ORIENTED_EDGE('',*,*,#4088,.T.);
#4092=CARTESIAN_POINT('',(0.09378,-3.84420,13.49967));
#4093=CARTESIAN_POINT('',(0.06101,-3.99165,13.50000));
#4090=(
BOUNDED_CURVE()
B_SPLINE_CURVE(3,(#4085,#4092,#4093,#3659),.UNSPECIFIED.,.F.,.F.)
B_SPLINE_CURVE_WITH_KNOTS((4,4),(0.000,1.000),.UNSPECIFIED.)
CURVE()
GEOMETRIC_REPRESENTATION_ITEM()
RATIONAL_B_SPLINE_CURVE((1.0000000000,1.0000000000,1.0000000000,1.0000000000))
REPRESENTATION_ITEM('')
);

#4097=EDGE_CURVE('',#4087,#3661,#4090,.T.);
#4098=ORIENTED_EDGE('',*,*,#4097,.T.);
#4105=ORIENTED_EDGE('',*,*,#3662,.F.);
#4113=ORIENTED_EDGE('',*,*,#3542,.F.);
#4116=CARTESIAN_POINT('',(13.50000,-4.12231,0.00000));
#4114=(
BOUNDED_CURVE()
B_SPLINE_CURVE(1,(#3533,#4116),.UNSPECIFIED.,.F.,.F.)
B_SPLINE_CURVE_WITH_KNOTS((2,2),(0.000,1.000),.UNSPECIFIED.)
CURVE()
GEOMETRIC_REPRESENTATION_ITEM()
RATIONAL_B_SPLINE_CURVE((1.0000000000,1.0000000000))
REPRESENTATION_ITEM('')
);

#4118=VERTEX_POINT('',#4116);
#4119=EDGE_CURVE('',#3535,#4118,#4114,.T.);
#4120=ORIENTED_EDGE('',*,*,#4119,.T.);
#4123=CARTESIAN_POINT('',(13.50000,-4.44709,0.15165));
#4124=CARTESIAN_POINT('',(13.49360,-4.70000,0.54882));
#4125=CARTESIAN_POINT('',(13.46953,-4.70000,0.90645));
#4121=(
BOUNDED_CURVE()
B_SPLINE_CURVE(3,(#4116,#4123,#4124,#4125),.UNSPECIFIED.,.F.,.F.)
B_SPLINE_CURVE_WITH_KNOTS((4,4),(0.000,1.000),.UNSPECIFIED.)
CURVE()
GEOMETRIC_REPRESENTATION_ITEM()
RATIONAL_B_SPLINE_CURVE((1.0000000000,1.0000000000,1.0000000000,1.0000000000))
REPRESENTATION_ITEM('')
);

#4127=VERTEX_POINT('',#4125);
#4128=EDGE_CURVE('',#4118,#4127,#4121,.T.);
#4129=ORIENTED_EDGE('',*,*,#4128,.T.);
#4132=CARTESIAN_POINT('',(13.44368,-4.70000,1.29056));
#4133=CARTESIAN_POINT('',(13.39094,-4.39643,1.71732));
#4134=CARTESIAN_POINT('',(13.37335,-4.03360,1.84483));
#4130=(
BOUNDED_CURVE()
B_SPLINE_CURVE(3,(#4125,#4132,#4133,#4134),.UNSPECIFIED.,.F.,.F.)
B_SPLINE_CURVE_WITH_KNOTS((4,4),(0.000,1.000),.UNSPECIFIED.)
CURVE()
GEOMETRIC_REPRESENTATION_ITEM()
RATIONAL_B_SPLINE_CURVE((1.0000000000,1.0000000000,1.0000000000,1.0000000000))
REPRESENTATION_ITEM('')
);

#4136=VERTEX_POINT('',#4134);
#4137=EDGE_CURVE('',#4127,#4136,#4130,.T.);
#4138=ORIENTED_EDGE('',*,*,#4137,.T.);
#4141=CARTESIAN_POINT('',(13.36820,-3.92726,1.88220));
#4142=CARTESIAN_POINT('',(13.36539,-3.81284,1.90171));
#4143=CARTESIAN_POINT('',(13.36539,-3.70000,1.90171));
#4139=(
BOUNDED_CURVE()
B_SPLINE_CURVE(3,(#4134,#4141,#4142,#4143),.UNSPECIFIED.,.F.,.F.)
B_SPLINE_CURVE_WITH_KNOTS((4,4),(0.000,1.000),.UNSPECIFIED.)
CURVE()
GEOMETRIC_REPRESENTATION_ITEM()
RATIONAL_B_SPLINE_CURVE((1.0000000000,1.0000000000,1.0000000000,1.0000000000))
REPRESENTATION_ITEM('')
);

#4145=VERTEX_POINT('',#4143);
#4146=EDGE_CURVE('',#4136,#4145,#4139,.T.);
#4147=ORIENTED_EDGE('',*,*,#4146,.T.);
#4150=CARTESIAN_POINT('',(13.36539,-3.31502,1.90171));
#4151=CARTESIAN_POINT('',(13.40971,-2.88568,1.60043));
#4152=CARTESIAN_POINT('',(13.44302,-2.75729,1.23903));
#4148=(
BOUNDED_CURVE()
B_SPLINE_CURVE(3,(#4143,#4150,#4151,#4152),.UNSPECIFIED.,.F.,.F.)
B_SPLINE_CURVE_WITH_KNOTS((4,4),(0.000,1.000),.UNSPECIFIED.)
CURVE()
GEOMETRIC_REPRESENTATION_ITEM()
RATIONAL_B_SPLINE_CURVE((1.0000000000,1.0000000000,1.0000000000,1.0000000000))
REPRESENTATION_ITEM('')
);

#4154=VERTEX_POINT('',#4152);
#4155=EDGE_CURVE('',#4145,#4154,#4148,.T.);
#4156=ORIENTED_EDGE('',*,*,#4155,.T.);
#4159=CARTESIAN_POINT('',(13.45278,-2.71965,1.13310));
#4160=CARTESIAN_POINT('',(13.46196,-2.70000,1.01903));
#4161=CARTESIAN_POINT('',(13.46953,-2.70000,0.90645));
#4157=(
BOUNDED_CURVE()
B_SPLINE_CURVE(3,(#4152,#4159,#4160,#4161),.UNSPECIFIED.,.F.,.F.)
B_SPLINE_CURVE_WITH_KNOTS((4,4),(0.000,1.000),.UNSPECIFIED.)
CURVE()
GEOMETRIC_REPRESENTATION_ITEM()
RATIONAL_B_SPLINE_CURVE((1.0000000000,1.0000000000,1.0000000000,1.0000000000))
REPRESENTATION_ITEM('')
);

#4163=VERTEX_POINT('',#4161);
#4164=EDGE_CURVE('',#4154,#4163,#4157,.T.);
#4165=ORIENTED_EDGE('',*,*,#4164,.T.);
#4168=CARTESIAN_POINT('',(13.49360,-2.70000,0.54882));
#4169=CARTESIAN_POINT('',(13.50000,-2.95291,0.15165));
#4170=CARTESIAN_POINT('',(13.50000,-3.27769,0.00000));
#4166=(
BOUNDED_CURVE()
B_SPLINE_CURVE(3,(#4161,#4168,#4169,#4170),.UNSPECIFIED.,.F.,.F.)
B_SPLINE_CURVE_WITH_KNOTS((4,4),(0.000,1.000),.UNSPECIFIED.)
CURVE()
GEOMETRIC_REPRESENTATION_ITEM()
RATIONAL_B_SPLINE_CURVE((1.0000000000,1.0000000000,1.0000000000,1.0000000000))
REPRESENTATION_ITEM('')
);

#4172=VERTEX_POINT('',#4170);
#4173=EDGE_CURVE('',#4163,#4172,#4166,.T.);
#4174=ORIENTED_EDGE('',*,*,#4173,.T.);
#4175=(
BOUNDED_CURVE()
B_SPLINE_CURVE(1,(#4170,#4077),.UNSPECIFIED.,.F.,.F.)
B_SPLINE_CURVE_WITH_KNOTS((2,2),(0.000,1.000),.UNSPECIFIED.)
CURVE()
GEOMETRIC_REPRESENTATION_ITEM()
RATIONAL_B_SPLINE_CURVE((1.0000000000,1.0000000000))
REPRESENTATION_ITEM('')
);

#4179=VERTEX_POINT('',#4077);
#4180=EDGE_CURVE('',#4172,#4179,#4175,.T.);
#4181=ORIENTED_EDGE('',*,*,#4180,.T.);
#4182=(
BOUNDED_CURVE()
B_SPLINE_CURVE(2,(#4077,#4075,#3596),.UNSPECIFIED.,.F.,.F.)
B_SPLINE_CURVE_WITH_KNOTS((3,3),(0.000,1.000),.UNSPECIFIED.)
CURVE()
GEOMETRIC_REPRESENTATION_ITEM()
RATIONAL_B_SPLINE_CURVE((1.0000000000,0.7071067812,1.0000000000))
REPRESENTATION_ITEM('')
);

#4188=EDGE_CURVE('',#4179,#3631,#4182,.T.);
#4189=ORIENTED_EDGE('',*,*,#4188,.T.);
#4194=ORIENTED_EDGE('',*,*,#3632,.F.);
#4195=EDGE_LOOP('',(#4089,#4098,#4105,#4113,#4120,#4129,#4138,#4147,#4156,#4165,#4174,#4181,#4189,#4194));
#4196=FACE_OUTER_BOUND('',#4195,.T.);
#4197=CARTESIAN_POINT('',(13.06396,-3.70000,3.40339));
#4198=VERTEX_POINT('',#4197);
#4201=CARTESIAN_POINT('',(13.06396,-3.81284,3.40339));
#4202=CARTESIAN_POINT('',(13.05902,-3.92726,3.42247));
#4203=CARTESIAN_POINT('',(13.04936,-4.03360,3.45894));
#4199=(
BOUNDED_CURVE()
B_SPLINE_CURVE(3,(#4197,#4201,#4202,#4203),.UNSPECIFIED.,.F.,.F.)
B_SPLINE_CURVE_WITH_KNOTS((4,4),(0.000,1.000),.UNSPECIFIED.)
CURVE()
GEOMETRIC_REPRESENTATION_ITEM()
RATIONAL_B_SPLINE_CURVE((1.0000000000,1.0000000000,1.0000000000,1.0000000000))
REPRESENTATION_ITEM('')
);

#4205=VERTEX_POINT('',#4203);
#4206=EDGE_CURVE('',#4198,#4205,#4199,.T.);
#4207=ORIENTED_EDGE('',*,*,#4206,.T.);
#4210=CARTESIAN_POINT('',(13.01638,-4.39643,3.58335));
#4211=CARTESIAN_POINT('',(12.90035,-4.70000,3.99741));
#4212=CARTESIAN_POINT('',(12.77596,-4.70000,4.36174));
#4208=(
BOUNDED_CURVE()
B_SPLINE_CURVE(3,(#4203,#4210,#4211,#4212),.UNSPECIFIED.,.F.,.F.)
B_SPLINE_CURVE_WITH_KNOTS((4,4),(0.000,1.000),.UNSPECIFIED.)
CURVE()
GEOMETRIC_REPRESENTATION_ITEM()
RATIONAL_B_SPLINE_CURVE((1.0000000000,1.0000000000,1.0000000000,1.0000000000))
REPRESENTATION_ITEM('')
);

#4214=VERTEX_POINT('',#4212);
#4215=EDGE_CURVE('',#4205,#4214,#4208,.T.);
#4216=ORIENTED_EDGE('',*,*,#4215,.T.);
#4219=CARTESIAN_POINT('',(12.73951,-4.70000,4.46852));
#4220=CARTESIAN_POINT('',(12.70112,-4.68035,4.57633));
#4221=CARTESIAN_POINT('',(12.66428,-4.64271,4.67612));
#4217=(
BOUNDED_CURVE()
B_SPLINE_CURVE(3,(#4212,#4219,#4220,#4221),.UNSPECIFIED.,.F.,.F.)
B_SPLINE_CURVE_WITH_KNOTS((4,4),(0.000,1.000),.UNSPECIFIED.)
CURVE()
GEOMETRIC_REPRESENTATION_ITEM()
RATIONAL_B_SPLINE_CURVE((1.0000000000,1.0000000000,1.0000000000,1.0000000000))
REPRESENTATION_ITEM('')
);

#4223=VERTEX_POINT('',#4221);
#4224=EDGE_CURVE('',#4214,#4223,#4217,.T.);
#4225=ORIENTED_EDGE('',*,*,#4224,.T.);
#4228=CARTESIAN_POINT('',(12.53856,-4.51432,5.01659));
#4229=CARTESIAN_POINT('',(12.41777,-4.08498,5.29612));
#4230=CARTESIAN_POINT('',(12.41777,-3.70000,5.29612));
#4226=(
BOUNDED_CURVE()
B_SPLINE_CURVE(3,(#4221,#4228,#4229,#4230),.UNSPECIFIED.,.F.,.F.)
B_SPLINE_CURVE_WITH_KNOTS((4,4),(0.000,1.000),.UNSPECIFIED.)
CURVE()
GEOMETRIC_REPRESENTATION_ITEM()
RATIONAL_B_SPLINE_CURVE((1.0000000000,1.0000000000,1.0000000000,1.0000000000))
REPRESENTATION_ITEM('')
);

#4232=VERTEX_POINT('',#4230);
#4233=EDGE_CURVE('',#4223,#4232,#4226,.T.);
#4234=ORIENTED_EDGE('',*,*,#4233,.T.);
#4237=CARTESIAN_POINT('',(12.41777,-3.58716,5.29612));
#4238=CARTESIAN_POINT('',(12.42554,-3.47274,5.27801));
#4239=CARTESIAN_POINT('',(12.44019,-3.36640,5.24324));
#4235=(
BOUNDED_CURVE()
B_SPLINE_CURVE(3,(#4230,#4237,#4238,#4239),.UNSPECIFIED.,.F.,.F.)
B_SPLINE_CURVE_WITH_KNOTS((4,4),(0.000,1.000),.UNSPECIFIED.)
CURVE()
GEOMETRIC_REPRESENTATION_ITEM()
RATIONAL_B_SPLINE_CURVE((1.0000000000,1.0000000000,1.0000000000,1.0000000000))
REPRESENTATION_ITEM('')
);

#4241=VERTEX_POINT('',#4239);
#4242=EDGE_CURVE('',#4232,#4241,#4235,.T.);
#4243=ORIENTED_EDGE('',*,*,#4242,.T.);
#4246=CARTESIAN_POINT('',(12.49018,-3.00357,5.12464));
#4247=CARTESIAN_POINT('',(12.65158,-2.70000,4.72607));
#4248=CARTESIAN_POINT('',(12.77596,-2.70000,4.36174));
#4244=(
BOUNDED_CURVE()
B_SPLINE_CURVE(3,(#4239,#4246,#4247,#4248),.UNSPECIFIED.,.F.,.F.)
B_SPLINE_CURVE_WITH_KNOTS((4,4),(0.000,1.000),.UNSPECIFIED.)
CURVE()
GEOMETRIC_REPRESENTATION_ITEM()
RATIONAL_B_SPLINE_CURVE((1.0000000000,1.0000000000,1.0000000000,1.0000000000))
REPRESENTATION_ITEM('')
);

#4250=VERTEX_POINT('',#4248);
#4251=EDGE_CURVE('',#4241,#4250,#4244,.T.);
#4252=ORIENTED_EDGE('',*,*,#4251,.T.);
#4255=CARTESIAN_POINT('',(12.81242,-2.70000,4.25495));
#4256=CARTESIAN_POINT('',(12.84798,-2.71965,4.14618));
#4257=CARTESIAN_POINT('',(12.87985,-2.75729,4.04469));
#4253=(
BOUNDED_CURVE()
B_SPLINE_CURVE(3,(#4248,#4255,#4256,#4257),.UNSPECIFIED.,.F.,.F.)
B_SPLINE_CURVE_WITH_KNOTS((4,4),(0.000,1.000),.UNSPECIFIED.)
CURVE()
GEOMETRIC_REPRESENTATION_ITEM()
RATIONAL_B_SPLINE_CURVE((1.0000000000,1.0000000000,1.0000000000,1.0000000000))
REPRESENTATION_ITEM('')
);

#4259=VERTEX_POINT('',#4257);
#4260=EDGE_CURVE('',#4250,#4259,#4253,.T.);
#4261=ORIENTED_EDGE('',*,*,#4260,.T.);
#4264=CARTESIAN_POINT('',(12.98859,-2.88568,3.69843));
#4265=CARTESIAN_POINT('',(13.06396,-3.31502,3.40339));
#4262=(
BOUNDED_CURVE()
B_SPLINE_CURVE(3,(#4257,#4264,#4265,#4197),.UNSPECIFIED.,.F.,.F.)
B_SPLINE_CURVE_WITH_KNOTS((4,4),(0.000,1.000),.UNSPECIFIED.)
CURVE()
GEOMETRIC_REPRESENTATION_ITEM()
RATIONAL_B_SPLINE_CURVE((1.0000000000,1.0000000000,1.0000000000,1.0000000000))
REPRESENTATION_ITEM('')
);

#4267=EDGE_CURVE('',#4259,#4198,#4262,.T.);
#4268=ORIENTED_EDGE('',*,*,#4267,.T.);
#4269=EDGE_LOOP('',(#4207,#4216,#4225,#4234,#4243,#4252,#4261,#4268));
#4270=FACE_BOUND('',#4269,.T.);
#4271=CARTESIAN_POINT('',(11.21173,-4.70000,7.51978));
#4272=VERTEX_POINT('',#4271);
#4275=CARTESIAN_POINT('',(10.99729,-4.70000,7.83950));
#4276=CARTESIAN_POINT('',(10.73824,-4.39643,8.18272));
#4277=CARTESIAN_POINT('',(10.65925,-4.03360,8.28434));
#4273=(
BOUNDED_CURVE()
B_SPLINE_CURVE(3,(#4271,#4275,#4276,#4277),.UNSPECIFIED.,.F.,.F.)
B_SPLINE_CURVE_WITH_KNOTS((4,4),(0.000,1.000),.UNSPECIFIED.)
CURVE()
GEOMETRIC_REPRESENTATION_ITEM()
RATIONAL_B_SPLINE_CURVE((1.0000000000,1.0000000000,1.0000000000,1.0000000000))
REPRESENTATION_ITEM('')
);

#4279=VERTEX_POINT('',#4277);
#4280=EDGE_CURVE('',#4272,#4279,#4273,.T.);
#4281=ORIENTED_EDGE('',*,*,#4280,.T.);
#4284=CARTESIAN_POINT('',(10.63610,-3.92726,8.31413));
#4285=CARTESIAN_POINT('',(10.62391,-3.81284,8.32962));
#4286=CARTESIAN_POINT('',(10.62391,-3.70000,8.32962));
#4282=(
BOUNDED_CURVE()
B_SPLINE_CURVE(3,(#4277,#4284,#4285,#4286),.UNSPECIFIED.,.F.,.F.)
B_SPLINE_CURVE_WITH_KNOTS((4,4),(0.000,1.000),.UNSPECIFIED.)
CURVE()
GEOMETRIC_REPRESENTATION_ITEM()
RATIONAL_B_SPLINE_CURVE((1.0000000000,1.0000000000,1.0000000000,1.0000000000))
REPRESENTATION_ITEM('')
);

#4288=VERTEX_POINT('',#4286);
#4289=EDGE_CURVE('',#4279,#4288,#4282,.T.);
#4290=ORIENTED_EDGE('',*,*,#4289,.T.);
#4293=CARTESIAN_POINT('',(10.62391,-3.31502,8.32962));
#4294=CARTESIAN_POINT('',(10.81293,-2.88568,8.09087));
#4295=CARTESIAN_POINT('',(11.02248,-2.75729,7.79454));
#4291=(
BOUNDED_CURVE()
B_SPLINE_CURVE(3,(#4286,#4293,#4294,#4295),.UNSPECIFIED.,.F.,.F.)
B_SPLINE_CURVE_WITH_KNOTS((4,4),(0.000,1.000),.UNSPECIFIED.)
CURVE()
GEOMETRIC_REPRESENTATION_ITEM()
RATIONAL_B_SPLINE_CURVE((1.0000000000,1.0000000000,1.0000000000,1.0000000000))
REPRESENTATION_ITEM('')
);

#4297=VERTEX_POINT('',#4295);
#4298=EDGE_CURVE('',#4288,#4297,#4291,.T.);
#4299=ORIENTED_EDGE('',*,*,#4298,.T.);
#4302=CARTESIAN_POINT('',(11.08390,-2.71965,7.70768));
#4303=CARTESIAN_POINT('',(11.14888,-2.70000,7.61349));
#4304=CARTESIAN_POINT('',(11.21173,-2.70000,7.51978));
#4300=(
BOUNDED_CURVE()
B_SPLINE_CURVE(3,(#4295,#4302,#4303,#4304),.UNSPECIFIED.,.F.,.F.)
B_SPLINE_CURVE_WITH_KNOTS((4,4),(0.000,1.000),.UNSPECIFIED.)
CURVE()
GEOMETRIC_REPRESENTATION_ITEM()
RATIONAL_B_SPLINE_CURVE((1.0000000000,1.0000000000,1.0000000000,1.0000000000))
REPRESENTATION_ITEM('')
);

#4306=VERTEX_POINT('',#4304);
#4307=EDGE_CURVE('',#4297,#4306,#4300,.T.);
#4308=ORIENTED_EDGE('',*,*,#4307,.T.);
#4311=CARTESIAN_POINT('',(11.42617,-2.70000,7.20005));
#4312=CARTESIAN_POINT('',(11.64542,-3.00357,6.83014));
#4313=CARTESIAN_POINT('',(11.70947,-3.36640,6.71850));
#4309=(
BOUNDED_CURVE()
B_SPLINE_CURVE(3,(#4304,#4311,#4312,#4313),.UNSPECIFIED.,.F.,.F.)
B_SPLINE_CURVE_WITH_KNOTS((4,4),(0.000,1.000),.UNSPECIFIED.)
CURVE()
GEOMETRIC_REPRESENTATION_ITEM()
RATIONAL_B_SPLINE_CURVE((1.0000000000,1.0000000000,1.0000000000,1.0000000000))
REPRESENTATION_ITEM('')
);

#4315=VERTEX_POINT('',#4313);
#4316=EDGE_CURVE('',#4306,#4315,#4309,.T.);
#4317=ORIENTED_EDGE('',*,*,#4316,.T.);
#4320=CARTESIAN_POINT('',(11.72825,-3.47274,6.68578));
#4321=CARTESIAN_POINT('',(11.73795,-3.58716,6.66862));
#4322=CARTESIAN_POINT('',(11.73795,-3.70000,6.66862));
#4318=(
BOUNDED_CURVE()
B_SPLINE_CURVE(3,(#4313,#4320,#4321,#4322),.UNSPECIFIED.,.F.,.F.)
B_SPLINE_CURVE_WITH_KNOTS((4,4),(0.000,1.000),.UNSPECIFIED.)
CURVE()
GEOMETRIC_REPRESENTATION_ITEM()
RATIONAL_B_SPLINE_CURVE((1.0000000000,1.0000000000,1.0000000000,1.0000000000))
REPRESENTATION_ITEM('')
);

#4324=VERTEX_POINT('',#4322);
#4325=EDGE_CURVE('',#4315,#4324,#4318,.T.);
#4326=ORIENTED_EDGE('',*,*,#4325,.T.);
#4329=CARTESIAN_POINT('',(11.73795,-4.08498,6.66862));
#4330=CARTESIAN_POINT('',(11.58879,-4.51432,6.93410));
#4331=CARTESIAN_POINT('',(11.39413,-4.64271,7.24042));
#4327=(
BOUNDED_CURVE()
B_SPLINE_CURVE(3,(#4322,#4329,#4330,#4331),.UNSPECIFIED.,.F.,.F.)
B_SPLINE_CURVE_WITH_KNOTS((4,4),(0.000,1.000),.UNSPECIFIED.)
CURVE()
GEOMETRIC_REPRESENTATION_ITEM()
RATIONAL_B_SPLINE_CURVE((1.0000000000,1.0000000000,1.0000000000,1.0000000000))
REPRESENTATION_ITEM('')
);

#4333=VERTEX_POINT('',#4331);
#4334=EDGE_CURVE('',#4324,#4333,#4327,.T.);
#4335=ORIENTED_EDGE('',*,*,#4334,.T.);
#4338=CARTESIAN_POINT('',(11.33708,-4.68035,7.33021));
#4339=CARTESIAN_POINT('',(11.27458,-4.70000,7.42607));
#4336=(
BOUNDED_CURVE()
B_SPLINE_CURVE(3,(#4331,#4338,#4339,#4271),.UNSPECIFIED.,.F.,.F.)
B_SPLINE_CURVE_WITH_KNOTS((4,4),(0.000,1.000),.UNSPECIFIED.)
CURVE()
GEOMETRIC_REPRESENTATION_ITEM()
RATIONAL_B_SPLINE_CURVE((1.0000000000,1.0000000000,1.0000000000,1.0000000000))
REPRESENTATION_ITEM('')
);

#4341=EDGE_CURVE('',#4333,#4272,#4336,.T.);
#4342=ORIENTED_EDGE('',*,*,#4341,.T.);
#4343=EDGE_LOOP('',(#4281,#4290,#4299,#4308,#4317,#4326,#4335,#4342));
#4344=FACE_BOUND('',#4343,.T.);
#4345=CARTESIAN_POINT('',(8.10605,-3.70000,10.79546));
#4346=VERTEX_POINT('',#4345);
#4349=CARTESIAN_POINT('',(8.10605,-3.31502,10.79546));
#4350=CARTESIAN_POINT('',(8.35042,-2.88568,10.61377));
#4351=CARTESIAN_POINT('',(8.62953,-2.75729,10.38177));
#4347=(
BOUNDED_CURVE()
B_SPLINE_CURVE(3,(#4345,#4349,#4350,#4351),.UNSPECIFIED.,.F.,.F.)
B_SPLINE_CURVE_WITH_KNOTS((4,4),(0.000,1.000),.UNSPECIFIED.)
CURVE()
GEOMETRIC_REPRESENTATION_ITEM()
RATIONAL_B_SPLINE_CURVE((1.0000000000,1.0000000000,1.0000000000,1.0000000000))
REPRESENTATION_ITEM('')
);

#4353=VERTEX_POINT('',#4351);
#4354=EDGE_CURVE('',#4346,#4353,#4347,.T.);
#4355=ORIENTED_EDGE('',*,*,#4354,.T.);
#4358=CARTESIAN_POINT('',(8.71133,-2.71965,10.31378));
#4359=CARTESIAN_POINT('',(8.79848,-2.70000,10.23961));
#4360=CARTESIAN_POINT('',(8.88344,-2.70000,10.16536));
#4356=(
BOUNDED_CURVE()
B_SPLINE_CURVE(3,(#4351,#4358,#4359,#4360),.UNSPECIFIED.,.F.,.F.)
B_SPLINE_CURVE_WITH_KNOTS((4,4),(0.000,1.000),.UNSPECIFIED.)
CURVE()
GEOMETRIC_REPRESENTATION_ITEM()
RATIONAL_B_SPLINE_CURVE((1.0000000000,1.0000000000,1.0000000000,1.0000000000))
REPRESENTATION_ITEM('')
);

#4362=VERTEX_POINT('',#4360);
#4363=EDGE_CURVE('',#4353,#4362,#4356,.T.);
#4364=ORIENTED_EDGE('',*,*,#4363,.T.);
#4367=CARTESIAN_POINT('',(9.17333,-2.70000,9.91203));
#4368=CARTESIAN_POINT('',(9.48084,-3.00357,9.61146));
#4369=CARTESIAN_POINT('',(9.57161,-3.36640,9.52021));
#4365=(
BOUNDED_CURVE()
B_SPLINE_CURVE(3,(#4360,#4367,#4368,#4369),.UNSPECIFIED.,.F.,.F.)
B_SPLINE_CURVE_WITH_KNOTS((4,4),(0.000,1.000),.UNSPECIFIED.)
CURVE()
GEOMETRIC_REPRESENTATION_ITEM()
RATIONAL_B_SPLINE_CURVE((1.0000000000,1.0000000000,1.0000000000,1.0000000000))
REPRESENTATION_ITEM('')
);

#4371=VERTEX_POINT('',#4369);
#4372=EDGE_CURVE('',#4362,#4371,#4365,.T.);
#4373=ORIENTED_EDGE('',*,*,#4372,.T.);
#4376=CARTESIAN_POINT('',(9.59821,-3.47274,9.49346));
#4377=CARTESIAN_POINT('',(9.61202,-3.58716,9.47940));
#4378=CARTESIAN_POINT('',(9.61202,-3.70000,9.47940));
#4374=(
BOUNDED_CURVE()
B_SPLINE_CURVE(3,(#4369,#4376,#4377,#4378),.UNSPECIFIED.,.F.,.F.)
B_SPLINE_CURVE_WITH_KNOTS((4,4),(0.000,1.000),.UNSPECIFIED.)
CURVE()
GEOMETRIC_REPRESENTATION_ITEM()
RATIONAL_B_SPLINE_CURVE((1.0000000000,1.0000000000,1.0000000000,1.0000000000))
REPRESENTATION_ITEM('')
);

#4380=VERTEX_POINT('',#4378);
#4381=EDGE_CURVE('',#4371,#4380,#4374,.T.);
#4382=ORIENTED_EDGE('',*,*,#4381,.T.);
#4385=CARTESIAN_POINT('',(9.61202,-4.08498,9.47940));
#4386=CARTESIAN_POINT('',(9.39923,-4.51432,9.69723));
#4387=CARTESIAN_POINT('',(9.13193,-4.64271,9.94273));
#4383=(
BOUNDED_CURVE()
B_SPLINE_CURVE(3,(#4378,#4385,#4386,#4387),.UNSPECIFIED.,.F.,.F.)
B_SPLINE_CURVE_WITH_KNOTS((4,4),(0.000,1.000),.UNSPECIFIED.)
CURVE()
GEOMETRIC_REPRESENTATION_ITEM()
RATIONAL_B_SPLINE_CURVE((1.0000000000,1.0000000000,1.0000000000,1.0000000000))
REPRESENTATION_ITEM('')
);

#4389=VERTEX_POINT('',#4387);
#4390=EDGE_CURVE('',#4380,#4389,#4383,.T.);
#4391=ORIENTED_EDGE('',*,*,#4390,.T.);
#4394=CARTESIAN_POINT('',(9.05358,-4.68035,10.01469));
#4395=CARTESIAN_POINT('',(8.96841,-4.70000,10.09111));
#4396=CARTESIAN_POINT('',(8.88344,-4.70000,10.16536));
#4392=(
BOUNDED_CURVE()
B_SPLINE_CURVE(3,(#4387,#4394,#4395,#4396),.UNSPECIFIED.,.F.,.F.)
B_SPLINE_CURVE_WITH_KNOTS((4,4),(0.000,1.000),.UNSPECIFIED.)
CURVE()
GEOMETRIC_REPRESENTATION_ITEM()
RATIONAL_B_SPLINE_CURVE((1.0000000000,1.0000000000,1.0000000000,1.0000000000))
REPRESENTATION_ITEM('')
);

#4398=VERTEX_POINT('',#4396);
#4399=EDGE_CURVE('',#4389,#4398,#4392,.T.);
#4400=ORIENTED_EDGE('',*,*,#4399,.T.);
#4403=CARTESIAN_POINT('',(8.59356,-4.70000,10.41869));
#4404=CARTESIAN_POINT('',(8.25450,-4.39643,10.68316));
#4405=CARTESIAN_POINT('',(8.15190,-4.03360,10.76088));
#4401=(
BOUNDED_CURVE()
B_SPLINE_CURVE(3,(#4396,#4403,#4404,#4405),.UNSPECIFIED.,.F.,.F.)
B_SPLINE_CURVE_WITH_KNOTS((4,4),(0.000,1.000),.UNSPECIFIED.)
CURVE()
GEOMETRIC_REPRESENTATION_ITEM()
RATIONAL_B_SPLINE_CURVE((1.0000000000,1.0000000000,1.0000000000,1.0000000000))
REPRESENTATION_ITEM('')
);

#4407=VERTEX_POINT('',#4405);
#4408=EDGE_CURVE('',#4398,#4407,#4401,.T.);
#4409=ORIENTED_EDGE('',*,*,#4408,.T.);
#4412=CARTESIAN_POINT('',(8.12183,-3.92726,10.78366));
#4413=CARTESIAN_POINT('',(8.10605,-3.81284,10.79546));
#4410=(
BOUNDED_CURVE()
B_SPLINE_CURVE(3,(#4405,#4412,#4413,#4345),.UNSPECIFIED.,.F.,.F.)
B_SPLINE_CURVE_WITH_KNOTS((4,4),(0.000,1.000),.UNSPECIFIED.)
CURVE()
GEOMETRIC_REPRESENTATION_ITEM()
RATIONAL_B_SPLINE_CURVE((1.0000000000,1.0000000000,1.0000000000,1.0000000000))
REPRESENTATION_ITEM('')
);

#4415=EDGE_CURVE('',#4407,#4346,#4410,.T.);
#4416=ORIENTED_EDGE('',*,*,#4415,.T.);
#4417=EDGE_LOOP('',(#4355,#4364,#4373,#4382,#4391,#4400,#4409,#4416));
#4418=FACE_BOUND('',#4417,.T.);
#4419=CARTESIAN_POINT('',(5.94976,-2.70000,12.11818));
#4420=VERTEX_POINT('',#4419);
#4423=CARTESIAN_POINT('',(6.29533,-2.70000,11.94852));
#4424=CARTESIAN_POINT('',(6.67016,-3.00357,11.73778));
#4425=CARTESIAN_POINT('',(6.78145,-3.36640,11.67313));
#4421=(
BOUNDED_CURVE()
B_SPLINE_CURVE(3,(#4419,#4423,#4424,#4425),.UNSPECIFIED.,.F.,.F.)
B_SPLINE_CURVE_WITH_KNOTS((4,4),(0.000,1.000),.UNSPECIFIED.)
CURVE()
GEOMETRIC_REPRESENTATION_ITEM()
RATIONAL_B_SPLINE_CURVE((1.0000000000,1.0000000000,1.0000000000,1.0000000000))
REPRESENTATION_ITEM('')
);

#4427=VERTEX_POINT('',#4425);
#4428=EDGE_CURVE('',#4420,#4427,#4421,.T.);
#4429=ORIENTED_EDGE('',*,*,#4428,.T.);
#4432=CARTESIAN_POINT('',(6.81407,-3.47274,11.65418));
#4433=CARTESIAN_POINT('',(6.83105,-3.58716,11.64417));
#4434=CARTESIAN_POINT('',(6.83105,-3.70000,11.64417));
#4430=(
BOUNDED_CURVE()
B_SPLINE_CURVE(3,(#4425,#4432,#4433,#4434),.UNSPECIFIED.,.F.,.F.)
B_SPLINE_CURVE_WITH_KNOTS((4,4),(0.000,1.000),.UNSPECIFIED.)
CURVE()
GEOMETRIC_REPRESENTATION_ITEM()
RATIONAL_B_SPLINE_CURVE((1.0000000000,1.0000000000,1.0000000000,1.0000000000))
REPRESENTATION_ITEM('')
);

#4436=VERTEX_POINT('',#4434);
#4437=EDGE_CURVE('',#4427,#4436,#4430,.T.);
#4438=ORIENTED_EDGE('',*,*,#4437,.T.);
#4441=CARTESIAN_POINT('',(6.83105,-4.08498,11.64417));
#4442=CARTESIAN_POINT('',(6.56913,-4.51432,11.79950));
#4443=CARTESIAN_POINT('',(6.24740,-4.64271,11.96746));
#4439=(
BOUNDED_CURVE()
B_SPLINE_CURVE(3,(#4434,#4441,#4442,#4443),.UNSPECIFIED.,.F.,.F.)
B_SPLINE_CURVE_WITH_KNOTS((4,4),(0.000,1.000),.UNSPECIFIED.)
CURVE()
GEOMETRIC_REPRESENTATION_ITEM()
RATIONAL_B_SPLINE_CURVE((1.0000000000,1.0000000000,1.0000000000,1.0000000000))
REPRESENTATION_ITEM('')
);

#4445=VERTEX_POINT('',#4443);
#4446=EDGE_CURVE('',#4436,#4445,#4439,.T.);
#4447=ORIENTED_EDGE('',*,*,#4446,.T.);
#4450=CARTESIAN_POINT('',(6.15310,-4.68035,12.01669));
#4451=CARTESIAN_POINT('',(6.05104,-4.70000,12.06845));
#4452=CARTESIAN_POINT('',(5.94976,-4.70000,12.11818));
#4448=(
BOUNDED_CURVE()
B_SPLINE_CURVE(3,(#4443,#4450,#4451,#4452),.UNSPECIFIED.,.F.,.F.)
B_SPLINE_CURVE_WITH_KNOTS((4,4),(0.000,1.000),.UNSPECIFIED.)
CURVE()
GEOMETRIC_REPRESENTATION_ITEM()
RATIONAL_B_SPLINE_CURVE((1.0000000000,1.0000000000,1.0000000000,1.0000000000))
REPRESENTATION_ITEM('')
);

#4454=VERTEX_POINT('',#4452);
#4455=EDGE_CURVE('',#4445,#4454,#4448,.T.);
#4456=ORIENTED_EDGE('',*,*,#4455,.T.);
#4459=CARTESIAN_POINT('',(5.60418,-4.70000,12.28785));
#4460=CARTESIAN_POINT('',(5.20823,-4.39643,12.45556));
#4461=CARTESIAN_POINT('',(5.08901,-4.03360,12.50408));
#4457=(
BOUNDED_CURVE()
B_SPLINE_CURVE(3,(#4452,#4459,#4460,#4461),.UNSPECIFIED.,.F.,.F.)
B_SPLINE_CURVE_WITH_KNOTS((4,4),(0.000,1.000),.UNSPECIFIED.)
CURVE()
GEOMETRIC_REPRESENTATION_ITEM()
RATIONAL_B_SPLINE_CURVE((1.0000000000,1.0000000000,1.0000000000,1.0000000000))
REPRESENTATION_ITEM('')
);

#4463=VERTEX_POINT('',#4461);
#4464=EDGE_CURVE('',#4454,#4463,#4457,.T.);
#4465=ORIENTED_EDGE('',*,*,#4464,.T.);
#4468=CARTESIAN_POINT('',(5.05407,-3.92726,12.51830));
#4469=CARTESIAN_POINT('',(5.03577,-3.81284,12.52562));
#4470=CARTESIAN_POINT('',(5.03577,-3.70000,12.52562));
#4466=(
BOUNDED_CURVE()
B_SPLINE_CURVE(3,(#4461,#4468,#4469,#4470),.UNSPECIFIED.,.F.,.F.)
B_SPLINE_CURVE_WITH_KNOTS((4,4),(0.000,1.000),.UNSPECIFIED.)
CURVE()
GEOMETRIC_REPRESENTATION_ITEM()
RATIONAL_B_SPLINE_CURVE((1.0000000000,1.0000000000,1.0000000000,1.0000000000))
REPRESENTATION_ITEM('')
);

#4472=VERTEX_POINT('',#4470);
#4473=EDGE_CURVE('',#4463,#4472,#4466,.T.);
#4474=ORIENTED_EDGE('',*,*,#4473,.T.);
#4477=CARTESIAN_POINT('',(5.03577,-3.31502,12.52562));
#4478=CARTESIAN_POINT('',(5.31884,-2.88568,12.41337));
#4479=CARTESIAN_POINT('',(5.64848,-2.75729,12.26151));
#4475=(
BOUNDED_CURVE()
B_SPLINE_CURVE(3,(#4470,#4477,#4478,#4479),.UNSPECIFIED.,.F.,.F.)
B_SPLINE_CURVE_WITH_KNOTS((4,4),(0.000,1.000),.UNSPECIFIED.)
CURVE()
GEOMETRIC_REPRESENTATION_ITEM()
RATIONAL_B_SPLINE_CURVE((1.0000000000,1.0000000000,1.0000000000,1.0000000000))
REPRESENTATION_ITEM('')
);

#4481=VERTEX_POINT('',#4479);
#4482=EDGE_CURVE('',#4472,#4481,#4475,.T.);
#4483=ORIENTED_EDGE('',*,*,#4482,.T.);
#4486=CARTESIAN_POINT('',(5.74510,-2.71965,12.21700));
#4487=CARTESIAN_POINT('',(5.84847,-2.70000,12.16791));
#4484=(
BOUNDED_CURVE()
B_SPLINE_CURVE(3,(#4479,#4486,#4487,#4419),.UNSPECIFIED.,.F.,.F.)
B_SPLINE_CURVE_WITH_KNOTS((4,4),(0.000,1.000),.UNSPECIFIED.)
CURVE()
GEOMETRIC_REPRESENTATION_ITEM()
RATIONAL_B_SPLINE_CURVE((1.0000000000,1.0000000000,1.0000000000,1.0000000000))
REPRESENTATION_ITEM('')
);

#4489=EDGE_CURVE('',#4481,#4420,#4484,.T.);
#4490=ORIENTED_EDGE('',*,*,#4489,.T.);
#4491=EDGE_LOOP('',(#4429,#4438,#4447,#4456,#4465,#4474,#4483,#4490));
#4492=FACE_BOUND('',#4491,.T.);
#4493=CARTESIAN_POINT('',(3.58456,-3.70000,13.01541));
#4494=VERTEX_POINT('',#4493);
#4497=CARTESIAN_POINT('',(3.58456,-4.08498,13.01541));
#4498=CARTESIAN_POINT('',(3.29136,-4.51432,13.09766));
#4499=CARTESIAN_POINT('',(2.93712,-4.64271,13.17662));
#4495=(
BOUNDED_CURVE()
B_SPLINE_CURVE(3,(#4493,#4497,#4498,#4499),.UNSPECIFIED.,.F.,.F.)
B_SPLINE_CURVE_WITH_KNOTS((4,4),(0.000,1.000),.UNSPECIFIED.)
CURVE()
GEOMETRIC_REPRESENTATION_ITEM()
RATIONAL_B_SPLINE_CURVE((1.0000000000,1.0000000000,1.0000000000,1.0000000000))
REPRESENTATION_ITEM('')
);

#4501=VERTEX_POINT('',#4499);
#4502=EDGE_CURVE('',#4494,#4501,#4495,.T.);
#4503=ORIENTED_EDGE('',*,*,#4502,.T.);
#4506=CARTESIAN_POINT('',(2.83329,-4.68035,13.19977));
#4507=CARTESIAN_POINT('',(2.72131,-4.70000,13.22336));
#4508=CARTESIAN_POINT('',(2.61061,-4.70000,13.24518));
#4504=(
BOUNDED_CURVE()
B_SPLINE_CURVE(3,(#4499,#4506,#4507,#4508),.UNSPECIFIED.,.F.,.F.)
B_SPLINE_CURVE_WITH_KNOTS((4,4),(0.000,1.000),.UNSPECIFIED.)
CURVE()
GEOMETRIC_REPRESENTATION_ITEM()
RATIONAL_B_SPLINE_CURVE((1.0000000000,1.0000000000,1.0000000000,1.0000000000))
REPRESENTATION_ITEM('')
);

#4510=VERTEX_POINT('',#4508);
#4511=EDGE_CURVE('',#4501,#4510,#4504,.T.);
#4512=ORIENTED_EDGE('',*,*,#4511,.T.);
#4515=CARTESIAN_POINT('',(2.23289,-4.70000,13.31962));
#4516=CARTESIAN_POINT('',(1.80702,-4.39643,13.37913));
#4517=CARTESIAN_POINT('',(1.67931,-4.03360,13.39514));
#4513=(
BOUNDED_CURVE()
B_SPLINE_CURVE(3,(#4508,#4515,#4516,#4517),.UNSPECIFIED.,.F.,.F.)
B_SPLINE_CURVE_WITH_KNOTS((4,4),(0.000,1.000),.UNSPECIFIED.)
CURVE()
GEOMETRIC_REPRESENTATION_ITEM()
RATIONAL_B_SPLINE_CURVE((1.0000000000,1.0000000000,1.0000000000,1.0000000000))
REPRESENTATION_ITEM('')
);

#4519=VERTEX_POINT('',#4517);
#4520=EDGE_CURVE('',#4510,#4519,#4513,.T.);
#4521=ORIENTED_EDGE('',*,*,#4520,.T.);
#4524=CARTESIAN_POINT('',(1.64188,-3.92726,13.39984));
#4525=CARTESIAN_POINT('',(1.62231,-3.81284,13.40217));
#4526=CARTESIAN_POINT('',(1.62231,-3.70000,13.40217));
#4522=(
BOUNDED_CURVE()
B_SPLINE_CURVE(3,(#4517,#4524,#4525,#4526),.UNSPECIFIED.,.F.,.F.)
B_SPLINE_CURVE_WITH_KNOTS((4,4),(0.000,1.000),.UNSPECIFIED.)
CURVE()
GEOMETRIC_REPRESENTATION_ITEM()
RATIONAL_B_SPLINE_CURVE((1.0000000000,1.0000000000,1.0000000000,1.0000000000))
REPRESENTATION_ITEM('')
);

#4528=VERTEX_POINT('',#4526);
#4529=EDGE_CURVE('',#4519,#4528,#4522,.T.);
#4530=ORIENTED_EDGE('',*,*,#4529,.T.);
#4533=CARTESIAN_POINT('',(1.62231,-3.31502,13.40217));
#4534=CARTESIAN_POINT('',(1.92479,-2.88568,13.36701));
#4535=CARTESIAN_POINT('',(2.28250,-2.75729,13.30564));
#4531=(
BOUNDED_CURVE()
B_SPLINE_CURVE(3,(#4526,#4533,#4534,#4535),.UNSPECIFIED.,.F.,.F.)
B_SPLINE_CURVE_WITH_KNOTS((4,4),(0.000,1.000),.UNSPECIFIED.)
CURVE()
GEOMETRIC_REPRESENTATION_ITEM()
RATIONAL_B_SPLINE_CURVE((1.0000000000,1.0000000000,1.0000000000,1.0000000000))
REPRESENTATION_ITEM('')
);

#4537=VERTEX_POINT('',#4535);
#4538=EDGE_CURVE('',#4528,#4537,#4531,.T.);
#4539=ORIENTED_EDGE('',*,*,#4538,.T.);
#4542=CARTESIAN_POINT('',(2.38735,-2.71965,13.28766));
#4543=CARTESIAN_POINT('',(2.49990,-2.70000,13.26700));
#4544=CARTESIAN_POINT('',(2.61061,-2.70000,13.24518));
#4540=(
BOUNDED_CURVE()
B_SPLINE_CURVE(3,(#4535,#4542,#4543,#4544),.UNSPECIFIED.,.F.,.F.)
B_SPLINE_CURVE_WITH_KNOTS((4,4),(0.000,1.000),.UNSPECIFIED.)
CURVE()
GEOMETRIC_REPRESENTATION_ITEM()
RATIONAL_B_SPLINE_CURVE((1.0000000000,1.0000000000,1.0000000000,1.0000000000))
REPRESENTATION_ITEM('')
);

#4546=VERTEX_POINT('',#4544);
#4547=EDGE_CURVE('',#4537,#4546,#4540,.T.);
#4548=ORIENTED_EDGE('',*,*,#4547,.T.);
#4551=CARTESIAN_POINT('',(2.98832,-2.70000,13.17073));
#4552=CARTESIAN_POINT('',(3.40492,-3.00357,13.06419));
#4553=CARTESIAN_POINT('',(3.52915,-3.36640,13.03054));
#4549=(
BOUNDED_CURVE()
B_SPLINE_CURVE(3,(#4544,#4551,#4552,#4553),.UNSPECIFIED.,.F.,.F.)
B_SPLINE_CURVE_WITH_KNOTS((4,4),(0.000,1.000),.UNSPECIFIED.)
CURVE()
GEOMETRIC_REPRESENTATION_ITEM()
RATIONAL_B_SPLINE_CURVE((1.0000000000,1.0000000000,1.0000000000,1.0000000000))
REPRESENTATION_ITEM('')
);

#4555=VERTEX_POINT('',#4553);
#4556=EDGE_CURVE('',#4546,#4555,#4549,.T.);
#4557=ORIENTED_EDGE('',*,*,#4556,.T.);
#4560=CARTESIAN_POINT('',(3.56557,-3.47274,13.02068));
#4561=CARTESIAN_POINT('',(3.58456,-3.58716,13.01541));
#4558=(
BOUNDED_CURVE()
B_SPLINE_CURVE(3,(#4553,#4560,#4561,#4493),.UNSPECIFIED.,.F.,.F.)
B_SPLINE_CURVE_WITH_KNOTS((4,4),(0.000,1.000),.UNSPECIFIED.)
CURVE()
GEOMETRIC_REPRESENTATION_ITEM()
RATIONAL_B_SPLINE_CURVE((1.0000000000,1.0000000000,1.0000000000,1.0000000000))
REPRESENTATION_ITEM('')
);

#4563=EDGE_CURVE('',#4555,#4494,#4558,.T.);
#4564=ORIENTED_EDGE('',*,*,#4563,.T.);
#4565=EDGE_LOOP('',(#4503,#4512,#4521,#4530,#4539,#4548,#4557,#4564));
#4566=FACE_BOUND('',#4565,.T.);
#4567=ADVANCED_FACE('',(#4196,#4270,#4344,#4418,#4492,#4566),#4072,.T.);
#4568=COLOUR_RGB('',0.39,0.39,0.39);
#4569=FILL_AREA_STYLE_COLOUR('',#4568);
#4570=FILL_AREA_STYLE('',(#4569));
#4571=SURFACE_STYLE_FILL_AREA(#4570);
#4572=SURFACE_STYLE_TRANSPARENT(0.00);
#4573=SURFACE_STYLE_RENDERING_WITH_PROPERTIES(.NORMAL_SHADING.,#4568,(#4572));
#4574=SURFACE_SIDE_STYLE('',(#4571, #4573));
#4575=SURFACE_STYLE_USAGE(.BOTH.,#4574);
#4576=PRESENTATION_STYLE_ASSIGNMENT((#4575));
#4577=STYLED_ITEM('',(#4576),#4567);

#4581=CARTESIAN_POINT('',(13.50000,-2.25000,-13.50000));
#4583=CARTESIAN_POINT('',(0.00000,-2.25000,-13.50000));
#4578=(
BOUNDED_SURFACE()
B_SPLINE_SURFACE(2,1,((#4077,#3533),(#4581,#3532),(#4583,#3525)),.UNSPECIFIED.,.F.,.F.,.F.)
B_SPLINE_SURFACE_WITH_KNOTS((3,3),(2,2),(0.000,1.000),(0.000,1.000),.UNSPECIFIED.)
GEOMETRIC_REPRESENTATION_ITEM()
RATIONAL_B_SPLINE_SURFACE(((1.0000000000,1.0000000000),(0.7071067812,0.7071067812),(1.0000000000,1.0000000000)))
REPRESENTATION_ITEM('')
SURFACE()
);

#4594=ORIENTED_EDGE('',*,*,#3536,.F.);
#4597=CARTESIAN_POINT('',(0.00000,-4.12231,-13.50000));
#4595=(
BOUNDED_CURVE()
B_SPLINE_CURVE(1,(#3525,#4597),.UNSPECIFIED.,.F.,.F.)
B_SPLINE_CURVE_WITH_KNOTS((2,2),(0.000,1.000),.UNSPECIFIED.)
CURVE()
GEOMETRIC_REPRESENTATION_ITEM()
RATIONAL_B_SPLINE_CURVE((1.0000000000,1.0000000000))
REPRESENTATION_ITEM('')
);

#4599=VERTEX_POINT('',#4597);
#4600=EDGE_CURVE('',#3527,#4599,#4595,.T.);
#4601=ORIENTED_EDGE('',*,*,#4600,.T.);
#4604=CARTESIAN_POINT('',(0.06101,-3.99165,-13.50000));
#4605=CARTESIAN_POINT('',(0.09378,-3.84420,-13.49967));
#4606=CARTESIAN_POINT('',(0.09378,-3.70000,-13.49967));
#4602=(
BOUNDED_CURVE()
B_SPLINE_CURVE(3,(#4597,#4604,#4605,#4606),.UNSPECIFIED.,.F.,.F.)
B_SPLINE_CURVE_WITH_KNOTS((4,4),(0.000,1.000),.UNSPECIFIED.)
CURVE()
GEOMETRIC_REPRESENTATION_ITEM()
RATIONAL_B_SPLINE_CURVE((1.0000000000,1.0000000000,1.0000000000,1.0000000000))
REPRESENTATION_ITEM('')
);

#4608=VERTEX_POINT('',#4606);
#4609=EDGE_CURVE('',#4599,#4608,#4602,.T.);
#4610=ORIENTED_EDGE('',*,*,#4609,.T.);
#4613=CARTESIAN_POINT('',(0.09378,-3.55580,-13.49967));
#4614=CARTESIAN_POINT('',(0.06101,-3.40835,-13.50000));
#4615=CARTESIAN_POINT('',(-0.00000,-3.27769,-13.50000));
#4611=(
BOUNDED_CURVE()
B_SPLINE_CURVE(3,(#4606,#4613,#4614,#4615),.UNSPECIFIED.,.F.,.F.)
B_SPLINE_CURVE_WITH_KNOTS((4,4),(0.000,1.000),.UNSPECIFIED.)
CURVE()
GEOMETRIC_REPRESENTATION_ITEM()
RATIONAL_B_SPLINE_CURVE((1.0000000000,1.0000000000,1.0000000000,1.0000000000))
REPRESENTATION_ITEM('')
);

#4617=VERTEX_POINT('',#4615);
#4618=EDGE_CURVE('',#4608,#4617,#4611,.T.);
#4619=ORIENTED_EDGE('',*,*,#4618,.T.);
#4620=(
BOUNDED_CURVE()
B_SPLINE_CURVE(1,(#4615,#4583),.UNSPECIFIED.,.F.,.F.)
B_SPLINE_CURVE_WITH_KNOTS((2,2),(0.000,1.000),.UNSPECIFIED.)
CURVE()
GEOMETRIC_REPRESENTATION_ITEM()
RATIONAL_B_SPLINE_CURVE((1.0000000000,1.0000000000))
REPRESENTATION_ITEM('')
);

#4624=VERTEX_POINT('',#4583);
#4625=EDGE_CURVE('',#4617,#4624,#4620,.T.);
#4626=ORIENTED_EDGE('',*,*,#4625,.T.);
#4627=(
BOUNDED_CURVE()
B_SPLINE_CURVE(2,(#4583,#4581,#4077),.UNSPECIFIED.,.F.,.F.)
B_SPLINE_CURVE_WITH_KNOTS((3,3),(0.000,1.000),.UNSPECIFIED.)
CURVE()
GEOMETRIC_REPRESENTATION_ITEM()
RATIONAL_B_SPLINE_CURVE((1.0000000000,0.7071067812,1.0000000000))
REPRESENTATION_ITEM('')
);

#4633=EDGE_CURVE('',#4624,#4179,#4627,.T.);
#4634=ORIENTED_EDGE('',*,*,#4633,.T.);
#4641=ORIENTED_EDGE('',*,*,#4180,.F.);
#4644=CARTESIAN_POINT('',(13.50000,-3.40835,-0.06101));
#4645=CARTESIAN_POINT('',(13.49967,-3.55580,-0.09378));
#4646=CARTESIAN_POINT('',(13.49967,-3.70000,-0.09378));
#4642=(
BOUNDED_CURVE()
B_SPLINE_CURVE(3,(#4170,#4644,#4645,#4646),.UNSPECIFIED.,.F.,.F.)
B_SPLINE_CURVE_WITH_KNOTS((4,4),(0.000,1.000),.UNSPECIFIED.)
CURVE()
GEOMETRIC_REPRESENTATION_ITEM()
RATIONAL_B_SPLINE_CURVE((1.0000000000,1.0000000000,1.0000000000,1.0000000000))
REPRESENTATION_ITEM('')
);

#4648=VERTEX_POINT('',#4646);
#4649=EDGE_CURVE('',#4172,#4648,#4642,.T.);
#4650=ORIENTED_EDGE('',*,*,#4649,.T.);
#4653=CARTESIAN_POINT('',(13.49967,-3.84420,-0.09378));
#4654=CARTESIAN_POINT('',(13.50000,-3.99165,-0.06101));
#4651=(
BOUNDED_CURVE()
B_SPLINE_CURVE(3,(#4646,#4653,#4654,#4116),.UNSPECIFIED.,.F.,.F.)
B_SPLINE_CURVE_WITH_KNOTS((4,4),(0.000,1.000),.UNSPECIFIED.)
CURVE()
GEOMETRIC_REPRESENTATION_ITEM()
RATIONAL_B_SPLINE_CURVE((1.0000000000,1.0000000000,1.0000000000,1.0000000000))
REPRESENTATION_ITEM('')
);

#4658=EDGE_CURVE('',#4648,#4118,#4651,.T.);
#4659=ORIENTED_EDGE('',*,*,#4658,.T.);
#4664=ORIENTED_EDGE('',*,*,#4119,.F.);
#4665=EDGE_LOOP('',(#4594,#4601,#4610,#4619,#4626,#4634,#4641,#4650,#4659,#4664));
#4666=FACE_OUTER_BOUND('',#4665,.T.);
#4667=CARTESIAN_POINT('',(3.58456,-3.70000,-13.01541));
#4668=VERTEX_POINT('',#4667);
#4671=CARTESIAN_POINT('',(3.58456,-3.31502,-13.01541));
#4672=CARTESIAN_POINT('',(3.29136,-2.88568,-13.09766));
#4673=CARTESIAN_POINT('',(2.93712,-2.75729,-13.17662));
#4669=(
BOUNDED_CURVE()
B_SPLINE_CURVE(3,(#4667,#4671,#4672,#4673),.UNSPECIFIED.,.F.,.F.)
B_SPLINE_CURVE_WITH_KNOTS((4,4),(0.000,1.000),.UNSPECIFIED.)
CURVE()
GEOMETRIC_REPRESENTATION_ITEM()
RATIONAL_B_SPLINE_CURVE((1.0000000000,1.0000000000,1.0000000000,1.0000000000))
REPRESENTATION_ITEM('')
);

#4675=VERTEX_POINT('',#4673);
#4676=EDGE_CURVE('',#4668,#4675,#4669,.T.);
#4677=ORIENTED_EDGE('',*,*,#4676,.T.);
#4680=CARTESIAN_POINT('',(2.83329,-2.71965,-13.19977));
#4681=CARTESIAN_POINT('',(2.72131,-2.70000,-13.22336));
#4682=CARTESIAN_POINT('',(2.61061,-2.70000,-13.24518));
#4678=(
BOUNDED_CURVE()
B_SPLINE_CURVE(3,(#4673,#4680,#4681,#4682),.UNSPECIFIED.,.F.,.F.)
B_SPLINE_CURVE_WITH_KNOTS((4,4),(0.000,1.000),.UNSPECIFIED.)
CURVE()
GEOMETRIC_REPRESENTATION_ITEM()
RATIONAL_B_SPLINE_CURVE((1.0000000000,1.0000000000,1.0000000000,1.0000000000))
REPRESENTATION_ITEM('')
);

#4684=VERTEX_POINT('',#4682);
#4685=EDGE_CURVE('',#4675,#4684,#4678,.T.);
#4686=ORIENTED_EDGE('',*,*,#4685,.T.);
#4689=CARTESIAN_POINT('',(2.23289,-2.70000,-13.31962));
#4690=CARTESIAN_POINT('',(1.80702,-3.00357,-13.37913));
#4691=CARTESIAN_POINT('',(1.67931,-3.36640,-13.39514));
#4687=(
BOUNDED_CURVE()
B_SPLINE_CURVE(3,(#4682,#4689,#4690,#4691),.UNSPECIFIED.,.F.,.F.)
B_SPLINE_CURVE_WITH_KNOTS((4,4),(0.000,1.000),.UNSPECIFIED.)
CURVE()
GEOMETRIC_REPRESENTATION_ITEM()
RATIONAL_B_SPLINE_CURVE((1.0000000000,1.0000000000,1.0000000000,1.0000000000))
REPRESENTATION_ITEM('')
);

#4693=VERTEX_POINT('',#4691);
#4694=EDGE_CURVE('',#4684,#4693,#4687,.T.);
#4695=ORIENTED_EDGE('',*,*,#4694,.T.);
#4698=CARTESIAN_POINT('',(1.64188,-3.47274,-13.39984));
#4699=CARTESIAN_POINT('',(1.62231,-3.58716,-13.40217));
#4700=CARTESIAN_POINT('',(1.62231,-3.70000,-13.40217));
#4696=(
BOUNDED_CURVE()
B_SPLINE_CURVE(3,(#4691,#4698,#4699,#4700),.UNSPECIFIED.,.F.,.F.)
B_SPLINE_CURVE_WITH_KNOTS((4,4),(0.000,1.000),.UNSPECIFIED.)
CURVE()
GEOMETRIC_REPRESENTATION_ITEM()
RATIONAL_B_SPLINE_CURVE((1.0000000000,1.0000000000,1.0000000000,1.0000000000))
REPRESENTATION_ITEM('')
);

#4702=VERTEX_POINT('',#4700);
#4703=EDGE_CURVE('',#4693,#4702,#4696,.T.);
#4704=ORIENTED_EDGE('',*,*,#4703,.T.);
#4707=CARTESIAN_POINT('',(1.62231,-4.08498,-13.40217));
#4708=CARTESIAN_POINT('',(1.92479,-4.51432,-13.36701));
#4709=CARTESIAN_POINT('',(2.28250,-4.64271,-13.30564));
#4705=(
BOUNDED_CURVE()
B_SPLINE_CURVE(3,(#4700,#4707,#4708,#4709),.UNSPECIFIED.,.F.,.F.)
B_SPLINE_CURVE_WITH_KNOTS((4,4),(0.000,1.000),.UNSPECIFIED.)
CURVE()
GEOMETRIC_REPRESENTATION_ITEM()
RATIONAL_B_SPLINE_CURVE((1.0000000000,1.0000000000,1.0000000000,1.0000000000))
REPRESENTATION_ITEM('')
);

#4711=VERTEX_POINT('',#4709);
#4712=EDGE_CURVE('',#4702,#4711,#4705,.T.);
#4713=ORIENTED_EDGE('',*,*,#4712,.T.);
#4716=CARTESIAN_POINT('',(2.38735,-4.68035,-13.28766));
#4717=CARTESIAN_POINT('',(2.49990,-4.70000,-13.26700));
#4718=CARTESIAN_POINT('',(2.61061,-4.70000,-13.24518));
#4714=(
BOUNDED_CURVE()
B_SPLINE_CURVE(3,(#4709,#4716,#4717,#4718),.UNSPECIFIED.,.F.,.F.)
B_SPLINE_CURVE_WITH_KNOTS((4,4),(0.000,1.000),.UNSPECIFIED.)
CURVE()
GEOMETRIC_REPRESENTATION_ITEM()
RATIONAL_B_SPLINE_CURVE((1.0000000000,1.0000000000,1.0000000000,1.0000000000))
REPRESENTATION_ITEM('')
);

#4720=VERTEX_POINT('',#4718);
#4721=EDGE_CURVE('',#4711,#4720,#4714,.T.);
#4722=ORIENTED_EDGE('',*,*,#4721,.T.);
#4725=CARTESIAN_POINT('',(2.98832,-4.70000,-13.17073));
#4726=CARTESIAN_POINT('',(3.40492,-4.39643,-13.06419));
#4727=CARTESIAN_POINT('',(3.52915,-4.03360,-13.03054));
#4723=(
BOUNDED_CURVE()
B_SPLINE_CURVE(3,(#4718,#4725,#4726,#4727),.UNSPECIFIED.,.F.,.F.)
B_SPLINE_CURVE_WITH_KNOTS((4,4),(0.000,1.000),.UNSPECIFIED.)
CURVE()
GEOMETRIC_REPRESENTATION_ITEM()
RATIONAL_B_SPLINE_CURVE((1.0000000000,1.0000000000,1.0000000000,1.0000000000))
REPRESENTATION_ITEM('')
);

#4729=VERTEX_POINT('',#4727);
#4730=EDGE_CURVE('',#4720,#4729,#4723,.T.);
#4731=ORIENTED_EDGE('',*,*,#4730,.T.);
#4734=CARTESIAN_POINT('',(3.56557,-3.92726,-13.02068));
#4735=CARTESIAN_POINT('',(3.58456,-3.81284,-13.01541));
#4732=(
BOUNDED_CURVE()
B_SPLINE_CURVE(3,(#4727,#4734,#4735,#4667),.UNSPECIFIED.,.F.,.F.)
B_SPLINE_CURVE_WITH_KNOTS((4,4),(0.000,1.000),.UNSPECIFIED.)
CURVE()
GEOMETRIC_REPRESENTATION_ITEM()
RATIONAL_B_SPLINE_CURVE((1.0000000000,1.0000000000,1.0000000000,1.0000000000))
REPRESENTATION_ITEM('')
);

#4737=EDGE_CURVE('',#4729,#4668,#4732,.T.);
#4738=ORIENTED_EDGE('',*,*,#4737,.T.);
#4739=EDGE_LOOP('',(#4677,#4686,#4695,#4704,#4713,#4722,#4731,#4738));
#4740=FACE_BOUND('',#4739,.T.);
#4741=CARTESIAN_POINT('',(5.94976,-2.70000,-12.11818));
#4742=VERTEX_POINT('',#4741);
#4745=CARTESIAN_POINT('',(5.60418,-2.70000,-12.28785));
#4746=CARTESIAN_POINT('',(5.20823,-3.00357,-12.45556));
#4747=CARTESIAN_POINT('',(5.08901,-3.36640,-12.50408));
#4743=(
BOUNDED_CURVE()
B_SPLINE_CURVE(3,(#4741,#4745,#4746,#4747),.UNSPECIFIED.,.F.,.F.)
B_SPLINE_CURVE_WITH_KNOTS((4,4),(0.000,1.000),.UNSPECIFIED.)
CURVE()
GEOMETRIC_REPRESENTATION_ITEM()
RATIONAL_B_SPLINE_CURVE((1.0000000000,1.0000000000,1.0000000000,1.0000000000))
REPRESENTATION_ITEM('')
);

#4749=VERTEX_POINT('',#4747);
#4750=EDGE_CURVE('',#4742,#4749,#4743,.T.);
#4751=ORIENTED_EDGE('',*,*,#4750,.T.);
#4754=CARTESIAN_POINT('',(5.05407,-3.47274,-12.51830));
#4755=CARTESIAN_POINT('',(5.03577,-3.58716,-12.52562));
#4756=CARTESIAN_POINT('',(5.03577,-3.70000,-12.52562));
#4752=(
BOUNDED_CURVE()
B_SPLINE_CURVE(3,(#4747,#4754,#4755,#4756),.UNSPECIFIED.,.F.,.F.)
B_SPLINE_CURVE_WITH_KNOTS((4,4),(0.000,1.000),.UNSPECIFIED.)
CURVE()
GEOMETRIC_REPRESENTATION_ITEM()
RATIONAL_B_SPLINE_CURVE((1.0000000000,1.0000000000,1.0000000000,1.0000000000))
REPRESENTATION_ITEM('')
);

#4758=VERTEX_POINT('',#4756);
#4759=EDGE_CURVE('',#4749,#4758,#4752,.T.);
#4760=ORIENTED_EDGE('',*,*,#4759,.T.);
#4763=CARTESIAN_POINT('',(5.03577,-4.08498,-12.52562));
#4764=CARTESIAN_POINT('',(5.31884,-4.51432,-12.41337));
#4765=CARTESIAN_POINT('',(5.64848,-4.64271,-12.26151));
#4761=(
BOUNDED_CURVE()
B_SPLINE_CURVE(3,(#4756,#4763,#4764,#4765),.UNSPECIFIED.,.F.,.F.)
B_SPLINE_CURVE_WITH_KNOTS((4,4),(0.000,1.000),.UNSPECIFIED.)
CURVE()
GEOMETRIC_REPRESENTATION_ITEM()
RATIONAL_B_SPLINE_CURVE((1.0000000000,1.0000000000,1.0000000000,1.0000000000))
REPRESENTATION_ITEM('')
);

#4767=VERTEX_POINT('',#4765);
#4768=EDGE_CURVE('',#4758,#4767,#4761,.T.);
#4769=ORIENTED_EDGE('',*,*,#4768,.T.);
#4772=CARTESIAN_POINT('',(5.74510,-4.68035,-12.21700));
#4773=CARTESIAN_POINT('',(5.84847,-4.70000,-12.16791));
#4774=CARTESIAN_POINT('',(5.94976,-4.70000,-12.11818));
#4770=(
BOUNDED_CURVE()
B_SPLINE_CURVE(3,(#4765,#4772,#4773,#4774),.UNSPECIFIED.,.F.,.F.)
B_SPLINE_CURVE_WITH_KNOTS((4,4),(0.000,1.000),.UNSPECIFIED.)
CURVE()
GEOMETRIC_REPRESENTATION_ITEM()
RATIONAL_B_SPLINE_CURVE((1.0000000000,1.0000000000,1.0000000000,1.0000000000))
REPRESENTATION_ITEM('')
);

#4776=VERTEX_POINT('',#4774);
#4777=EDGE_CURVE('',#4767,#4776,#4770,.T.);
#4778=ORIENTED_EDGE('',*,*,#4777,.T.);
#4781=CARTESIAN_POINT('',(6.29533,-4.70000,-11.94852));
#4782=CARTESIAN_POINT('',(6.67016,-4.39643,-11.73778));
#4783=CARTESIAN_POINT('',(6.78145,-4.03360,-11.67313));
#4779=(
BOUNDED_CURVE()
B_SPLINE_CURVE(3,(#4774,#4781,#4782,#4783),.UNSPECIFIED.,.F.,.F.)
B_SPLINE_CURVE_WITH_KNOTS((4,4),(0.000,1.000),.UNSPECIFIED.)
CURVE()
GEOMETRIC_REPRESENTATION_ITEM()
RATIONAL_B_SPLINE_CURVE((1.0000000000,1.0000000000,1.0000000000,1.0000000000))
REPRESENTATION_ITEM('')
);

#4785=VERTEX_POINT('',#4783);
#4786=EDGE_CURVE('',#4776,#4785,#4779,.T.);
#4787=ORIENTED_EDGE('',*,*,#4786,.T.);
#4790=CARTESIAN_POINT('',(6.81407,-3.92726,-11.65418));
#4791=CARTESIAN_POINT('',(6.83105,-3.81284,-11.64417));
#4792=CARTESIAN_POINT('',(6.83105,-3.70000,-11.64417));
#4788=(
BOUNDED_CURVE()
B_SPLINE_CURVE(3,(#4783,#4790,#4791,#4792),.UNSPECIFIED.,.F.,.F.)
B_SPLINE_CURVE_WITH_KNOTS((4,4),(0.000,1.000),.UNSPECIFIED.)
CURVE()
GEOMETRIC_REPRESENTATION_ITEM()
RATIONAL_B_SPLINE_CURVE((1.0000000000,1.0000000000,1.0000000000,1.0000000000))
REPRESENTATION_ITEM('')
);

#4794=VERTEX_POINT('',#4792);
#4795=EDGE_CURVE('',#4785,#4794,#4788,.T.);
#4796=ORIENTED_EDGE('',*,*,#4795,.T.);
#4799=CARTESIAN_POINT('',(6.83105,-3.31502,-11.64417));
#4800=CARTESIAN_POINT('',(6.56913,-2.88568,-11.79950));
#4801=CARTESIAN_POINT('',(6.24740,-2.75729,-11.96746));
#4797=(
BOUNDED_CURVE()
B_SPLINE_CURVE(3,(#4792,#4799,#4800,#4801),.UNSPECIFIED.,.F.,.F.)
B_SPLINE_CURVE_WITH_KNOTS((4,4),(0.000,1.000),.UNSPECIFIED.)
CURVE()
GEOMETRIC_REPRESENTATION_ITEM()
RATIONAL_B_SPLINE_CURVE((1.0000000000,1.0000000000,1.0000000000,1.0000000000))
REPRESENTATION_ITEM('')
);

#4803=VERTEX_POINT('',#4801);
#4804=EDGE_CURVE('',#4794,#4803,#4797,.T.);
#4805=ORIENTED_EDGE('',*,*,#4804,.T.);
#4808=CARTESIAN_POINT('',(6.15310,-2.71965,-12.01669));
#4809=CARTESIAN_POINT('',(6.05104,-2.70000,-12.06845));
#4806=(
BOUNDED_CURVE()
B_SPLINE_CURVE(3,(#4801,#4808,#4809,#4741),.UNSPECIFIED.,.F.,.F.)
B_SPLINE_CURVE_WITH_KNOTS((4,4),(0.000,1.000),.UNSPECIFIED.)
CURVE()
GEOMETRIC_REPRESENTATION_ITEM()
RATIONAL_B_SPLINE_CURVE((1.0000000000,1.0000000000,1.0000000000,1.0000000000))
REPRESENTATION_ITEM('')
);

#4811=EDGE_CURVE('',#4803,#4742,#4806,.T.);
#4812=ORIENTED_EDGE('',*,*,#4811,.T.);
#4813=EDGE_LOOP('',(#4751,#4760,#4769,#4778,#4787,#4796,#4805,#4812));
#4814=FACE_BOUND('',#4813,.T.);
#4815=CARTESIAN_POINT('',(9.47940,-3.70000,-9.61202));
#4816=VERTEX_POINT('',#4815);
#4819=CARTESIAN_POINT('',(9.47940,-4.08498,-9.61202));
#4820=CARTESIAN_POINT('',(9.69723,-4.51432,-9.39923));
#4821=CARTESIAN_POINT('',(9.94273,-4.64271,-9.13193));
#4817=(
BOUNDED_CURVE()
B_SPLINE_CURVE(3,(#4815,#4819,#4820,#4821),.UNSPECIFIED.,.F.,.F.)
B_SPLINE_CURVE_WITH_KNOTS((4,4),(0.000,1.000),.UNSPECIFIED.)
CURVE()
GEOMETRIC_REPRESENTATION_ITEM()
RATIONAL_B_SPLINE_CURVE((1.0000000000,1.0000000000,1.0000000000,1.0000000000))
REPRESENTATION_ITEM('')
);

#4823=VERTEX_POINT('',#4821);
#4824=EDGE_CURVE('',#4816,#4823,#4817,.T.);
#4825=ORIENTED_EDGE('',*,*,#4824,.T.);
#4828=CARTESIAN_POINT('',(10.01469,-4.68035,-9.05358));
#4829=CARTESIAN_POINT('',(10.09111,-4.70000,-8.96841));
#4830=CARTESIAN_POINT('',(10.16536,-4.70000,-8.88344));
#4826=(
BOUNDED_CURVE()
B_SPLINE_CURVE(3,(#4821,#4828,#4829,#4830),.UNSPECIFIED.,.F.,.F.)
B_SPLINE_CURVE_WITH_KNOTS((4,4),(0.000,1.000),.UNSPECIFIED.)
CURVE()
GEOMETRIC_REPRESENTATION_ITEM()
RATIONAL_B_SPLINE_CURVE((1.0000000000,1.0000000000,1.0000000000,1.0000000000))
REPRESENTATION_ITEM('')
);

#4832=VERTEX_POINT('',#4830);
#4833=EDGE_CURVE('',#4823,#4832,#4826,.T.);
#4834=ORIENTED_EDGE('',*,*,#4833,.T.);
#4837=CARTESIAN_POINT('',(10.41869,-4.70000,-8.59356));
#4838=CARTESIAN_POINT('',(10.68316,-4.39643,-8.25450));
#4839=CARTESIAN_POINT('',(10.76088,-4.03360,-8.15190));
#4835=(
BOUNDED_CURVE()
B_SPLINE_CURVE(3,(#4830,#4837,#4838,#4839),.UNSPECIFIED.,.F.,.F.)
B_SPLINE_CURVE_WITH_KNOTS((4,4),(0.000,1.000),.UNSPECIFIED.)
CURVE()
GEOMETRIC_REPRESENTATION_ITEM()
RATIONAL_B_SPLINE_CURVE((1.0000000000,1.0000000000,1.0000000000,1.0000000000))
REPRESENTATION_ITEM('')
);

#4841=VERTEX_POINT('',#4839);
#4842=EDGE_CURVE('',#4832,#4841,#4835,.T.);
#4843=ORIENTED_EDGE('',*,*,#4842,.T.);
#4846=CARTESIAN_POINT('',(10.78366,-3.92726,-8.12183));
#4847=CARTESIAN_POINT('',(10.79546,-3.81284,-8.10605));
#4848=CARTESIAN_POINT('',(10.79546,-3.70000,-8.10605));
#4844=(
BOUNDED_CURVE()
B_SPLINE_CURVE(3,(#4839,#4846,#4847,#4848),.UNSPECIFIED.,.F.,.F.)
B_SPLINE_CURVE_WITH_KNOTS((4,4),(0.000,1.000),.UNSPECIFIED.)
CURVE()
GEOMETRIC_REPRESENTATION_ITEM()
RATIONAL_B_SPLINE_CURVE((1.0000000000,1.0000000000,1.0000000000,1.0000000000))
REPRESENTATION_ITEM('')
);

#4850=VERTEX_POINT('',#4848);
#4851=EDGE_CURVE('',#4841,#4850,#4844,.T.);
#4852=ORIENTED_EDGE('',*,*,#4851,.T.);
#4855=CARTESIAN_POINT('',(10.79546,-3.31502,-8.10605));
#4856=CARTESIAN_POINT('',(10.61377,-2.88568,-8.35042));
#4857=CARTESIAN_POINT('',(10.38177,-2.75729,-8.62953));
#4853=(
BOUNDED_CURVE()
B_SPLINE_CURVE(3,(#4848,#4855,#4856,#4857),.UNSPECIFIED.,.F.,.F.)
B_SPLINE_CURVE_WITH_KNOTS((4,4),(0.000,1.000),.UNSPECIFIED.)
CURVE()
GEOMETRIC_REPRESENTATION_ITEM()
RATIONAL_B_SPLINE_CURVE((1.0000000000,1.0000000000,1.0000000000,1.0000000000))
REPRESENTATION_ITEM('')
);

#4859=VERTEX_POINT('',#4857);
#4860=EDGE_CURVE('',#4850,#4859,#4853,.T.);
#4861=ORIENTED_EDGE('',*,*,#4860,.T.);
#4864=CARTESIAN_POINT('',(10.31378,-2.71965,-8.71133));
#4865=CARTESIAN_POINT('',(10.23961,-2.70000,-8.79848));
#4866=CARTESIAN_POINT('',(10.16536,-2.70000,-8.88344));
#4862=(
BOUNDED_CURVE()
B_SPLINE_CURVE(3,(#4857,#4864,#4865,#4866),.UNSPECIFIED.,.F.,.F.)
B_SPLINE_CURVE_WITH_KNOTS((4,4),(0.000,1.000),.UNSPECIFIED.)
CURVE()
GEOMETRIC_REPRESENTATION_ITEM()
RATIONAL_B_SPLINE_CURVE((1.0000000000,1.0000000000,1.0000000000,1.0000000000))
REPRESENTATION_ITEM('')
);

#4868=VERTEX_POINT('',#4866);
#4869=EDGE_CURVE('',#4859,#4868,#4862,.T.);
#4870=ORIENTED_EDGE('',*,*,#4869,.T.);
#4873=CARTESIAN_POINT('',(9.91203,-2.70000,-9.17333));
#4874=CARTESIAN_POINT('',(9.61146,-3.00357,-9.48084));
#4875=CARTESIAN_POINT('',(9.52021,-3.36640,-9.57161));
#4871=(
BOUNDED_CURVE()
B_SPLINE_CURVE(3,(#4866,#4873,#4874,#4875),.UNSPECIFIED.,.F.,.F.)
B_SPLINE_CURVE_WITH_KNOTS((4,4),(0.000,1.000),.UNSPECIFIED.)
CURVE()
GEOMETRIC_REPRESENTATION_ITEM()
RATIONAL_B_SPLINE_CURVE((1.0000000000,1.0000000000,1.0000000000,1.0000000000))
REPRESENTATION_ITEM('')
);

#4877=VERTEX_POINT('',#4875);
#4878=EDGE_CURVE('',#4868,#4877,#4871,.T.);
#4879=ORIENTED_EDGE('',*,*,#4878,.T.);
#4882=CARTESIAN_POINT('',(9.49346,-3.47274,-9.59821));
#4883=CARTESIAN_POINT('',(9.47940,-3.58716,-9.61202));
#4880=(
BOUNDED_CURVE()
B_SPLINE_CURVE(3,(#4875,#4882,#4883,#4815),.UNSPECIFIED.,.F.,.F.)
B_SPLINE_CURVE_WITH_KNOTS((4,4),(0.000,1.000),.UNSPECIFIED.)
CURVE()
GEOMETRIC_REPRESENTATION_ITEM()
RATIONAL_B_SPLINE_CURVE((1.0000000000,1.0000000000,1.0000000000,1.0000000000))
REPRESENTATION_ITEM('')
);

#4885=EDGE_CURVE('',#4877,#4816,#4880,.T.);
#4886=ORIENTED_EDGE('',*,*,#4885,.T.);
#4887=EDGE_LOOP('',(#4825,#4834,#4843,#4852,#4861,#4870,#4879,#4886));
#4888=FACE_BOUND('',#4887,.T.);
#4889=CARTESIAN_POINT('',(12.11818,-4.70000,-5.94976));
#4890=VERTEX_POINT('',#4889);
#4893=CARTESIAN_POINT('',(12.28785,-4.70000,-5.60418));
#4894=CARTESIAN_POINT('',(12.45556,-4.39643,-5.20823));
#4895=CARTESIAN_POINT('',(12.50408,-4.03360,-5.08901));
#4891=(
BOUNDED_CURVE()
B_SPLINE_CURVE(3,(#4889,#4893,#4894,#4895),.UNSPECIFIED.,.F.,.F.)
B_SPLINE_CURVE_WITH_KNOTS((4,4),(0.000,1.000),.UNSPECIFIED.)
CURVE()
GEOMETRIC_REPRESENTATION_ITEM()
RATIONAL_B_SPLINE_CURVE((1.0000000000,1.0000000000,1.0000000000,1.0000000000))
REPRESENTATION_ITEM('')
);

#4897=VERTEX_POINT('',#4895);
#4898=EDGE_CURVE('',#4890,#4897,#4891,.T.);
#4899=ORIENTED_EDGE('',*,*,#4898,.T.);
#4902=CARTESIAN_POINT('',(12.51830,-3.92726,-5.05407));
#4903=CARTESIAN_POINT('',(12.52562,-3.81284,-5.03577));
#4904=CARTESIAN_POINT('',(12.52562,-3.70000,-5.03577));
#4900=(
BOUNDED_CURVE()
B_SPLINE_CURVE(3,(#4895,#4902,#4903,#4904),.UNSPECIFIED.,.F.,.F.)
B_SPLINE_CURVE_WITH_KNOTS((4,4),(0.000,1.000),.UNSPECIFIED.)
CURVE()
GEOMETRIC_REPRESENTATION_ITEM()
RATIONAL_B_SPLINE_CURVE((1.0000000000,1.0000000000,1.0000000000,1.0000000000))
REPRESENTATION_ITEM('')
);

#4906=VERTEX_POINT('',#4904);
#4907=EDGE_CURVE('',#4897,#4906,#4900,.T.);
#4908=ORIENTED_EDGE('',*,*,#4907,.T.);
#4911=CARTESIAN_POINT('',(12.52562,-3.31502,-5.03577));
#4912=CARTESIAN_POINT('',(12.41337,-2.88568,-5.31884));
#4913=CARTESIAN_POINT('',(12.26151,-2.75729,-5.64848));
#4909=(
BOUNDED_CURVE()
B_SPLINE_CURVE(3,(#4904,#4911,#4912,#4913),.UNSPECIFIED.,.F.,.F.)
B_SPLINE_CURVE_WITH_KNOTS((4,4),(0.000,1.000),.UNSPECIFIED.)
CURVE()
GEOMETRIC_REPRESENTATION_ITEM()
RATIONAL_B_SPLINE_CURVE((1.0000000000,1.0000000000,1.0000000000,1.0000000000))
REPRESENTATION_ITEM('')
);

#4915=VERTEX_POINT('',#4913);
#4916=EDGE_CURVE('',#4906,#4915,#4909,.T.);
#4917=ORIENTED_EDGE('',*,*,#4916,.T.);
#4920=CARTESIAN_POINT('',(12.21700,-2.71965,-5.74510));
#4921=CARTESIAN_POINT('',(12.16791,-2.70000,-5.84847));
#4922=CARTESIAN_POINT('',(12.11818,-2.70000,-5.94976));
#4918=(
BOUNDED_CURVE()
B_SPLINE_CURVE(3,(#4913,#4920,#4921,#4922),.UNSPECIFIED.,.F.,.F.)
B_SPLINE_CURVE_WITH_KNOTS((4,4),(0.000,1.000),.UNSPECIFIED.)
CURVE()
GEOMETRIC_REPRESENTATION_ITEM()
RATIONAL_B_SPLINE_CURVE((1.0000000000,1.0000000000,1.0000000000,1.0000000000))
REPRESENTATION_ITEM('')
);

#4924=VERTEX_POINT('',#4922);
#4925=EDGE_CURVE('',#4915,#4924,#4918,.T.);
#4926=ORIENTED_EDGE('',*,*,#4925,.T.);
#4929=CARTESIAN_POINT('',(11.94852,-2.70000,-6.29533));
#4930=CARTESIAN_POINT('',(11.73778,-3.00357,-6.67016));
#4931=CARTESIAN_POINT('',(11.67313,-3.36640,-6.78145));
#4927=(
BOUNDED_CURVE()
B_SPLINE_CURVE(3,(#4922,#4929,#4930,#4931),.UNSPECIFIED.,.F.,.F.)
B_SPLINE_CURVE_WITH_KNOTS((4,4),(0.000,1.000),.UNSPECIFIED.)
CURVE()
GEOMETRIC_REPRESENTATION_ITEM()
RATIONAL_B_SPLINE_CURVE((1.0000000000,1.0000000000,1.0000000000,1.0000000000))
REPRESENTATION_ITEM('')
);

#4933=VERTEX_POINT('',#4931);
#4934=EDGE_CURVE('',#4924,#4933,#4927,.T.);
#4935=ORIENTED_EDGE('',*,*,#4934,.T.);
#4938=CARTESIAN_POINT('',(11.65418,-3.47274,-6.81407));
#4939=CARTESIAN_POINT('',(11.64417,-3.58716,-6.83105));
#4940=CARTESIAN_POINT('',(11.64417,-3.70000,-6.83105));
#4936=(
BOUNDED_CURVE()
B_SPLINE_CURVE(3,(#4931,#4938,#4939,#4940),.UNSPECIFIED.,.F.,.F.)
B_SPLINE_CURVE_WITH_KNOTS((4,4),(0.000,1.000),.UNSPECIFIED.)
CURVE()
GEOMETRIC_REPRESENTATION_ITEM()
RATIONAL_B_SPLINE_CURVE((1.0000000000,1.0000000000,1.0000000000,1.0000000000))
REPRESENTATION_ITEM('')
);

#4942=VERTEX_POINT('',#4940);
#4943=EDGE_CURVE('',#4933,#4942,#4936,.T.);
#4944=ORIENTED_EDGE('',*,*,#4943,.T.);
#4947=CARTESIAN_POINT('',(11.64417,-4.08498,-6.83105));
#4948=CARTESIAN_POINT('',(11.79950,-4.51432,-6.56913));
#4949=CARTESIAN_POINT('',(11.96746,-4.64271,-6.24740));
#4945=(
BOUNDED_CURVE()
B_SPLINE_CURVE(3,(#4940,#4947,#4948,#4949),.UNSPECIFIED.,.F.,.F.)
B_SPLINE_CURVE_WITH_KNOTS((4,4),(0.000,1.000),.UNSPECIFIED.)
CURVE()
GEOMETRIC_REPRESENTATION_ITEM()
RATIONAL_B_SPLINE_CURVE((1.0000000000,1.0000000000,1.0000000000,1.0000000000))
REPRESENTATION_ITEM('')
);

#4951=VERTEX_POINT('',#4949);
#4952=EDGE_CURVE('',#4942,#4951,#4945,.T.);
#4953=ORIENTED_EDGE('',*,*,#4952,.T.);
#4956=CARTESIAN_POINT('',(12.01669,-4.68035,-6.15310));
#4957=CARTESIAN_POINT('',(12.06845,-4.70000,-6.05104));
#4954=(
BOUNDED_CURVE()
B_SPLINE_CURVE(3,(#4949,#4956,#4957,#4889),.UNSPECIFIED.,.F.,.F.)
B_SPLINE_CURVE_WITH_KNOTS((4,4),(0.000,1.000),.UNSPECIFIED.)
CURVE()
GEOMETRIC_REPRESENTATION_ITEM()
RATIONAL_B_SPLINE_CURVE((1.0000000000,1.0000000000,1.0000000000,1.0000000000))
REPRESENTATION_ITEM('')
);

#4959=EDGE_CURVE('',#4951,#4890,#4954,.T.);
#4960=ORIENTED_EDGE('',*,*,#4959,.T.);
#4961=EDGE_LOOP('',(#4899,#4908,#4917,#4926,#4935,#4944,#4953,#4960));
#4962=FACE_BOUND('',#4961,.T.);
#4963=CARTESIAN_POINT('',(13.40217,-3.70000,-1.62231));
#4964=VERTEX_POINT('',#4963);
#4967=CARTESIAN_POINT('',(13.40217,-3.31502,-1.62231));
#4968=CARTESIAN_POINT('',(13.36701,-2.88568,-1.92479));
#4969=CARTESIAN_POINT('',(13.30564,-2.75729,-2.28250));
#4965=(
BOUNDED_CURVE()
B_SPLINE_CURVE(3,(#4963,#4967,#4968,#4969),.UNSPECIFIED.,.F.,.F.)
B_SPLINE_CURVE_WITH_KNOTS((4,4),(0.000,1.000),.UNSPECIFIED.)
CURVE()
GEOMETRIC_REPRESENTATION_ITEM()
RATIONAL_B_SPLINE_CURVE((1.0000000000,1.0000000000,1.0000000000,1.0000000000))
REPRESENTATION_ITEM('')
);

#4971=VERTEX_POINT('',#4969);
#4972=EDGE_CURVE('',#4964,#4971,#4965,.T.);
#4973=ORIENTED_EDGE('',*,*,#4972,.T.);
#4976=CARTESIAN_POINT('',(13.28766,-2.71965,-2.38735));
#4977=CARTESIAN_POINT('',(13.26700,-2.70000,-2.49990));
#4978=CARTESIAN_POINT('',(13.24518,-2.70000,-2.61061));
#4974=(
BOUNDED_CURVE()
B_SPLINE_CURVE(3,(#4969,#4976,#4977,#4978),.UNSPECIFIED.,.F.,.F.)
B_SPLINE_CURVE_WITH_KNOTS((4,4),(0.000,1.000),.UNSPECIFIED.)
CURVE()
GEOMETRIC_REPRESENTATION_ITEM()
RATIONAL_B_SPLINE_CURVE((1.0000000000,1.0000000000,1.0000000000,1.0000000000))
REPRESENTATION_ITEM('')
);

#4980=VERTEX_POINT('',#4978);
#4981=EDGE_CURVE('',#4971,#4980,#4974,.T.);
#4982=ORIENTED_EDGE('',*,*,#4981,.T.);
#4985=CARTESIAN_POINT('',(13.17073,-2.70000,-2.98832));
#4986=CARTESIAN_POINT('',(13.06419,-3.00357,-3.40492));
#4987=CARTESIAN_POINT('',(13.03054,-3.36640,-3.52915));
#4983=(
BOUNDED_CURVE()
B_SPLINE_CURVE(3,(#4978,#4985,#4986,#4987),.UNSPECIFIED.,.F.,.F.)
B_SPLINE_CURVE_WITH_KNOTS((4,4),(0.000,1.000),.UNSPECIFIED.)
CURVE()
GEOMETRIC_REPRESENTATION_ITEM()
RATIONAL_B_SPLINE_CURVE((1.0000000000,1.0000000000,1.0000000000,1.0000000000))
REPRESENTATION_ITEM('')
);

#4989=VERTEX_POINT('',#4987);
#4990=EDGE_CURVE('',#4980,#4989,#4983,.T.);
#4991=ORIENTED_EDGE('',*,*,#4990,.T.);
#4994=CARTESIAN_POINT('',(13.02068,-3.47274,-3.56557));
#4995=CARTESIAN_POINT('',(13.01541,-3.58716,-3.58456));
#4996=CARTESIAN_POINT('',(13.01541,-3.70000,-3.58456));
#4992=(
BOUNDED_CURVE()
B_SPLINE_CURVE(3,(#4987,#4994,#4995,#4996),.UNSPECIFIED.,.F.,.F.)
B_SPLINE_CURVE_WITH_KNOTS((4,4),(0.000,1.000),.UNSPECIFIED.)
CURVE()
GEOMETRIC_REPRESENTATION_ITEM()
RATIONAL_B_SPLINE_CURVE((1.0000000000,1.0000000000,1.0000000000,1.0000000000))
REPRESENTATION_ITEM('')
);

#4998=VERTEX_POINT('',#4996);
#4999=EDGE_CURVE('',#4989,#4998,#4992,.T.);
#5000=ORIENTED_EDGE('',*,*,#4999,.T.);
#5003=CARTESIAN_POINT('',(13.01541,-4.08498,-3.58456));
#5004=CARTESIAN_POINT('',(13.09766,-4.51432,-3.29136));
#5005=CARTESIAN_POINT('',(13.17662,-4.64271,-2.93712));
#5001=(
BOUNDED_CURVE()
B_SPLINE_CURVE(3,(#4996,#5003,#5004,#5005),.UNSPECIFIED.,.F.,.F.)
B_SPLINE_CURVE_WITH_KNOTS((4,4),(0.000,1.000),.UNSPECIFIED.)
CURVE()
GEOMETRIC_REPRESENTATION_ITEM()
RATIONAL_B_SPLINE_CURVE((1.0000000000,1.0000000000,1.0000000000,1.0000000000))
REPRESENTATION_ITEM('')
);

#5007=VERTEX_POINT('',#5005);
#5008=EDGE_CURVE('',#4998,#5007,#5001,.T.);
#5009=ORIENTED_EDGE('',*,*,#5008,.T.);
#5012=CARTESIAN_POINT('',(13.19977,-4.68035,-2.83329));
#5013=CARTESIAN_POINT('',(13.22336,-4.70000,-2.72131));
#5014=CARTESIAN_POINT('',(13.24518,-4.70000,-2.61061));
#5010=(
BOUNDED_CURVE()
B_SPLINE_CURVE(3,(#5005,#5012,#5013,#5014),.UNSPECIFIED.,.F.,.F.)
B_SPLINE_CURVE_WITH_KNOTS((4,4),(0.000,1.000),.UNSPECIFIED.)
CURVE()
GEOMETRIC_REPRESENTATION_ITEM()
RATIONAL_B_SPLINE_CURVE((1.0000000000,1.0000000000,1.0000000000,1.0000000000))
REPRESENTATION_ITEM('')
);

#5016=VERTEX_POINT('',#5014);
#5017=EDGE_CURVE('',#5007,#5016,#5010,.T.);
#5018=ORIENTED_EDGE('',*,*,#5017,.T.);
#5021=CARTESIAN_POINT('',(13.31962,-4.70000,-2.23289));
#5022=CARTESIAN_POINT('',(13.37913,-4.39643,-1.80702));
#5023=CARTESIAN_POINT('',(13.39514,-4.03360,-1.67931));
#5019=(
BOUNDED_CURVE()
B_SPLINE_CURVE(3,(#5014,#5021,#5022,#5023),.UNSPECIFIED.,.F.,.F.)
B_SPLINE_CURVE_WITH_KNOTS((4,4),(0.000,1.000),.UNSPECIFIED.)
CURVE()
GEOMETRIC_REPRESENTATION_ITEM()
RATIONAL_B_SPLINE_CURVE((1.0000000000,1.0000000000,1.0000000000,1.0000000000))
REPRESENTATION_ITEM('')
);

#5025=VERTEX_POINT('',#5023);
#5026=EDGE_CURVE('',#5016,#5025,#5019,.T.);
#5027=ORIENTED_EDGE('',*,*,#5026,.T.);
#5030=CARTESIAN_POINT('',(13.39984,-3.92726,-1.64188));
#5031=CARTESIAN_POINT('',(13.40217,-3.81284,-1.62231));
#5028=(
BOUNDED_CURVE()
B_SPLINE_CURVE(3,(#5023,#5030,#5031,#4963),.UNSPECIFIED.,.F.,.F.)
B_SPLINE_CURVE_WITH_KNOTS((4,4),(0.000,1.000),.UNSPECIFIED.)
CURVE()
GEOMETRIC_REPRESENTATION_ITEM()
RATIONAL_B_SPLINE_CURVE((1.0000000000,1.0000000000,1.0000000000,1.0000000000))
REPRESENTATION_ITEM('')
);

#5033=EDGE_CURVE('',#5025,#4964,#5028,.T.);
#5034=ORIENTED_EDGE('',*,*,#5033,.T.);
#5035=EDGE_LOOP('',(#4973,#4982,#4991,#5000,#5009,#5018,#5027,#5034));
#5036=FACE_BOUND('',#5035,.T.);
#5037=ADVANCED_FACE('',(#4666,#4740,#4814,#4888,#4962,#5036),#4578,.T.);
#5038=COLOUR_RGB('',0.39,0.39,0.39);
#5039=FILL_AREA_STYLE_COLOUR('',#5038);
#5040=FILL_AREA_STYLE('',(#5039));
#5041=SURFACE_STYLE_FILL_AREA(#5040);
#5042=SURFACE_STYLE_TRANSPARENT(0.00);
#5043=SURFACE_STYLE_RENDERING_WITH_PROPERTIES(.NORMAL_SHADING.,#5038,(#5042));
#5044=SURFACE_SIDE_STYLE('',(#5041, #5043));
#5045=SURFACE_STYLE_USAGE(.BOTH.,#5044);
#5046=PRESENTATION_STYLE_ASSIGNMENT((#5045));
#5047=STYLED_ITEM('',(#5046),#5037);

#5051=CARTESIAN_POINT('',(-13.50000,-2.25000,-13.50000));
#5048=(
BOUNDED_SURFACE()
B_SPLINE_SURFACE(2,1,((#4583,#3525),(#5051,#3524),(#3592,#3517)),.UNSPECIFIED.,.F.,.F.,.F.)
B_SPLINE_SURFACE_WITH_KNOTS((3,3),(2,2),(0.000,1.000),(0.000,1.000),.UNSPECIFIED.)
GEOMETRIC_REPRESENTATION_ITEM()
RATIONAL_B_SPLINE_SURFACE(((1.0000000000,1.0000000000),(0.7071067812,0.7071067812),(1.0000000000,1.0000000000)))
REPRESENTATION_ITEM('')
SURFACE()
);

#5064=ORIENTED_EDGE('',*,*,#3528,.F.);
#5071=ORIENTED_EDGE('',*,*,#3647,.F.);
#5072=(
BOUNDED_CURVE()
B_SPLINE_CURVE(2,(#3592,#5051,#4583),.UNSPECIFIED.,.F.,.F.)
B_SPLINE_CURVE_WITH_KNOTS((3,3),(0.000,1.000),.UNSPECIFIED.)
CURVE()
GEOMETRIC_REPRESENTATION_ITEM()
RATIONAL_B_SPLINE_CURVE((1.0000000000,0.7071067812,1.0000000000))
REPRESENTATION_ITEM('')
);

#5078=EDGE_CURVE('',#3639,#4624,#5072,.T.);
#5079=ORIENTED_EDGE('',*,*,#5078,.T.);
#5086=ORIENTED_EDGE('',*,*,#4625,.F.);
#5089=CARTESIAN_POINT('',(-0.15165,-2.95291,-13.50000));
#5090=CARTESIAN_POINT('',(-0.54882,-2.70000,-13.49360));
#5091=CARTESIAN_POINT('',(-0.90645,-2.70000,-13.46953));
#5087=(
BOUNDED_CURVE()
B_SPLINE_CURVE(3,(#4615,#5089,#5090,#5091),.UNSPECIFIED.,.F.,.F.)
B_SPLINE_CURVE_WITH_KNOTS((4,4),(0.000,1.000),.UNSPECIFIED.)
CURVE()
GEOMETRIC_REPRESENTATION_ITEM()
RATIONAL_B_SPLINE_CURVE((1.0000000000,1.0000000000,1.0000000000,1.0000000000))
REPRESENTATION_ITEM('')
);

#5093=VERTEX_POINT('',#5091);
#5094=EDGE_CURVE('',#4617,#5093,#5087,.T.);
#5095=ORIENTED_EDGE('',*,*,#5094,.T.);
#5098=CARTESIAN_POINT('',(-1.29056,-2.70000,-13.44368));
#5099=CARTESIAN_POINT('',(-1.71732,-3.00357,-13.39094));
#5100=CARTESIAN_POINT('',(-1.84483,-3.36640,-13.37335));
#5096=(
BOUNDED_CURVE()
B_SPLINE_CURVE(3,(#5091,#5098,#5099,#5100),.UNSPECIFIED.,.F.,.F.)
B_SPLINE_CURVE_WITH_KNOTS((4,4),(0.000,1.000),.UNSPECIFIED.)
CURVE()
GEOMETRIC_REPRESENTATION_ITEM()
RATIONAL_B_SPLINE_CURVE((1.0000000000,1.0000000000,1.0000000000,1.0000000000))
REPRESENTATION_ITEM('')
);

#5102=VERTEX_POINT('',#5100);
#5103=EDGE_CURVE('',#5093,#5102,#5096,.T.);
#5104=ORIENTED_EDGE('',*,*,#5103,.T.);
#5107=CARTESIAN_POINT('',(-1.88220,-3.47274,-13.36820));
#5108=CARTESIAN_POINT('',(-1.90171,-3.58716,-13.36539));
#5109=CARTESIAN_POINT('',(-1.90171,-3.70000,-13.36539));
#5105=(
BOUNDED_CURVE()
B_SPLINE_CURVE(3,(#5100,#5107,#5108,#5109),.UNSPECIFIED.,.F.,.F.)
B_SPLINE_CURVE_WITH_KNOTS((4,4),(0.000,1.000),.UNSPECIFIED.)
CURVE()
GEOMETRIC_REPRESENTATION_ITEM()
RATIONAL_B_SPLINE_CURVE((1.0000000000,1.0000000000,1.0000000000,1.0000000000))
REPRESENTATION_ITEM('')
);

#5111=VERTEX_POINT('',#5109);
#5112=EDGE_CURVE('',#5102,#5111,#5105,.T.);
#5113=ORIENTED_EDGE('',*,*,#5112,.T.);
#5116=CARTESIAN_POINT('',(-1.90171,-4.08498,-13.36539));
#5117=CARTESIAN_POINT('',(-1.60043,-4.51432,-13.40971));
#5118=CARTESIAN_POINT('',(-1.23903,-4.64271,-13.44302));
#5114=(
BOUNDED_CURVE()
B_SPLINE_CURVE(3,(#5109,#5116,#5117,#5118),.UNSPECIFIED.,.F.,.F.)
B_SPLINE_CURVE_WITH_KNOTS((4,4),(0.000,1.000),.UNSPECIFIED.)
CURVE()
GEOMETRIC_REPRESENTATION_ITEM()
RATIONAL_B_SPLINE_CURVE((1.0000000000,1.0000000000,1.0000000000,1.0000000000))
REPRESENTATION_ITEM('')
);

#5120=VERTEX_POINT('',#5118);
#5121=EDGE_CURVE('',#5111,#5120,#5114,.T.);
#5122=ORIENTED_EDGE('',*,*,#5121,.T.);
#5125=CARTESIAN_POINT('',(-1.13310,-4.68035,-13.45278));
#5126=CARTESIAN_POINT('',(-1.01903,-4.70000,-13.46196));
#5127=CARTESIAN_POINT('',(-0.90645,-4.70000,-13.46953));
#5123=(
BOUNDED_CURVE()
B_SPLINE_CURVE(3,(#5118,#5125,#5126,#5127),.UNSPECIFIED.,.F.,.F.)
B_SPLINE_CURVE_WITH_KNOTS((4,4),(0.000,1.000),.UNSPECIFIED.)
CURVE()
GEOMETRIC_REPRESENTATION_ITEM()
RATIONAL_B_SPLINE_CURVE((1.0000000000,1.0000000000,1.0000000000,1.0000000000))
REPRESENTATION_ITEM('')
);

#5129=VERTEX_POINT('',#5127);
#5130=EDGE_CURVE('',#5120,#5129,#5123,.T.);
#5131=ORIENTED_EDGE('',*,*,#5130,.T.);
#5134=CARTESIAN_POINT('',(-0.54882,-4.70000,-13.49360));
#5135=CARTESIAN_POINT('',(-0.15165,-4.44709,-13.50000));
#5132=(
BOUNDED_CURVE()
B_SPLINE_CURVE(3,(#5127,#5134,#5135,#4597),.UNSPECIFIED.,.F.,.F.)
B_SPLINE_CURVE_WITH_KNOTS((4,4),(0.000,1.000),.UNSPECIFIED.)
CURVE()
GEOMETRIC_REPRESENTATION_ITEM()
RATIONAL_B_SPLINE_CURVE((1.0000000000,1.0000000000,1.0000000000,1.0000000000))
REPRESENTATION_ITEM('')
);

#5139=EDGE_CURVE('',#5129,#4599,#5132,.T.);
#5140=ORIENTED_EDGE('',*,*,#5139,.T.);
#5145=ORIENTED_EDGE('',*,*,#4600,.F.);
#5146=EDGE_LOOP('',(#5064,#5071,#5079,#5086,#5095,#5104,#5113,#5122,#5131,#5140,#5145));
#5147=FACE_OUTER_BOUND('',#5146,.T.);
#5148=CARTESIAN_POINT('',(-13.40217,-3.70000,-1.62231));
#5149=VERTEX_POINT('',#5148);
#5152=CARTESIAN_POINT('',(-13.40217,-4.08498,-1.62231));
#5153=CARTESIAN_POINT('',(-13.36701,-4.51432,-1.92479));
#5154=CARTESIAN_POINT('',(-13.30564,-4.64271,-2.28250));
#5150=(
BOUNDED_CURVE()
B_SPLINE_CURVE(3,(#5148,#5152,#5153,#5154),.UNSPECIFIED.,.F.,.F.)
B_SPLINE_CURVE_WITH_KNOTS((4,4),(0.000,1.000),.UNSPECIFIED.)
CURVE()
GEOMETRIC_REPRESENTATION_ITEM()
RATIONAL_B_SPLINE_CURVE((1.0000000000,1.0000000000,1.0000000000,1.0000000000))
REPRESENTATION_ITEM('')
);

#5156=VERTEX_POINT('',#5154);
#5157=EDGE_CURVE('',#5149,#5156,#5150,.T.);
#5158=ORIENTED_EDGE('',*,*,#5157,.T.);
#5161=CARTESIAN_POINT('',(-13.28766,-4.68035,-2.38735));
#5162=CARTESIAN_POINT('',(-13.26700,-4.70000,-2.49990));
#5163=CARTESIAN_POINT('',(-13.24518,-4.70000,-2.61061));
#5159=(
BOUNDED_CURVE()
B_SPLINE_CURVE(3,(#5154,#5161,#5162,#5163),.UNSPECIFIED.,.F.,.F.)
B_SPLINE_CURVE_WITH_KNOTS((4,4),(0.000,1.000),.UNSPECIFIED.)
CURVE()
GEOMETRIC_REPRESENTATION_ITEM()
RATIONAL_B_SPLINE_CURVE((1.0000000000,1.0000000000,1.0000000000,1.0000000000))
REPRESENTATION_ITEM('')
);

#5165=VERTEX_POINT('',#5163);
#5166=EDGE_CURVE('',#5156,#5165,#5159,.T.);
#5167=ORIENTED_EDGE('',*,*,#5166,.T.);
#5170=CARTESIAN_POINT('',(-13.17073,-4.70000,-2.98832));
#5171=CARTESIAN_POINT('',(-13.06419,-4.39643,-3.40492));
#5172=CARTESIAN_POINT('',(-13.03054,-4.03360,-3.52915));
#5168=(
BOUNDED_CURVE()
B_SPLINE_CURVE(3,(#5163,#5170,#5171,#5172),.UNSPECIFIED.,.F.,.F.)
B_SPLINE_CURVE_WITH_KNOTS((4,4),(0.000,1.000),.UNSPECIFIED.)
CURVE()
GEOMETRIC_REPRESENTATION_ITEM()
RATIONAL_B_SPLINE_CURVE((1.0000000000,1.0000000000,1.0000000000,1.0000000000))
REPRESENTATION_ITEM('')
);

#5174=VERTEX_POINT('',#5172);
#5175=EDGE_CURVE('',#5165,#5174,#5168,.T.);
#5176=ORIENTED_EDGE('',*,*,#5175,.T.);
#5179=CARTESIAN_POINT('',(-13.02068,-3.92726,-3.56557));
#5180=CARTESIAN_POINT('',(-13.01541,-3.81284,-3.58456));
#5181=CARTESIAN_POINT('',(-13.01541,-3.70000,-3.58456));
#5177=(
BOUNDED_CURVE()
B_SPLINE_CURVE(3,(#5172,#5179,#5180,#5181),.UNSPECIFIED.,.F.,.F.)
B_SPLINE_CURVE_WITH_KNOTS((4,4),(0.000,1.000),.UNSPECIFIED.)
CURVE()
GEOMETRIC_REPRESENTATION_ITEM()
RATIONAL_B_SPLINE_CURVE((1.0000000000,1.0000000000,1.0000000000,1.0000000000))
REPRESENTATION_ITEM('')
);

#5183=VERTEX_POINT('',#5181);
#5184=EDGE_CURVE('',#5174,#5183,#5177,.T.);
#5185=ORIENTED_EDGE('',*,*,#5184,.T.);
#5188=CARTESIAN_POINT('',(-13.01541,-3.31502,-3.58456));
#5189=CARTESIAN_POINT('',(-13.09766,-2.88568,-3.29136));
#5190=CARTESIAN_POINT('',(-13.17662,-2.75729,-2.93712));
#5186=(
BOUNDED_CURVE()
B_SPLINE_CURVE(3,(#5181,#5188,#5189,#5190),.UNSPECIFIED.,.F.,.F.)
B_SPLINE_CURVE_WITH_KNOTS((4,4),(0.000,1.000),.UNSPECIFIED.)
CURVE()
GEOMETRIC_REPRESENTATION_ITEM()
RATIONAL_B_SPLINE_CURVE((1.0000000000,1.0000000000,1.0000000000,1.0000000000))
REPRESENTATION_ITEM('')
);

#5192=VERTEX_POINT('',#5190);
#5193=EDGE_CURVE('',#5183,#5192,#5186,.T.);
#5194=ORIENTED_EDGE('',*,*,#5193,.T.);
#5197=CARTESIAN_POINT('',(-13.19977,-2.71965,-2.83329));
#5198=CARTESIAN_POINT('',(-13.22336,-2.70000,-2.72131));
#5199=CARTESIAN_POINT('',(-13.24518,-2.70000,-2.61061));
#5195=(
BOUNDED_CURVE()
B_SPLINE_CURVE(3,(#5190,#5197,#5198,#5199),.UNSPECIFIED.,.F.,.F.)
B_SPLINE_CURVE_WITH_KNOTS((4,4),(0.000,1.000),.UNSPECIFIED.)
CURVE()
GEOMETRIC_REPRESENTATION_ITEM()
RATIONAL_B_SPLINE_CURVE((1.0000000000,1.0000000000,1.0000000000,1.0000000000))
REPRESENTATION_ITEM('')
);

#5201=VERTEX_POINT('',#5199);
#5202=EDGE_CURVE('',#5192,#5201,#5195,.T.);
#5203=ORIENTED_EDGE('',*,*,#5202,.T.);
#5206=CARTESIAN_POINT('',(-13.31962,-2.70000,-2.23289));
#5207=CARTESIAN_POINT('',(-13.37913,-3.00357,-1.80702));
#5208=CARTESIAN_POINT('',(-13.39514,-3.36640,-1.67931));
#5204=(
BOUNDED_CURVE()
B_SPLINE_CURVE(3,(#5199,#5206,#5207,#5208),.UNSPECIFIED.,.F.,.F.)
B_SPLINE_CURVE_WITH_KNOTS((4,4),(0.000,1.000),.UNSPECIFIED.)
CURVE()
GEOMETRIC_REPRESENTATION_ITEM()
RATIONAL_B_SPLINE_CURVE((1.0000000000,1.0000000000,1.0000000000,1.0000000000))
REPRESENTATION_ITEM('')
);

#5210=VERTEX_POINT('',#5208);
#5211=EDGE_CURVE('',#5201,#5210,#5204,.T.);
#5212=ORIENTED_EDGE('',*,*,#5211,.T.);
#5215=CARTESIAN_POINT('',(-13.39984,-3.47274,-1.64188));
#5216=CARTESIAN_POINT('',(-13.40217,-3.58716,-1.62231));
#5213=(
BOUNDED_CURVE()
B_SPLINE_CURVE(3,(#5208,#5215,#5216,#5148),.UNSPECIFIED.,.F.,.F.)
B_SPLINE_CURVE_WITH_KNOTS((4,4),(0.000,1.000),.UNSPECIFIED.)
CURVE()
GEOMETRIC_REPRESENTATION_ITEM()
RATIONAL_B_SPLINE_CURVE((1.0000000000,1.0000000000,1.0000000000,1.0000000000))
REPRESENTATION_ITEM('')
);

#5218=EDGE_CURVE('',#5210,#5149,#5213,.T.);
#5219=ORIENTED_EDGE('',*,*,#5218,.T.);
#5220=EDGE_LOOP('',(#5158,#5167,#5176,#5185,#5194,#5203,#5212,#5219));
#5221=FACE_BOUND('',#5220,.T.);
#5222=CARTESIAN_POINT('',(-12.11818,-4.70000,-5.94976));
#5223=VERTEX_POINT('',#5222);
#5226=CARTESIAN_POINT('',(-11.94852,-4.70000,-6.29533));
#5227=CARTESIAN_POINT('',(-11.73778,-4.39643,-6.67016));
#5228=CARTESIAN_POINT('',(-11.67313,-4.03360,-6.78145));
#5224=(
BOUNDED_CURVE()
B_SPLINE_CURVE(3,(#5222,#5226,#5227,#5228),.UNSPECIFIED.,.F.,.F.)
B_SPLINE_CURVE_WITH_KNOTS((4,4),(0.000,1.000),.UNSPECIFIED.)
CURVE()
GEOMETRIC_REPRESENTATION_ITEM()
RATIONAL_B_SPLINE_CURVE((1.0000000000,1.0000000000,1.0000000000,1.0000000000))
REPRESENTATION_ITEM('')
);

#5230=VERTEX_POINT('',#5228);
#5231=EDGE_CURVE('',#5223,#5230,#5224,.T.);
#5232=ORIENTED_EDGE('',*,*,#5231,.T.);
#5235=CARTESIAN_POINT('',(-11.65418,-3.92726,-6.81407));
#5236=CARTESIAN_POINT('',(-11.64417,-3.81284,-6.83105));
#5237=CARTESIAN_POINT('',(-11.64417,-3.70000,-6.83105));
#5233=(
BOUNDED_CURVE()
B_SPLINE_CURVE(3,(#5228,#5235,#5236,#5237),.UNSPECIFIED.,.F.,.F.)
B_SPLINE_CURVE_WITH_KNOTS((4,4),(0.000,1.000),.UNSPECIFIED.)
CURVE()
GEOMETRIC_REPRESENTATION_ITEM()
RATIONAL_B_SPLINE_CURVE((1.0000000000,1.0000000000,1.0000000000,1.0000000000))
REPRESENTATION_ITEM('')
);

#5239=VERTEX_POINT('',#5237);
#5240=EDGE_CURVE('',#5230,#5239,#5233,.T.);
#5241=ORIENTED_EDGE('',*,*,#5240,.T.);
#5244=CARTESIAN_POINT('',(-11.64417,-3.31502,-6.83105));
#5245=CARTESIAN_POINT('',(-11.79950,-2.88568,-6.56913));
#5246=CARTESIAN_POINT('',(-11.96746,-2.75729,-6.24740));
#5242=(
BOUNDED_CURVE()
B_SPLINE_CURVE(3,(#5237,#5244,#5245,#5246),.UNSPECIFIED.,.F.,.F.)
B_SPLINE_CURVE_WITH_KNOTS((4,4),(0.000,1.000),.UNSPECIFIED.)
CURVE()
GEOMETRIC_REPRESENTATION_ITEM()
RATIONAL_B_SPLINE_CURVE((1.0000000000,1.0000000000,1.0000000000,1.0000000000))
REPRESENTATION_ITEM('')
);

#5248=VERTEX_POINT('',#5246);
#5249=EDGE_CURVE('',#5239,#5248,#5242,.T.);
#5250=ORIENTED_EDGE('',*,*,#5249,.T.);
#5253=CARTESIAN_POINT('',(-12.01669,-2.71965,-6.15310));
#5254=CARTESIAN_POINT('',(-12.06845,-2.70000,-6.05104));
#5255=CARTESIAN_POINT('',(-12.11818,-2.70000,-5.94976));
#5251=(
BOUNDED_CURVE()
B_SPLINE_CURVE(3,(#5246,#5253,#5254,#5255),.UNSPECIFIED.,.F.,.F.)
B_SPLINE_CURVE_WITH_KNOTS((4,4),(0.000,1.000),.UNSPECIFIED.)
CURVE()
GEOMETRIC_REPRESENTATION_ITEM()
RATIONAL_B_SPLINE_CURVE((1.0000000000,1.0000000000,1.0000000000,1.0000000000))
REPRESENTATION_ITEM('')
);

#5257=VERTEX_POINT('',#5255);
#5258=EDGE_CURVE('',#5248,#5257,#5251,.T.);
#5259=ORIENTED_EDGE('',*,*,#5258,.T.);
#5262=CARTESIAN_POINT('',(-12.28785,-2.70000,-5.60418));
#5263=CARTESIAN_POINT('',(-12.45556,-3.00357,-5.20823));
#5264=CARTESIAN_POINT('',(-12.50408,-3.36640,-5.08901));
#5260=(
BOUNDED_CURVE()
B_SPLINE_CURVE(3,(#5255,#5262,#5263,#5264),.UNSPECIFIED.,.F.,.F.)
B_SPLINE_CURVE_WITH_KNOTS((4,4),(0.000,1.000),.UNSPECIFIED.)
CURVE()
GEOMETRIC_REPRESENTATION_ITEM()
RATIONAL_B_SPLINE_CURVE((1.0000000000,1.0000000000,1.0000000000,1.0000000000))
REPRESENTATION_ITEM('')
);

#5266=VERTEX_POINT('',#5264);
#5267=EDGE_CURVE('',#5257,#5266,#5260,.T.);
#5268=ORIENTED_EDGE('',*,*,#5267,.T.);
#5271=CARTESIAN_POINT('',(-12.51830,-3.47274,-5.05407));
#5272=CARTESIAN_POINT('',(-12.52562,-3.58716,-5.03577));
#5273=CARTESIAN_POINT('',(-12.52562,-3.70000,-5.03577));
#5269=(
BOUNDED_CURVE()
B_SPLINE_CURVE(3,(#5264,#5271,#5272,#5273),.UNSPECIFIED.,.F.,.F.)
B_SPLINE_CURVE_WITH_KNOTS((4,4),(0.000,1.000),.UNSPECIFIED.)
CURVE()
GEOMETRIC_REPRESENTATION_ITEM()
RATIONAL_B_SPLINE_CURVE((1.0000000000,1.0000000000,1.0000000000,1.0000000000))
REPRESENTATION_ITEM('')
);

#5275=VERTEX_POINT('',#5273);
#5276=EDGE_CURVE('',#5266,#5275,#5269,.T.);
#5277=ORIENTED_EDGE('',*,*,#5276,.T.);
#5280=CARTESIAN_POINT('',(-12.52562,-4.08498,-5.03577));
#5281=CARTESIAN_POINT('',(-12.41337,-4.51432,-5.31884));
#5282=CARTESIAN_POINT('',(-12.26151,-4.64271,-5.64848));
#5278=(
BOUNDED_CURVE()
B_SPLINE_CURVE(3,(#5273,#5280,#5281,#5282),.UNSPECIFIED.,.F.,.F.)
B_SPLINE_CURVE_WITH_KNOTS((4,4),(0.000,1.000),.UNSPECIFIED.)
CURVE()
GEOMETRIC_REPRESENTATION_ITEM()
RATIONAL_B_SPLINE_CURVE((1.0000000000,1.0000000000,1.0000000000,1.0000000000))
REPRESENTATION_ITEM('')
);

#5284=VERTEX_POINT('',#5282);
#5285=EDGE_CURVE('',#5275,#5284,#5278,.T.);
#5286=ORIENTED_EDGE('',*,*,#5285,.T.);
#5289=CARTESIAN_POINT('',(-12.21700,-4.68035,-5.74510));
#5290=CARTESIAN_POINT('',(-12.16791,-4.70000,-5.84847));
#5287=(
BOUNDED_CURVE()
B_SPLINE_CURVE(3,(#5282,#5289,#5290,#5222),.UNSPECIFIED.,.F.,.F.)
B_SPLINE_CURVE_WITH_KNOTS((4,4),(0.000,1.000),.UNSPECIFIED.)
CURVE()
GEOMETRIC_REPRESENTATION_ITEM()
RATIONAL_B_SPLINE_CURVE((1.0000000000,1.0000000000,1.0000000000,1.0000000000))
REPRESENTATION_ITEM('')
);

#5292=EDGE_CURVE('',#5284,#5223,#5287,.T.);
#5293=ORIENTED_EDGE('',*,*,#5292,.T.);
#5294=EDGE_LOOP('',(#5232,#5241,#5250,#5259,#5268,#5277,#5286,#5293));
#5295=FACE_BOUND('',#5294,.T.);
#5296=CARTESIAN_POINT('',(-9.47940,-3.70000,-9.61202));
#5297=VERTEX_POINT('',#5296);
#5300=CARTESIAN_POINT('',(-9.47940,-3.31502,-9.61202));
#5301=CARTESIAN_POINT('',(-9.69723,-2.88568,-9.39923));
#5302=CARTESIAN_POINT('',(-9.94273,-2.75729,-9.13193));
#5298=(
BOUNDED_CURVE()
B_SPLINE_CURVE(3,(#5296,#5300,#5301,#5302),.UNSPECIFIED.,.F.,.F.)
B_SPLINE_CURVE_WITH_KNOTS((4,4),(0.000,1.000),.UNSPECIFIED.)
CURVE()
GEOMETRIC_REPRESENTATION_ITEM()
RATIONAL_B_SPLINE_CURVE((1.0000000000,1.0000000000,1.0000000000,1.0000000000))
REPRESENTATION_ITEM('')
);

#5304=VERTEX_POINT('',#5302);
#5305=EDGE_CURVE('',#5297,#5304,#5298,.T.);
#5306=ORIENTED_EDGE('',*,*,#5305,.T.);
#5309=CARTESIAN_POINT('',(-10.01469,-2.71965,-9.05358));
#5310=CARTESIAN_POINT('',(-10.09111,-2.70000,-8.96841));
#5311=CARTESIAN_POINT('',(-10.16536,-2.70000,-8.88344));
#5307=(
BOUNDED_CURVE()
B_SPLINE_CURVE(3,(#5302,#5309,#5310,#5311),.UNSPECIFIED.,.F.,.F.)
B_SPLINE_CURVE_WITH_KNOTS((4,4),(0.000,1.000),.UNSPECIFIED.)
CURVE()
GEOMETRIC_REPRESENTATION_ITEM()
RATIONAL_B_SPLINE_CURVE((1.0000000000,1.0000000000,1.0000000000,1.0000000000))
REPRESENTATION_ITEM('')
);

#5313=VERTEX_POINT('',#5311);
#5314=EDGE_CURVE('',#5304,#5313,#5307,.T.);
#5315=ORIENTED_EDGE('',*,*,#5314,.T.);
#5318=CARTESIAN_POINT('',(-10.41869,-2.70000,-8.59356));
#5319=CARTESIAN_POINT('',(-10.68316,-3.00357,-8.25450));
#5320=CARTESIAN_POINT('',(-10.76088,-3.36640,-8.15190));
#5316=(
BOUNDED_CURVE()
B_SPLINE_CURVE(3,(#5311,#5318,#5319,#5320),.UNSPECIFIED.,.F.,.F.)
B_SPLINE_CURVE_WITH_KNOTS((4,4),(0.000,1.000),.UNSPECIFIED.)
CURVE()
GEOMETRIC_REPRESENTATION_ITEM()
RATIONAL_B_SPLINE_CURVE((1.0000000000,1.0000000000,1.0000000000,1.0000000000))
REPRESENTATION_ITEM('')
);

#5322=VERTEX_POINT('',#5320);
#5323=EDGE_CURVE('',#5313,#5322,#5316,.T.);
#5324=ORIENTED_EDGE('',*,*,#5323,.T.);
#5327=CARTESIAN_POINT('',(-10.78366,-3.47274,-8.12183));
#5328=CARTESIAN_POINT('',(-10.79546,-3.58716,-8.10605));
#5329=CARTESIAN_POINT('',(-10.79546,-3.70000,-8.10605));
#5325=(
BOUNDED_CURVE()
B_SPLINE_CURVE(3,(#5320,#5327,#5328,#5329),.UNSPECIFIED.,.F.,.F.)
B_SPLINE_CURVE_WITH_KNOTS((4,4),(0.000,1.000),.UNSPECIFIED.)
CURVE()
GEOMETRIC_REPRESENTATION_ITEM()
RATIONAL_B_SPLINE_CURVE((1.0000000000,1.0000000000,1.0000000000,1.0000000000))
REPRESENTATION_ITEM('')
);

#5331=VERTEX_POINT('',#5329);
#5332=EDGE_CURVE('',#5322,#5331,#5325,.T.);
#5333=ORIENTED_EDGE('',*,*,#5332,.T.);
#5336=CARTESIAN_POINT('',(-10.79546,-4.08498,-8.10605));
#5337=CARTESIAN_POINT('',(-10.61377,-4.51432,-8.35042));
#5338=CARTESIAN_POINT('',(-10.38177,-4.64271,-8.62953));
#5334=(
BOUNDED_CURVE()
B_SPLINE_CURVE(3,(#5329,#5336,#5337,#5338),.UNSPECIFIED.,.F.,.F.)
B_SPLINE_CURVE_WITH_KNOTS((4,4),(0.000,1.000),.UNSPECIFIED.)
CURVE()
GEOMETRIC_REPRESENTATION_ITEM()
RATIONAL_B_SPLINE_CURVE((1.0000000000,1.0000000000,1.0000000000,1.0000000000))
REPRESENTATION_ITEM('')
);

#5340=VERTEX_POINT('',#5338);
#5341=EDGE_CURVE('',#5331,#5340,#5334,.T.);
#5342=ORIENTED_EDGE('',*,*,#5341,.T.);
#5345=CARTESIAN_POINT('',(-10.31378,-4.68035,-8.71133));
#5346=CARTESIAN_POINT('',(-10.23961,-4.70000,-8.79848));
#5347=CARTESIAN_POINT('',(-10.16536,-4.70000,-8.88344));
#5343=(
BOUNDED_CURVE()
B_SPLINE_CURVE(3,(#5338,#5345,#5346,#5347),.UNSPECIFIED.,.F.,.F.)
B_SPLINE_CURVE_WITH_KNOTS((4,4),(0.000,1.000),.UNSPECIFIED.)
CURVE()
GEOMETRIC_REPRESENTATION_ITEM()
RATIONAL_B_SPLINE_CURVE((1.0000000000,1.0000000000,1.0000000000,1.0000000000))
REPRESENTATION_ITEM('')
);

#5349=VERTEX_POINT('',#5347);
#5350=EDGE_CURVE('',#5340,#5349,#5343,.T.);
#5351=ORIENTED_EDGE('',*,*,#5350,.T.);
#5354=CARTESIAN_POINT('',(-9.91203,-4.70000,-9.17333));
#5355=CARTESIAN_POINT('',(-9.61146,-4.39643,-9.48084));
#5356=CARTESIAN_POINT('',(-9.52021,-4.03360,-9.57161));
#5352=(
BOUNDED_CURVE()
B_SPLINE_CURVE(3,(#5347,#5354,#5355,#5356),.UNSPECIFIED.,.F.,.F.)
B_SPLINE_CURVE_WITH_KNOTS((4,4),(0.000,1.000),.UNSPECIFIED.)
CURVE()
GEOMETRIC_REPRESENTATION_ITEM()
RATIONAL_B_SPLINE_CURVE((1.0000000000,1.0000000000,1.0000000000,1.0000000000))
REPRESENTATION_ITEM('')
);

#5358=VERTEX_POINT('',#5356);
#5359=EDGE_CURVE('',#5349,#5358,#5352,.T.);
#5360=ORIENTED_EDGE('',*,*,#5359,.T.);
#5363=CARTESIAN_POINT('',(-9.49346,-3.92726,-9.59821));
#5364=CARTESIAN_POINT('',(-9.47940,-3.81284,-9.61202));
#5361=(
BOUNDED_CURVE()
B_SPLINE_CURVE(3,(#5356,#5363,#5364,#5296),.UNSPECIFIED.,.F.,.F.)
B_SPLINE_CURVE_WITH_KNOTS((4,4),(0.000,1.000),.UNSPECIFIED.)
CURVE()
GEOMETRIC_REPRESENTATION_ITEM()
RATIONAL_B_SPLINE_CURVE((1.0000000000,1.0000000000,1.0000000000,1.0000000000))
REPRESENTATION_ITEM('')
);

#5366=EDGE_CURVE('',#5358,#5297,#5361,.T.);
#5367=ORIENTED_EDGE('',*,*,#5366,.T.);
#5368=EDGE_LOOP('',(#5306,#5315,#5324,#5333,#5342,#5351,#5360,#5367));
#5369=FACE_BOUND('',#5368,.T.);
#5370=CARTESIAN_POINT('',(-7.51978,-2.70000,-11.21173));
#5371=VERTEX_POINT('',#5370);
#5374=CARTESIAN_POINT('',(-7.83950,-2.70000,-10.99729));
#5375=CARTESIAN_POINT('',(-8.18272,-3.00357,-10.73824));
#5376=CARTESIAN_POINT('',(-8.28434,-3.36640,-10.65925));
#5372=(
BOUNDED_CURVE()
B_SPLINE_CURVE(3,(#5370,#5374,#5375,#5376),.UNSPECIFIED.,.F.,.F.)
B_SPLINE_CURVE_WITH_KNOTS((4,4),(0.000,1.000),.UNSPECIFIED.)
CURVE()
GEOMETRIC_REPRESENTATION_ITEM()
RATIONAL_B_SPLINE_CURVE((1.0000000000,1.0000000000,1.0000000000,1.0000000000))
REPRESENTATION_ITEM('')
);

#5378=VERTEX_POINT('',#5376);
#5379=EDGE_CURVE('',#5371,#5378,#5372,.T.);
#5380=ORIENTED_EDGE('',*,*,#5379,.T.);
#5383=CARTESIAN_POINT('',(-8.31413,-3.47274,-10.63610));
#5384=CARTESIAN_POINT('',(-8.32962,-3.58716,-10.62391));
#5385=CARTESIAN_POINT('',(-8.32962,-3.70000,-10.62391));
#5381=(
BOUNDED_CURVE()
B_SPLINE_CURVE(3,(#5376,#5383,#5384,#5385),.UNSPECIFIED.,.F.,.F.)
B_SPLINE_CURVE_WITH_KNOTS((4,4),(0.000,1.000),.UNSPECIFIED.)
CURVE()
GEOMETRIC_REPRESENTATION_ITEM()
RATIONAL_B_SPLINE_CURVE((1.0000000000,1.0000000000,1.0000000000,1.0000000000))
REPRESENTATION_ITEM('')
);

#5387=VERTEX_POINT('',#5385);
#5388=EDGE_CURVE('',#5378,#5387,#5381,.T.);
#5389=ORIENTED_EDGE('',*,*,#5388,.T.);
#5392=CARTESIAN_POINT('',(-8.32962,-4.08498,-10.62391));
#5393=CARTESIAN_POINT('',(-8.09087,-4.51432,-10.81293));
#5394=CARTESIAN_POINT('',(-7.79454,-4.64271,-11.02248));
#5390=(
BOUNDED_CURVE()
B_SPLINE_CURVE(3,(#5385,#5392,#5393,#5394),.UNSPECIFIED.,.F.,.F.)
B_SPLINE_CURVE_WITH_KNOTS((4,4),(0.000,1.000),.UNSPECIFIED.)
CURVE()
GEOMETRIC_REPRESENTATION_ITEM()
RATIONAL_B_SPLINE_CURVE((1.0000000000,1.0000000000,1.0000000000,1.0000000000))
REPRESENTATION_ITEM('')
);

#5396=VERTEX_POINT('',#5394);
#5397=EDGE_CURVE('',#5387,#5396,#5390,.T.);
#5398=ORIENTED_EDGE('',*,*,#5397,.T.);
#5401=CARTESIAN_POINT('',(-7.70768,-4.68035,-11.08390));
#5402=CARTESIAN_POINT('',(-7.61349,-4.70000,-11.14888));
#5403=CARTESIAN_POINT('',(-7.51978,-4.70000,-11.21173));
#5399=(
BOUNDED_CURVE()
B_SPLINE_CURVE(3,(#5394,#5401,#5402,#5403),.UNSPECIFIED.,.F.,.F.)
B_SPLINE_CURVE_WITH_KNOTS((4,4),(0.000,1.000),.UNSPECIFIED.)
CURVE()
GEOMETRIC_REPRESENTATION_ITEM()
RATIONAL_B_SPLINE_CURVE((1.0000000000,1.0000000000,1.0000000000,1.0000000000))
REPRESENTATION_ITEM('')
);

#5405=VERTEX_POINT('',#5403);
#5406=EDGE_CURVE('',#5396,#5405,#5399,.T.);
#5407=ORIENTED_EDGE('',*,*,#5406,.T.);
#5410=CARTESIAN_POINT('',(-7.20005,-4.70000,-11.42617));
#5411=CARTESIAN_POINT('',(-6.83014,-4.39643,-11.64542));
#5412=CARTESIAN_POINT('',(-6.71850,-4.03360,-11.70947));
#5408=(
BOUNDED_CURVE()
B_SPLINE_CURVE(3,(#5403,#5410,#5411,#5412),.UNSPECIFIED.,.F.,.F.)
B_SPLINE_CURVE_WITH_KNOTS((4,4),(0.000,1.000),.UNSPECIFIED.)
CURVE()
GEOMETRIC_REPRESENTATION_ITEM()
RATIONAL_B_SPLINE_CURVE((1.0000000000,1.0000000000,1.0000000000,1.0000000000))
REPRESENTATION_ITEM('')
);

#5414=VERTEX_POINT('',#5412);
#5415=EDGE_CURVE('',#5405,#5414,#5408,.T.);
#5416=ORIENTED_EDGE('',*,*,#5415,.T.);
#5419=CARTESIAN_POINT('',(-6.68578,-3.92726,-11.72825));
#5420=CARTESIAN_POINT('',(-6.66862,-3.81284,-11.73795));
#5421=CARTESIAN_POINT('',(-6.66862,-3.70000,-11.73795));
#5417=(
BOUNDED_CURVE()
B_SPLINE_CURVE(3,(#5412,#5419,#5420,#5421),.UNSPECIFIED.,.F.,.F.)
B_SPLINE_CURVE_WITH_KNOTS((4,4),(0.000,1.000),.UNSPECIFIED.)
CURVE()
GEOMETRIC_REPRESENTATION_ITEM()
RATIONAL_B_SPLINE_CURVE((1.0000000000,1.0000000000,1.0000000000,1.0000000000))
REPRESENTATION_ITEM('')
);

#5423=VERTEX_POINT('',#5421);
#5424=EDGE_CURVE('',#5414,#5423,#5417,.T.);
#5425=ORIENTED_EDGE('',*,*,#5424,.T.);
#5428=CARTESIAN_POINT('',(-6.66862,-3.31502,-11.73795));
#5429=CARTESIAN_POINT('',(-6.93410,-2.88568,-11.58879));
#5430=CARTESIAN_POINT('',(-7.24042,-2.75729,-11.39413));
#5426=(
BOUNDED_CURVE()
B_SPLINE_CURVE(3,(#5421,#5428,#5429,#5430),.UNSPECIFIED.,.F.,.F.)
B_SPLINE_CURVE_WITH_KNOTS((4,4),(0.000,1.000),.UNSPECIFIED.)
CURVE()
GEOMETRIC_REPRESENTATION_ITEM()
RATIONAL_B_SPLINE_CURVE((1.0000000000,1.0000000000,1.0000000000,1.0000000000))
REPRESENTATION_ITEM('')
);

#5432=VERTEX_POINT('',#5430);
#5433=EDGE_CURVE('',#5423,#5432,#5426,.T.);
#5434=ORIENTED_EDGE('',*,*,#5433,.T.);
#5437=CARTESIAN_POINT('',(-7.33021,-2.71965,-11.33708));
#5438=CARTESIAN_POINT('',(-7.42607,-2.70000,-11.27458));
#5435=(
BOUNDED_CURVE()
B_SPLINE_CURVE(3,(#5430,#5437,#5438,#5370),.UNSPECIFIED.,.F.,.F.)
B_SPLINE_CURVE_WITH_KNOTS((4,4),(0.000,1.000),.UNSPECIFIED.)
CURVE()
GEOMETRIC_REPRESENTATION_ITEM()
RATIONAL_B_SPLINE_CURVE((1.0000000000,1.0000000000,1.0000000000,1.0000000000))
REPRESENTATION_ITEM('')
);

#5440=EDGE_CURVE('',#5432,#5371,#5435,.T.);
#5441=ORIENTED_EDGE('',*,*,#5440,.T.);
#5442=EDGE_LOOP('',(#5380,#5389,#5398,#5407,#5416,#5425,#5434,#5441));
#5443=FACE_BOUND('',#5442,.T.);
#5444=CARTESIAN_POINT('',(-5.29612,-3.70000,-12.41777));
#5445=VERTEX_POINT('',#5444);
#5448=CARTESIAN_POINT('',(-5.29612,-4.08498,-12.41777));
#5449=CARTESIAN_POINT('',(-5.01659,-4.51432,-12.53856));
#5450=CARTESIAN_POINT('',(-4.67612,-4.64271,-12.66428));
#5446=(
BOUNDED_CURVE()
B_SPLINE_CURVE(3,(#5444,#5448,#5449,#5450),.UNSPECIFIED.,.F.,.F.)
B_SPLINE_CURVE_WITH_KNOTS((4,4),(0.000,1.000),.UNSPECIFIED.)
CURVE()
GEOMETRIC_REPRESENTATION_ITEM()
RATIONAL_B_SPLINE_CURVE((1.0000000000,1.0000000000,1.0000000000,1.0000000000))
REPRESENTATION_ITEM('')
);

#5452=VERTEX_POINT('',#5450);
#5453=EDGE_CURVE('',#5445,#5452,#5446,.T.);
#5454=ORIENTED_EDGE('',*,*,#5453,.T.);
#5457=CARTESIAN_POINT('',(-4.57633,-4.68035,-12.70112));
#5458=CARTESIAN_POINT('',(-4.46852,-4.70000,-12.73951));
#5459=CARTESIAN_POINT('',(-4.36174,-4.70000,-12.77596));
#5455=(
BOUNDED_CURVE()
B_SPLINE_CURVE(3,(#5450,#5457,#5458,#5459),.UNSPECIFIED.,.F.,.F.)
B_SPLINE_CURVE_WITH_KNOTS((4,4),(0.000,1.000),.UNSPECIFIED.)
CURVE()
GEOMETRIC_REPRESENTATION_ITEM()
RATIONAL_B_SPLINE_CURVE((1.0000000000,1.0000000000,1.0000000000,1.0000000000))
REPRESENTATION_ITEM('')
);

#5461=VERTEX_POINT('',#5459);
#5462=EDGE_CURVE('',#5452,#5461,#5455,.T.);
#5463=ORIENTED_EDGE('',*,*,#5462,.T.);
#5466=CARTESIAN_POINT('',(-3.99741,-4.70000,-12.90035));
#5467=CARTESIAN_POINT('',(-3.58335,-4.39643,-13.01638));
#5468=CARTESIAN_POINT('',(-3.45894,-4.03360,-13.04936));
#5464=(
BOUNDED_CURVE()
B_SPLINE_CURVE(3,(#5459,#5466,#5467,#5468),.UNSPECIFIED.,.F.,.F.)
B_SPLINE_CURVE_WITH_KNOTS((4,4),(0.000,1.000),.UNSPECIFIED.)
CURVE()
GEOMETRIC_REPRESENTATION_ITEM()
RATIONAL_B_SPLINE_CURVE((1.0000000000,1.0000000000,1.0000000000,1.0000000000))
REPRESENTATION_ITEM('')
);

#5470=VERTEX_POINT('',#5468);
#5471=EDGE_CURVE('',#5461,#5470,#5464,.T.);
#5472=ORIENTED_EDGE('',*,*,#5471,.T.);
#5475=CARTESIAN_POINT('',(-3.42247,-3.92726,-13.05902));
#5476=CARTESIAN_POINT('',(-3.40339,-3.81284,-13.06396));
#5477=CARTESIAN_POINT('',(-3.40339,-3.70000,-13.06396));
#5473=(
BOUNDED_CURVE()
B_SPLINE_CURVE(3,(#5468,#5475,#5476,#5477),.UNSPECIFIED.,.F.,.F.)
B_SPLINE_CURVE_WITH_KNOTS((4,4),(0.000,1.000),.UNSPECIFIED.)
CURVE()
GEOMETRIC_REPRESENTATION_ITEM()
RATIONAL_B_SPLINE_CURVE((1.0000000000,1.0000000000,1.0000000000,1.0000000000))
REPRESENTATION_ITEM('')
);

#5479=VERTEX_POINT('',#5477);
#5480=EDGE_CURVE('',#5470,#5479,#5473,.T.);
#5481=ORIENTED_EDGE('',*,*,#5480,.T.);
#5484=CARTESIAN_POINT('',(-3.40339,-3.31502,-13.06396));
#5485=CARTESIAN_POINT('',(-3.69843,-2.88568,-12.98859));
#5486=CARTESIAN_POINT('',(-4.04469,-2.75729,-12.87985));
#5482=(
BOUNDED_CURVE()
B_SPLINE_CURVE(3,(#5477,#5484,#5485,#5486),.UNSPECIFIED.,.F.,.F.)
B_SPLINE_CURVE_WITH_KNOTS((4,4),(0.000,1.000),.UNSPECIFIED.)
CURVE()
GEOMETRIC_REPRESENTATION_ITEM()
RATIONAL_B_SPLINE_CURVE((1.0000000000,1.0000000000,1.0000000000,1.0000000000))
REPRESENTATION_ITEM('')
);

#5488=VERTEX_POINT('',#5486);
#5489=EDGE_CURVE('',#5479,#5488,#5482,.T.);
#5490=ORIENTED_EDGE('',*,*,#5489,.T.);
#5493=CARTESIAN_POINT('',(-4.14618,-2.71965,-12.84798));
#5494=CARTESIAN_POINT('',(-4.25495,-2.70000,-12.81242));
#5495=CARTESIAN_POINT('',(-4.36174,-2.70000,-12.77596));
#5491=(
BOUNDED_CURVE()
B_SPLINE_CURVE(3,(#5486,#5493,#5494,#5495),.UNSPECIFIED.,.F.,.F.)
B_SPLINE_CURVE_WITH_KNOTS((4,4),(0.000,1.000),.UNSPECIFIED.)
CURVE()
GEOMETRIC_REPRESENTATION_ITEM()
RATIONAL_B_SPLINE_CURVE((1.0000000000,1.0000000000,1.0000000000,1.0000000000))
REPRESENTATION_ITEM('')
);

#5497=VERTEX_POINT('',#5495);
#5498=EDGE_CURVE('',#5488,#5497,#5491,.T.);
#5499=ORIENTED_EDGE('',*,*,#5498,.T.);
#5502=CARTESIAN_POINT('',(-4.72607,-2.70000,-12.65158));
#5503=CARTESIAN_POINT('',(-5.12464,-3.00357,-12.49018));
#5504=CARTESIAN_POINT('',(-5.24324,-3.36640,-12.44019));
#5500=(
BOUNDED_CURVE()
B_SPLINE_CURVE(3,(#5495,#5502,#5503,#5504),.UNSPECIFIED.,.F.,.F.)
B_SPLINE_CURVE_WITH_KNOTS((4,4),(0.000,1.000),.UNSPECIFIED.)
CURVE()
GEOMETRIC_REPRESENTATION_ITEM()
RATIONAL_B_SPLINE_CURVE((1.0000000000,1.0000000000,1.0000000000,1.0000000000))
REPRESENTATION_ITEM('')
);

#5506=VERTEX_POINT('',#5504);
#5507=EDGE_CURVE('',#5497,#5506,#5500,.T.);
#5508=ORIENTED_EDGE('',*,*,#5507,.T.);
#5511=CARTESIAN_POINT('',(-5.27801,-3.47274,-12.42554));
#5512=CARTESIAN_POINT('',(-5.29612,-3.58716,-12.41777));
#5509=(
BOUNDED_CURVE()
B_SPLINE_CURVE(3,(#5504,#5511,#5512,#5444),.UNSPECIFIED.,.F.,.F.)
B_SPLINE_CURVE_WITH_KNOTS((4,4),(0.000,1.000),.UNSPECIFIED.)
CURVE()
GEOMETRIC_REPRESENTATION_ITEM()
RATIONAL_B_SPLINE_CURVE((1.0000000000,1.0000000000,1.0000000000,1.0000000000))
REPRESENTATION_ITEM('')
);

#5514=EDGE_CURVE('',#5506,#5445,#5509,.T.);
#5515=ORIENTED_EDGE('',*,*,#5514,.T.);
#5516=EDGE_LOOP('',(#5454,#5463,#5472,#5481,#5490,#5499,#5508,#5515));
#5517=FACE_BOUND('',#5516,.T.);
#5518=ADVANCED_FACE('',(#5147,#5221,#5295,#5369,#5443,#5517),#5048,.T.);
#5519=COLOUR_RGB('',0.39,0.39,0.39);
#5520=FILL_AREA_STYLE_COLOUR('',#5519);
#5521=FILL_AREA_STYLE('',(#5520));
#5522=SURFACE_STYLE_FILL_AREA(#5521);
#5523=SURFACE_STYLE_TRANSPARENT(0.00);
#5524=SURFACE_STYLE_RENDERING_WITH_PROPERTIES(.NORMAL_SHADING.,#5519,(#5523));
#5525=SURFACE_SIDE_STYLE('',(#5522, #5524));
#5526=SURFACE_STYLE_USAGE(.BOTH.,#5525);
#5527=PRESENTATION_STYLE_ASSIGNMENT((#5526));
#5528=STYLED_ITEM('',(#5527),#5518);

#5533=CARTESIAN_POINT('',(-13.50000,-2.00000,0.00000));
#5534=CARTESIAN_POINT('',(-13.50000,-2.00000,13.50000));
#5535=CARTESIAN_POINT('',(-0.00000,-2.00000,13.50000));
#5536=CARTESIAN_POINT('',(-13.25000,-2.00000,0.00000));
#5537=CARTESIAN_POINT('',(-13.25000,-2.00000,13.25000));
#5538=CARTESIAN_POINT('',(-0.00000,-2.00000,13.25000));
#5529=(
BOUNDED_SURFACE()
B_SPLINE_SURFACE(2,2,((#3592,#3594,#3596),(#5533,#5534,#5535),(#5536,#5537,#5538)),.UNSPECIFIED.,.F.,.F.,.F.)
B_SPLINE_SURFACE_WITH_KNOTS((3,3),(3,3),(0.000,1.000),(0.000,1.000),.UNSPECIFIED.)
GEOMETRIC_REPRESENTATION_ITEM()
RATIONAL_B_SPLINE_SURFACE(((1.0000000000,0.7071067812,1.0000000000),(0.7071067812,0.5000000000,0.7071067812),(1.0000000000,0.7071067812,1.0000000000)))
REPRESENTATION_ITEM('')
SURFACE()
);

#5540=VERTEX_POINT('',#5536);
#5541=(
BOUNDED_CURVE()
B_SPLINE_CURVE(2,(#5536,#5533,#3592),.UNSPECIFIED.,.F.,.F.)
B_SPLINE_CURVE_WITH_KNOTS((3,3),(0.000,1.000),.UNSPECIFIED.)
CURVE()
GEOMETRIC_REPRESENTATION_ITEM()
RATIONAL_B_SPLINE_CURVE((1.0000000000,0.7071067812,1.0000000000))
REPRESENTATION_ITEM('')
);

#5547=EDGE_CURVE('',#5540,#3639,#5541,.T.);
#5548=ORIENTED_EDGE('',*,*,#5547,.T.);
#5556=ORIENTED_EDGE('',*,*,#3640,.F.);
#5557=(
BOUNDED_CURVE()
B_SPLINE_CURVE(2,(#3596,#5535,#5538),.UNSPECIFIED.,.F.,.F.)
B_SPLINE_CURVE_WITH_KNOTS((3,3),(0.000,1.000),.UNSPECIFIED.)
CURVE()
GEOMETRIC_REPRESENTATION_ITEM()
RATIONAL_B_SPLINE_CURVE((1.0000000000,0.7071067812,1.0000000000))
REPRESENTATION_ITEM('')
);

#5562=VERTEX_POINT('',#5538);
#5563=EDGE_CURVE('',#3631,#5562,#5557,.T.);
#5564=ORIENTED_EDGE('',*,*,#5563,.T.);
#5565=(
BOUNDED_CURVE()
B_SPLINE_CURVE(2,(#5538,#5537,#5536),.UNSPECIFIED.,.F.,.F.)
B_SPLINE_CURVE_WITH_KNOTS((3,3),(0.000,1.000),.UNSPECIFIED.)
CURVE()
GEOMETRIC_REPRESENTATION_ITEM()
RATIONAL_B_SPLINE_CURVE((1.0000000000,0.7071067812,1.0000000000))
REPRESENTATION_ITEM('')
);

#5569=EDGE_CURVE('',#5562,#5540,#5565,.T.);
#5570=ORIENTED_EDGE('',*,*,#5569,.T.);
#5571=EDGE_LOOP('',(#5548,#5556,#5564,#5570));
#5572=FACE_OUTER_BOUND('',#5571,.T.);
#5573=ADVANCED_FACE('',(#5572),#5529,.T.);
#5574=COLOUR_RGB('',0.39,0.39,0.39);
#5575=FILL_AREA_STYLE_COLOUR('',#5574);
#5576=FILL_AREA_STYLE('',(#5575));
#5577=SURFACE_STYLE_FILL_AREA(#5576);
#5578=SURFACE_STYLE_TRANSPARENT(0.00);
#5579=SURFACE_STYLE_RENDERING_WITH_PROPERTIES(.NORMAL_SHADING.,#5574,(#5578));
#5580=SURFACE_SIDE_STYLE('',(#5577, #5579));
#5581=SURFACE_STYLE_USAGE(.BOTH.,#5580);
#5582=PRESENTATION_STYLE_ASSIGNMENT((#5581));
#5583=STYLED_ITEM('',(#5582),#5573);

#5589=CARTESIAN_POINT('',(13.50000,-2.00000,13.50000));
#5590=CARTESIAN_POINT('',(13.50000,-2.00000,0.00000));
#5592=CARTESIAN_POINT('',(13.25000,-2.00000,13.25000));
#5593=CARTESIAN_POINT('',(13.25000,-2.00000,0.00000));
#5584=(
BOUNDED_SURFACE()
B_SPLINE_SURFACE(2,2,((#3596,#4075,#4077),(#5535,#5589,#5590),(#5538,#5592,#5593)),.UNSPECIFIED.,.F.,.F.,.F.)
B_SPLINE_SURFACE_WITH_KNOTS((3,3),(3,3),(0.000,1.000),(0.000,1.000),.UNSPECIFIED.)
GEOMETRIC_REPRESENTATION_ITEM()
RATIONAL_B_SPLINE_SURFACE(((1.0000000000,0.7071067812,1.0000000000),(0.7071067812,0.5000000000,0.7071067812),(1.0000000000,0.7071067812,1.0000000000)))
REPRESENTATION_ITEM('')
SURFACE()
);

#5603=ORIENTED_EDGE('',*,*,#5563,.F.);
#5611=ORIENTED_EDGE('',*,*,#4188,.F.);
#5612=(
BOUNDED_CURVE()
B_SPLINE_CURVE(2,(#4077,#5590,#5593),.UNSPECIFIED.,.F.,.F.)
B_SPLINE_CURVE_WITH_KNOTS((3,3),(0.000,1.000),.UNSPECIFIED.)
CURVE()
GEOMETRIC_REPRESENTATION_ITEM()
RATIONAL_B_SPLINE_CURVE((1.0000000000,0.7071067812,1.0000000000))
REPRESENTATION_ITEM('')
);

#5617=VERTEX_POINT('',#5593);
#5618=EDGE_CURVE('',#4179,#5617,#5612,.T.);
#5619=ORIENTED_EDGE('',*,*,#5618,.T.);
#5620=(
BOUNDED_CURVE()
B_SPLINE_CURVE(2,(#5593,#5592,#5538),.UNSPECIFIED.,.F.,.F.)
B_SPLINE_CURVE_WITH_KNOTS((3,3),(0.000,1.000),.UNSPECIFIED.)
CURVE()
GEOMETRIC_REPRESENTATION_ITEM()
RATIONAL_B_SPLINE_CURVE((1.0000000000,0.7071067812,1.0000000000))
REPRESENTATION_ITEM('')
);

#5624=EDGE_CURVE('',#5617,#5562,#5620,.T.);
#5625=ORIENTED_EDGE('',*,*,#5624,.T.);
#5626=EDGE_LOOP('',(#5603,#5611,#5619,#5625));
#5627=FACE_OUTER_BOUND('',#5626,.T.);
#5628=ADVANCED_FACE('',(#5627),#5584,.T.);
#5629=COLOUR_RGB('',0.39,0.39,0.39);
#5630=FILL_AREA_STYLE_COLOUR('',#5629);
#5631=FILL_AREA_STYLE('',(#5630));
#5632=SURFACE_STYLE_FILL_AREA(#5631);
#5633=SURFACE_STYLE_TRANSPARENT(0.00);
#5634=SURFACE_STYLE_RENDERING_WITH_PROPERTIES(.NORMAL_SHADING.,#5629,(#5633));
#5635=SURFACE_SIDE_STYLE('',(#5632, #5634));
#5636=SURFACE_STYLE_USAGE(.BOTH.,#5635);
#5637=PRESENTATION_STYLE_ASSIGNMENT((#5636));
#5638=STYLED_ITEM('',(#5637),#5628);

#5644=CARTESIAN_POINT('',(13.50000,-2.00000,-13.50000));
#5645=CARTESIAN_POINT('',(0.00000,-2.00000,-13.50000));
#5647=CARTESIAN_POINT('',(13.25000,-2.00000,-13.25000));
#5648=CARTESIAN_POINT('',(0.00000,-2.00000,-13.25000));
#5639=(
BOUNDED_SURFACE()
B_SPLINE_SURFACE(2,2,((#4077,#4581,#4583),(#5590,#5644,#5645),(#5593,#5647,#5648)),.UNSPECIFIED.,.F.,.F.,.F.)
B_SPLINE_SURFACE_WITH_KNOTS((3,3),(3,3),(0.000,1.000),(0.000,1.000),.UNSPECIFIED.)
GEOMETRIC_REPRESENTATION_ITEM()
RATIONAL_B_SPLINE_SURFACE(((1.0000000000,0.7071067812,1.0000000000),(0.7071067812,0.5000000000,0.7071067812),(1.0000000000,0.7071067812,1.0000000000)))
REPRESENTATION_ITEM('')
SURFACE()
);

#5658=ORIENTED_EDGE('',*,*,#5618,.F.);
#5666=ORIENTED_EDGE('',*,*,#4633,.F.);
#5667=(
BOUNDED_CURVE()
B_SPLINE_CURVE(2,(#4583,#5645,#5648),.UNSPECIFIED.,.F.,.F.)
B_SPLINE_CURVE_WITH_KNOTS((3,3),(0.000,1.000),.UNSPECIFIED.)
CURVE()
GEOMETRIC_REPRESENTATION_ITEM()
RATIONAL_B_SPLINE_CURVE((1.0000000000,0.7071067812,1.0000000000))
REPRESENTATION_ITEM('')
);

#5672=VERTEX_POINT('',#5648);
#5673=EDGE_CURVE('',#4624,#5672,#5667,.T.);
#5674=ORIENTED_EDGE('',*,*,#5673,.T.);
#5675=(
BOUNDED_CURVE()
B_SPLINE_CURVE(2,(#5648,#5647,#5593),.UNSPECIFIED.,.F.,.F.)
B_SPLINE_CURVE_WITH_KNOTS((3,3),(0.000,1.000),.UNSPECIFIED.)
CURVE()
GEOMETRIC_REPRESENTATION_ITEM()
RATIONAL_B_SPLINE_CURVE((1.0000000000,0.7071067812,1.0000000000))
REPRESENTATION_ITEM('')
);

#5679=EDGE_CURVE('',#5672,#5617,#5675,.T.);
#5680=ORIENTED_EDGE('',*,*,#5679,.T.);
#5681=EDGE_LOOP('',(#5658,#5666,#5674,#5680));
#5682=FACE_OUTER_BOUND('',#5681,.T.);
#5683=ADVANCED_FACE('',(#5682),#5639,.T.);
#5684=COLOUR_RGB('',0.39,0.39,0.39);
#5685=FILL_AREA_STYLE_COLOUR('',#5684);
#5686=FILL_AREA_STYLE('',(#5685));
#5687=SURFACE_STYLE_FILL_AREA(#5686);
#5688=SURFACE_STYLE_TRANSPARENT(0.00);
#5689=SURFACE_STYLE_RENDERING_WITH_PROPERTIES(.NORMAL_SHADING.,#5684,(#5688));
#5690=SURFACE_SIDE_STYLE('',(#5687, #5689));
#5691=SURFACE_STYLE_USAGE(.BOTH.,#5690);
#5692=PRESENTATION_STYLE_ASSIGNMENT((#5691));
#5693=STYLED_ITEM('',(#5692),#5683);

#5699=CARTESIAN_POINT('',(-13.50000,-2.00000,-13.50000));
#5702=CARTESIAN_POINT('',(-13.25000,-2.00000,-13.25000));
#5694=(
BOUNDED_SURFACE()
B_SPLINE_SURFACE(2,2,((#4583,#5051,#3592),(#5645,#5699,#5533),(#5648,#5702,#5536)),.UNSPECIFIED.,.F.,.F.,.F.)
B_SPLINE_SURFACE_WITH_KNOTS((3,3),(3,3),(0.000,1.000),(0.000,1.000),.UNSPECIFIED.)
GEOMETRIC_REPRESENTATION_ITEM()
RATIONAL_B_SPLINE_SURFACE(((1.0000000000,0.7071067812,1.0000000000),(0.7071067812,0.5000000000,0.7071067812),(1.0000000000,0.7071067812,1.0000000000)))
REPRESENTATION_ITEM('')
SURFACE()
);

#5713=ORIENTED_EDGE('',*,*,#5078,.F.);
#5721=ORIENTED_EDGE('',*,*,#5547,.F.);
#5722=(
BOUNDED_CURVE()
B_SPLINE_CURVE(2,(#5536,#5702,#5648),.UNSPECIFIED.,.F.,.F.)
B_SPLINE_CURVE_WITH_KNOTS((3,3),(0.000,1.000),.UNSPECIFIED.)
CURVE()
GEOMETRIC_REPRESENTATION_ITEM()
RATIONAL_B_SPLINE_CURVE((1.0000000000,0.7071067812,1.0000000000))
REPRESENTATION_ITEM('')
);

#5728=EDGE_CURVE('',#5540,#5672,#5722,.T.);
#5729=ORIENTED_EDGE('',*,*,#5728,.T.);
#5735=ORIENTED_EDGE('',*,*,#5673,.F.);
#5736=EDGE_LOOP('',(#5713,#5721,#5729,#5735));
#5737=FACE_OUTER_BOUND('',#5736,.T.);
#5738=ADVANCED_FACE('',(#5737),#5694,.T.);
#5739=COLOUR_RGB('',0.39,0.39,0.39);
#5740=FILL_AREA_STYLE_COLOUR('',#5739);
#5741=FILL_AREA_STYLE('',(#5740));
#5742=SURFACE_STYLE_FILL_AREA(#5741);
#5743=SURFACE_STYLE_TRANSPARENT(0.00);
#5744=SURFACE_STYLE_RENDERING_WITH_PROPERTIES(.NORMAL_SHADING.,#5739,(#5743));
#5745=SURFACE_SIDE_STYLE('',(#5742, #5744));
#5746=SURFACE_STYLE_USAGE(.BOTH.,#5745);
#5747=PRESENTATION_STYLE_ASSIGNMENT((#5746));
#5748=STYLED_ITEM('',(#5747),#5738);

#5750=CARTESIAN_POINT('',(13.91050,-2.00000,-13.91050));
#5751=CARTESIAN_POINT('',(-13.91050,-2.00000,-13.91050));
#5752=CARTESIAN_POINT('',(13.91050,-2.00000,13.91050));
#5753=CARTESIAN_POINT('',(-13.91050,-2.00000,13.91050));
#5749=(
BOUNDED_SURFACE()
B_SPLINE_SURFACE(1,1,((#5750,#5751),(#5752,#5753)),.UNSPECIFIED.,.F.,.F.,.F.)
B_SPLINE_SURFACE_WITH_KNOTS((2,2),(2,2),(0.000,1.000),(0.000,1.000),.UNSPECIFIED.)
GEOMETRIC_REPRESENTATION_ITEM()
RATIONAL_B_SPLINE_SURFACE(((1.0000000000,1.0000000000),(1.0000000000,1.0000000000)))
REPRESENTATION_ITEM('')
SURFACE()
);

#5763=ORIENTED_EDGE('',*,*,#5728,.F.);
#5771=ORIENTED_EDGE('',*,*,#5569,.F.);
#5779=ORIENTED_EDGE('',*,*,#5624,.F.);
#5785=ORIENTED_EDGE('',*,*,#5679,.F.);
#5786=EDGE_LOOP('',(#5763,#5771,#5779,#5785));
#5787=FACE_OUTER_BOUND('',#5786,.T.);
#5788=CARTESIAN_POINT('',(-0.00000,-2.00000,10.25000));
#5789=VERTEX_POINT('',#5788);
#5792=CARTESIAN_POINT('',(-10.25000,-2.00000,10.25000));
#5793=CARTESIAN_POINT('',(-10.25000,-2.00000,0.00000));
#5790=(
BOUNDED_CURVE()
B_SPLINE_CURVE(2,(#5788,#5792,#5793),.UNSPECIFIED.,.F.,.F.)
B_SPLINE_CURVE_WITH_KNOTS((3,3),(0.000,1.000),.UNSPECIFIED.)
CURVE()
GEOMETRIC_REPRESENTATION_ITEM()
RATIONAL_B_SPLINE_CURVE((1.0000000000,0.7071067812,1.0000000000))
REPRESENTATION_ITEM('')
);

#5795=VERTEX_POINT('',#5793);
#5796=EDGE_CURVE('',#5789,#5795,#5790,.T.);
#5797=ORIENTED_EDGE('',*,*,#5796,.T.);
#5800=CARTESIAN_POINT('',(-10.25000,-2.00000,-10.25000));
#5801=CARTESIAN_POINT('',(0.00000,-2.00000,-10.25000));
#5798=(
BOUNDED_CURVE()
B_SPLINE_CURVE(2,(#5793,#5800,#5801),.UNSPECIFIED.,.F.,.F.)
B_SPLINE_CURVE_WITH_KNOTS((3,3),(0.000,1.000),.UNSPECIFIED.)
CURVE()
GEOMETRIC_REPRESENTATION_ITEM()
RATIONAL_B_SPLINE_CURVE((1.0000000000,0.7071067812,1.0000000000))
REPRESENTATION_ITEM('')
);

#5803=VERTEX_POINT('',#5801);
#5804=EDGE_CURVE('',#5795,#5803,#5798,.T.);
#5805=ORIENTED_EDGE('',*,*,#5804,.T.);
#5808=CARTESIAN_POINT('',(10.25000,-2.00000,-10.25000));
#5809=CARTESIAN_POINT('',(10.25000,-2.00000,0.00000));
#5806=(
BOUNDED_CURVE()
B_SPLINE_CURVE(2,(#5801,#5808,#5809),.UNSPECIFIED.,.F.,.F.)
B_SPLINE_CURVE_WITH_KNOTS((3,3),(0.000,1.000),.UNSPECIFIED.)
CURVE()
GEOMETRIC_REPRESENTATION_ITEM()
RATIONAL_B_SPLINE_CURVE((1.0000000000,0.7071067812,1.0000000000))
REPRESENTATION_ITEM('')
);

#5811=VERTEX_POINT('',#5809);
#5812=EDGE_CURVE('',#5803,#5811,#5806,.T.);
#5813=ORIENTED_EDGE('',*,*,#5812,.T.);
#5816=CARTESIAN_POINT('',(10.25000,-2.00000,10.25000));
#5814=(
BOUNDED_CURVE()
B_SPLINE_CURVE(2,(#5809,#5816,#5788),.UNSPECIFIED.,.F.,.F.)
B_SPLINE_CURVE_WITH_KNOTS((3,3),(0.000,1.000),.UNSPECIFIED.)
CURVE()
GEOMETRIC_REPRESENTATION_ITEM()
RATIONAL_B_SPLINE_CURVE((1.0000000000,0.7071067812,1.0000000000))
REPRESENTATION_ITEM('')
);

#5818=EDGE_CURVE('',#5811,#5789,#5814,.T.);
#5819=ORIENTED_EDGE('',*,*,#5818,.T.);
#5820=EDGE_LOOP('',(#5797,#5805,#5813,#5819));
#5821=FACE_BOUND('',#5820,.T.);
#5822=ADVANCED_FACE('',(#5787,#5821),#5749,.T.);
#5823=COLOUR_RGB('',0.39,0.39,0.39);
#5824=FILL_AREA_STYLE_COLOUR('',#5823);
#5825=FILL_AREA_STYLE('',(#5824));
#5826=SURFACE_STYLE_FILL_AREA(#5825);
#5827=SURFACE_STYLE_TRANSPARENT(0.00);
#5828=SURFACE_STYLE_RENDERING_WITH_PROPERTIES(.NORMAL_SHADING.,#5823,(#5827));
#5829=SURFACE_SIDE_STYLE('',(#5826, #5828));
#5830=SURFACE_STYLE_USAGE(.BOTH.,#5829);
#5831=PRESENTATION_STYLE_ASSIGNMENT((#5830));
#5832=STYLED_ITEM('',(#5831),#5822);

#5837=CARTESIAN_POINT('',(-10.00000,-2.00000,0.00000));
#5838=CARTESIAN_POINT('',(-10.00000,-2.00000,10.00000));
#5839=CARTESIAN_POINT('',(-0.00000,-2.00000,10.00000));
#5840=CARTESIAN_POINT('',(-10.00000,-2.25000,0.00000));
#5841=CARTESIAN_POINT('',(-10.00000,-2.25000,10.00000));
#5842=CARTESIAN_POINT('',(-0.00000,-2.25000,10.00000));
#5833=(
BOUNDED_SURFACE()
B_SPLINE_SURFACE(2,2,((#5793,#5792,#5788),(#5837,#5838,#5839),(#5840,#5841,#5842)),.UNSPECIFIED.,.F.,.F.,.F.)
B_SPLINE_SURFACE_WITH_KNOTS((3,3),(3,3),(0.000,1.000),(0.000,1.000),.UNSPECIFIED.)
GEOMETRIC_REPRESENTATION_ITEM()
RATIONAL_B_SPLINE_SURFACE(((1.0000000000,0.7071067812,1.0000000000),(0.7071067812,0.5000000000,0.7071067812),(1.0000000000,0.7071067812,1.0000000000)))
REPRESENTATION_ITEM('')
SURFACE()
);

#5844=VERTEX_POINT('',#5840);
#5845=(
BOUNDED_CURVE()
B_SPLINE_CURVE(2,(#5840,#5837,#5793),.UNSPECIFIED.,.F.,.F.)
B_SPLINE_CURVE_WITH_KNOTS((3,3),(0.000,1.000),.UNSPECIFIED.)
CURVE()
GEOMETRIC_REPRESENTATION_ITEM()
RATIONAL_B_SPLINE_CURVE((1.0000000000,0.7071067812,1.0000000000))
REPRESENTATION_ITEM('')
);

#5851=EDGE_CURVE('',#5844,#5795,#5845,.T.);
#5852=ORIENTED_EDGE('',*,*,#5851,.T.);
#5860=ORIENTED_EDGE('',*,*,#5796,.F.);
#5861=(
BOUNDED_CURVE()
B_SPLINE_CURVE(2,(#5788,#5839,#5842),.UNSPECIFIED.,.F.,.F.)
B_SPLINE_CURVE_WITH_KNOTS((3,3),(0.000,1.000),.UNSPECIFIED.)
CURVE()
GEOMETRIC_REPRESENTATION_ITEM()
RATIONAL_B_SPLINE_CURVE((1.0000000000,0.7071067812,1.0000000000))
REPRESENTATION_ITEM('')
);

#5866=VERTEX_POINT('',#5842);
#5867=EDGE_CURVE('',#5789,#5866,#5861,.T.);
#5868=ORIENTED_EDGE('',*,*,#5867,.T.);
#5869=(
BOUNDED_CURVE()
B_SPLINE_CURVE(2,(#5842,#5841,#5840),.UNSPECIFIED.,.F.,.F.)
B_SPLINE_CURVE_WITH_KNOTS((3,3),(0.000,1.000),.UNSPECIFIED.)
CURVE()
GEOMETRIC_REPRESENTATION_ITEM()
RATIONAL_B_SPLINE_CURVE((1.0000000000,0.7071067812,1.0000000000))
REPRESENTATION_ITEM('')
);

#5873=EDGE_CURVE('',#5866,#5844,#5869,.T.);
#5874=ORIENTED_EDGE('',*,*,#5873,.T.);
#5875=EDGE_LOOP('',(#5852,#5860,#5868,#5874));
#5876=FACE_OUTER_BOUND('',#5875,.T.);
#5877=ADVANCED_FACE('',(#5876),#5833,.T.);
#5878=COLOUR_RGB('',0.39,0.39,0.39);
#5879=FILL_AREA_STYLE_COLOUR('',#5878);
#5880=FILL_AREA_STYLE('',(#5879));
#5881=SURFACE_STYLE_FILL_AREA(#5880);
#5882=SURFACE_STYLE_TRANSPARENT(0.00);
#5883=SURFACE_STYLE_RENDERING_WITH_PROPERTIES(.NORMAL_SHADING.,#5878,(#5882));
#5884=SURFACE_SIDE_STYLE('',(#5881, #5883));
#5885=SURFACE_STYLE_USAGE(.BOTH.,#5884);
#5886=PRESENTATION_STYLE_ASSIGNMENT((#5885));
#5887=STYLED_ITEM('',(#5886),#5877);

#5893=CARTESIAN_POINT('',(10.00000,-2.00000,10.00000));
#5894=CARTESIAN_POINT('',(10.00000,-2.00000,0.00000));
#5896=CARTESIAN_POINT('',(10.00000,-2.25000,10.00000));
#5897=CARTESIAN_POINT('',(10.00000,-2.25000,0.00000));
#5888=(
BOUNDED_SURFACE()
B_SPLINE_SURFACE(2,2,((#5788,#5816,#5809),(#5839,#5893,#5894),(#5842,#5896,#5897)),.UNSPECIFIED.,.F.,.F.,.F.)
B_SPLINE_SURFACE_WITH_KNOTS((3,3),(3,3),(0.000,1.000),(0.000,1.000),.UNSPECIFIED.)
GEOMETRIC_REPRESENTATION_ITEM()
RATIONAL_B_SPLINE_SURFACE(((1.0000000000,0.7071067812,1.0000000000),(0.7071067812,0.5000000000,0.7071067812),(1.0000000000,0.7071067812,1.0000000000)))
REPRESENTATION_ITEM('')
SURFACE()
);

#5907=ORIENTED_EDGE('',*,*,#5867,.F.);
#5915=ORIENTED_EDGE('',*,*,#5818,.F.);
#5916=(
BOUNDED_CURVE()
B_SPLINE_CURVE(2,(#5809,#5894,#5897),.UNSPECIFIED.,.F.,.F.)
B_SPLINE_CURVE_WITH_KNOTS((3,3),(0.000,1.000),.UNSPECIFIED.)
CURVE()
GEOMETRIC_REPRESENTATION_ITEM()
RATIONAL_B_SPLINE_CURVE((1.0000000000,0.7071067812,1.0000000000))
REPRESENTATION_ITEM('')
);

#5921=VERTEX_POINT('',#5897);
#5922=EDGE_CURVE('',#5811,#5921,#5916,.T.);
#5923=ORIENTED_EDGE('',*,*,#5922,.T.);
#5924=(
BOUNDED_CURVE()
B_SPLINE_CURVE(2,(#5897,#5896,#5842),.UNSPECIFIED.,.F.,.F.)
B_SPLINE_CURVE_WITH_KNOTS((3,3),(0.000,1.000),.UNSPECIFIED.)
CURVE()
GEOMETRIC_REPRESENTATION_ITEM()
RATIONAL_B_SPLINE_CURVE((1.0000000000,0.7071067812,1.0000000000))
REPRESENTATION_ITEM('')
);

#5928=EDGE_CURVE('',#5921,#5866,#5924,.T.);
#5929=ORIENTED_EDGE('',*,*,#5928,.T.);
#5930=EDGE_LOOP('',(#5907,#5915,#5923,#5929));
#5931=FACE_OUTER_BOUND('',#5930,.T.);
#5932=ADVANCED_FACE('',(#5931),#5888,.T.);
#5933=COLOUR_RGB('',0.39,0.39,0.39);
#5934=FILL_AREA_STYLE_COLOUR('',#5933);
#5935=FILL_AREA_STYLE('',(#5934));
#5936=SURFACE_STYLE_FILL_AREA(#5935);
#5937=SURFACE_STYLE_TRANSPARENT(0.00);
#5938=SURFACE_STYLE_RENDERING_WITH_PROPERTIES(.NORMAL_SHADING.,#5933,(#5937));
#5939=SURFACE_SIDE_STYLE('',(#5936, #5938));
#5940=SURFACE_STYLE_USAGE(.BOTH.,#5939);
#5941=PRESENTATION_STYLE_ASSIGNMENT((#5940));
#5942=STYLED_ITEM('',(#5941),#5932);

#5948=CARTESIAN_POINT('',(10.00000,-2.00000,-10.00000));
#5949=CARTESIAN_POINT('',(0.00000,-2.00000,-10.00000));
#5951=CARTESIAN_POINT('',(10.00000,-2.25000,-10.00000));
#5952=CARTESIAN_POINT('',(0.00000,-2.25000,-10.00000));
#5943=(
BOUNDED_SURFACE()
B_SPLINE_SURFACE(2,2,((#5809,#5808,#5801),(#5894,#5948,#5949),(#5897,#5951,#5952)),.UNSPECIFIED.,.F.,.F.,.F.)
B_SPLINE_SURFACE_WITH_KNOTS((3,3),(3,3),(0.000,1.000),(0.000,1.000),.UNSPECIFIED.)
GEOMETRIC_REPRESENTATION_ITEM()
RATIONAL_B_SPLINE_SURFACE(((1.0000000000,0.7071067812,1.0000000000),(0.7071067812,0.5000000000,0.7071067812),(1.0000000000,0.7071067812,1.0000000000)))
REPRESENTATION_ITEM('')
SURFACE()
);

#5962=ORIENTED_EDGE('',*,*,#5922,.F.);
#5970=ORIENTED_EDGE('',*,*,#5812,.F.);
#5971=(
BOUNDED_CURVE()
B_SPLINE_CURVE(2,(#5801,#5949,#5952),.UNSPECIFIED.,.F.,.F.)
B_SPLINE_CURVE_WITH_KNOTS((3,3),(0.000,1.000),.UNSPECIFIED.)
CURVE()
GEOMETRIC_REPRESENTATION_ITEM()
RATIONAL_B_SPLINE_CURVE((1.0000000000,0.7071067812,1.0000000000))
REPRESENTATION_ITEM('')
);

#5976=VERTEX_POINT('',#5952);
#5977=EDGE_CURVE('',#5803,#5976,#5971,.T.);
#5978=ORIENTED_EDGE('',*,*,#5977,.T.);
#5979=(
BOUNDED_CURVE()
B_SPLINE_CURVE(2,(#5952,#5951,#5897),.UNSPECIFIED.,.F.,.F.)
B_SPLINE_CURVE_WITH_KNOTS((3,3),(0.000,1.000),.UNSPECIFIED.)
CURVE()
GEOMETRIC_REPRESENTATION_ITEM()
RATIONAL_B_SPLINE_CURVE((1.0000000000,0.7071067812,1.0000000000))
REPRESENTATION_ITEM('')
);

#5983=EDGE_CURVE('',#5976,#5921,#5979,.T.);
#5984=ORIENTED_EDGE('',*,*,#5983,.T.);
#5985=EDGE_LOOP('',(#5962,#5970,#5978,#5984));
#5986=FACE_OUTER_BOUND('',#5985,.T.);
#5987=ADVANCED_FACE('',(#5986),#5943,.T.);
#5988=COLOUR_RGB('',0.39,0.39,0.39);
#5989=FILL_AREA_STYLE_COLOUR('',#5988);
#5990=FILL_AREA_STYLE('',(#5989));
#5991=SURFACE_STYLE_FILL_AREA(#5990);
#5992=SURFACE_STYLE_TRANSPARENT(0.00);
#5993=SURFACE_STYLE_RENDERING_WITH_PROPERTIES(.NORMAL_SHADING.,#5988,(#5992));
#5994=SURFACE_SIDE_STYLE('',(#5991, #5993));
#5995=SURFACE_STYLE_USAGE(.BOTH.,#5994);
#5996=PRESENTATION_STYLE_ASSIGNMENT((#5995));
#5997=STYLED_ITEM('',(#5996),#5987);

#6003=CARTESIAN_POINT('',(-10.00000,-2.00000,-10.00000));
#6006=CARTESIAN_POINT('',(-10.00000,-2.25000,-10.00000));
#5998=(
BOUNDED_SURFACE()
B_SPLINE_SURFACE(2,2,((#5801,#5800,#5793),(#5949,#6003,#5837),(#5952,#6006,#5840)),.UNSPECIFIED.,.F.,.F.,.F.)
B_SPLINE_SURFACE_WITH_KNOTS((3,3),(3,3),(0.000,1.000),(0.000,1.000),.UNSPECIFIED.)
GEOMETRIC_REPRESENTATION_ITEM()
RATIONAL_B_SPLINE_SURFACE(((1.0000000000,0.7071067812,1.0000000000),(0.7071067812,0.5000000000,0.7071067812),(1.0000000000,0.7071067812,1.0000000000)))
REPRESENTATION_ITEM('')
SURFACE()
);

#6017=ORIENTED_EDGE('',*,*,#5804,.F.);
#6025=ORIENTED_EDGE('',*,*,#5851,.F.);
#6026=(
BOUNDED_CURVE()
B_SPLINE_CURVE(2,(#5840,#6006,#5952),.UNSPECIFIED.,.F.,.F.)
B_SPLINE_CURVE_WITH_KNOTS((3,3),(0.000,1.000),.UNSPECIFIED.)
CURVE()
GEOMETRIC_REPRESENTATION_ITEM()
RATIONAL_B_SPLINE_CURVE((1.0000000000,0.7071067812,1.0000000000))
REPRESENTATION_ITEM('')
);

#6032=EDGE_CURVE('',#5844,#5976,#6026,.T.);
#6033=ORIENTED_EDGE('',*,*,#6032,.T.);
#6039=ORIENTED_EDGE('',*,*,#5977,.F.);
#6040=EDGE_LOOP('',(#6017,#6025,#6033,#6039));
#6041=FACE_OUTER_BOUND('',#6040,.T.);
#6042=ADVANCED_FACE('',(#6041),#5998,.T.);
#6043=COLOUR_RGB('',0.39,0.39,0.39);
#6044=FILL_AREA_STYLE_COLOUR('',#6043);
#6045=FILL_AREA_STYLE('',(#6044));
#6046=SURFACE_STYLE_FILL_AREA(#6045);
#6047=SURFACE_STYLE_TRANSPARENT(0.00);
#6048=SURFACE_STYLE_RENDERING_WITH_PROPERTIES(.NORMAL_SHADING.,#6043,(#6047));
#6049=SURFACE_SIDE_STYLE('',(#6046, #6048));
#6050=SURFACE_STYLE_USAGE(.BOTH.,#6049);
#6051=PRESENTATION_STYLE_ASSIGNMENT((#6050));
#6052=STYLED_ITEM('',(#6051),#6042);

#6054=CARTESIAN_POINT('',(-10.00000,-5.50000,0.00000));
#6056=CARTESIAN_POINT('',(-10.00000,-5.50000,10.00000));
#6058=CARTESIAN_POINT('',(-0.00000,-5.50000,10.00000));
#6053=(
BOUNDED_SURFACE()
B_SPLINE_SURFACE(2,1,((#6054,#5840),(#6056,#5841),(#6058,#5842)),.UNSPECIFIED.,.F.,.F.,.F.)
B_SPLINE_SURFACE_WITH_KNOTS((3,3),(2,2),(0.000,1.000),(0.000,1.000),.UNSPECIFIED.)
GEOMETRIC_REPRESENTATION_ITEM()
RATIONAL_B_SPLINE_SURFACE(((1.0000000000,1.0000000000),(0.7071067812,0.7071067812),(1.0000000000,1.0000000000)))
REPRESENTATION_ITEM('')
SURFACE()
);

#6069=ORIENTED_EDGE('',*,*,#5873,.F.);
#6070=(
BOUNDED_CURVE()
B_SPLINE_CURVE(1,(#5842,#6058),.UNSPECIFIED.,.F.,.F.)
B_SPLINE_CURVE_WITH_KNOTS((2,2),(0.000,1.000),.UNSPECIFIED.)
CURVE()
GEOMETRIC_REPRESENTATION_ITEM()
RATIONAL_B_SPLINE_CURVE((1.0000000000,1.0000000000))
REPRESENTATION_ITEM('')
);

#6074=VERTEX_POINT('',#6058);
#6075=EDGE_CURVE('',#5866,#6074,#6070,.T.);
#6076=ORIENTED_EDGE('',*,*,#6075,.T.);
#6077=(
BOUNDED_CURVE()
B_SPLINE_CURVE(2,(#6058,#6056,#6054),.UNSPECIFIED.,.F.,.F.)
B_SPLINE_CURVE_WITH_KNOTS((3,3),(0.000,1.000),.UNSPECIFIED.)
CURVE()
GEOMETRIC_REPRESENTATION_ITEM()
RATIONAL_B_SPLINE_CURVE((1.0000000000,0.7071067812,1.0000000000))
REPRESENTATION_ITEM('')
);

#6082=VERTEX_POINT('',#6054);
#6083=EDGE_CURVE('',#6074,#6082,#6077,.T.);
#6084=ORIENTED_EDGE('',*,*,#6083,.T.);
#6085=(
BOUNDED_CURVE()
B_SPLINE_CURVE(1,(#6054,#5840),.UNSPECIFIED.,.F.,.F.)
B_SPLINE_CURVE_WITH_KNOTS((2,2),(0.000,1.000),.UNSPECIFIED.)
CURVE()
GEOMETRIC_REPRESENTATION_ITEM()
RATIONAL_B_SPLINE_CURVE((1.0000000000,1.0000000000))
REPRESENTATION_ITEM('')
);

#6088=EDGE_CURVE('',#6082,#5844,#6085,.T.);
#6089=ORIENTED_EDGE('',*,*,#6088,.T.);
#6090=EDGE_LOOP('',(#6069,#6076,#6084,#6089));
#6091=FACE_OUTER_BOUND('',#6090,.T.);
#6092=ADVANCED_FACE('',(#6091),#6053,.T.);
#6093=COLOUR_RGB('',0.39,0.39,0.39);
#6094=FILL_AREA_STYLE_COLOUR('',#6093);
#6095=FILL_AREA_STYLE('',(#6094));
#6096=SURFACE_STYLE_FILL_AREA(#6095);
#6097=SURFACE_STYLE_TRANSPARENT(0.00);
#6098=SURFACE_STYLE_RENDERING_WITH_PROPERTIES(.NORMAL_SHADING.,#6093,(#6097));
#6099=SURFACE_SIDE_STYLE('',(#6096, #6098));
#6100=SURFACE_STYLE_USAGE(.BOTH.,#6099);
#6101=PRESENTATION_STYLE_ASSIGNMENT((#6100));
#6102=STYLED_ITEM('',(#6101),#6092);

#6106=CARTESIAN_POINT('',(10.00000,-5.50000,10.00000));
#6108=CARTESIAN_POINT('',(10.00000,-5.50000,0.00000));
#6103=(
BOUNDED_SURFACE()
B_SPLINE_SURFACE(2,1,((#6058,#5842),(#6106,#5896),(#6108,#5897)),.UNSPECIFIED.,.F.,.F.,.F.)
B_SPLINE_SURFACE_WITH_KNOTS((3,3),(2,2),(0.000,1.000),(0.000,1.000),.UNSPECIFIED.)
GEOMETRIC_REPRESENTATION_ITEM()
RATIONAL_B_SPLINE_SURFACE(((1.0000000000,1.0000000000),(0.7071067812,0.7071067812),(1.0000000000,1.0000000000)))
REPRESENTATION_ITEM('')
SURFACE()
);

#6118=ORIENTED_EDGE('',*,*,#6075,.F.);
#6126=ORIENTED_EDGE('',*,*,#5928,.F.);
#6127=(
BOUNDED_CURVE()
B_SPLINE_CURVE(1,(#5897,#6108),.UNSPECIFIED.,.F.,.F.)
B_SPLINE_CURVE_WITH_KNOTS((2,2),(0.000,1.000),.UNSPECIFIED.)
CURVE()
GEOMETRIC_REPRESENTATION_ITEM()
RATIONAL_B_SPLINE_CURVE((1.0000000000,1.0000000000))
REPRESENTATION_ITEM('')
);

#6131=VERTEX_POINT('',#6108);
#6132=EDGE_CURVE('',#5921,#6131,#6127,.T.);
#6133=ORIENTED_EDGE('',*,*,#6132,.T.);
#6134=(
BOUNDED_CURVE()
B_SPLINE_CURVE(2,(#6108,#6106,#6058),.UNSPECIFIED.,.F.,.F.)
B_SPLINE_CURVE_WITH_KNOTS((3,3),(0.000,1.000),.UNSPECIFIED.)
CURVE()
GEOMETRIC_REPRESENTATION_ITEM()
RATIONAL_B_SPLINE_CURVE((1.0000000000,0.7071067812,1.0000000000))
REPRESENTATION_ITEM('')
);

#6138=EDGE_CURVE('',#6131,#6074,#6134,.T.);
#6139=ORIENTED_EDGE('',*,*,#6138,.T.);
#6140=EDGE_LOOP('',(#6118,#6126,#6133,#6139));
#6141=FACE_OUTER_BOUND('',#6140,.T.);
#6142=ADVANCED_FACE('',(#6141),#6103,.T.);
#6143=COLOUR_RGB('',0.39,0.39,0.39);
#6144=FILL_AREA_STYLE_COLOUR('',#6143);
#6145=FILL_AREA_STYLE('',(#6144));
#6146=SURFACE_STYLE_FILL_AREA(#6145);
#6147=SURFACE_STYLE_TRANSPARENT(0.00);
#6148=SURFACE_STYLE_RENDERING_WITH_PROPERTIES(.NORMAL_SHADING.,#6143,(#6147));
#6149=SURFACE_SIDE_STYLE('',(#6146, #6148));
#6150=SURFACE_STYLE_USAGE(.BOTH.,#6149);
#6151=PRESENTATION_STYLE_ASSIGNMENT((#6150));
#6152=STYLED_ITEM('',(#6151),#6142);

#6156=CARTESIAN_POINT('',(10.00000,-5.50000,-10.00000));
#6158=CARTESIAN_POINT('',(0.00000,-5.50000,-10.00000));
#6153=(
BOUNDED_SURFACE()
B_SPLINE_SURFACE(2,1,((#6108,#5897),(#6156,#5951),(#6158,#5952)),.UNSPECIFIED.,.F.,.F.,.F.)
B_SPLINE_SURFACE_WITH_KNOTS((3,3),(2,2),(0.000,1.000),(0.000,1.000),.UNSPECIFIED.)
GEOMETRIC_REPRESENTATION_ITEM()
RATIONAL_B_SPLINE_SURFACE(((1.0000000000,1.0000000000),(0.7071067812,0.7071067812),(1.0000000000,1.0000000000)))
REPRESENTATION_ITEM('')
SURFACE()
);

#6169=ORIENTED_EDGE('',*,*,#5983,.F.);
#6170=(
BOUNDED_CURVE()
B_SPLINE_CURVE(1,(#5952,#6158),.UNSPECIFIED.,.F.,.F.)
B_SPLINE_CURVE_WITH_KNOTS((2,2),(0.000,1.000),.UNSPECIFIED.)
CURVE()
GEOMETRIC_REPRESENTATION_ITEM()
RATIONAL_B_SPLINE_CURVE((1.0000000000,1.0000000000))
REPRESENTATION_ITEM('')
);

#6174=VERTEX_POINT('',#6158);
#6175=EDGE_CURVE('',#5976,#6174,#6170,.T.);
#6176=ORIENTED_EDGE('',*,*,#6175,.T.);
#6177=(
BOUNDED_CURVE()
B_SPLINE_CURVE(2,(#6158,#6156,#6108),.UNSPECIFIED.,.F.,.F.)
B_SPLINE_CURVE_WITH_KNOTS((3,3),(0.000,1.000),.UNSPECIFIED.)
CURVE()
GEOMETRIC_REPRESENTATION_ITEM()
RATIONAL_B_SPLINE_CURVE((1.0000000000,0.7071067812,1.0000000000))
REPRESENTATION_ITEM('')
);

#6183=EDGE_CURVE('',#6174,#6131,#6177,.T.);
#6184=ORIENTED_EDGE('',*,*,#6183,.T.);
#6189=ORIENTED_EDGE('',*,*,#6132,.F.);
#6190=EDGE_LOOP('',(#6169,#6176,#6184,#6189));
#6191=FACE_OUTER_BOUND('',#6190,.T.);
#6192=ADVANCED_FACE('',(#6191),#6153,.T.);
#6193=COLOUR_RGB('',0.39,0.39,0.39);
#6194=FILL_AREA_STYLE_COLOUR('',#6193);
#6195=FILL_AREA_STYLE('',(#6194));
#6196=SURFACE_STYLE_FILL_AREA(#6195);
#6197=SURFACE_STYLE_TRANSPARENT(0.00);
#6198=SURFACE_STYLE_RENDERING_WITH_PROPERTIES(.NORMAL_SHADING.,#6193,(#6197));
#6199=SURFACE_SIDE_STYLE('',(#6196, #6198));
#6200=SURFACE_STYLE_USAGE(.BOTH.,#6199);
#6201=PRESENTATION_STYLE_ASSIGNMENT((#6200));
#6202=STYLED_ITEM('',(#6201),#6192);

#6206=CARTESIAN_POINT('',(-10.00000,-5.50000,-10.00000));
#6203=(
BOUNDED_SURFACE()
B_SPLINE_SURFACE(2,1,((#6158,#5952),(#6206,#6006),(#6054,#5840)),.UNSPECIFIED.,.F.,.F.,.F.)
B_SPLINE_SURFACE_WITH_KNOTS((3,3),(2,2),(0.000,1.000),(0.000,1.000),.UNSPECIFIED.)
GEOMETRIC_REPRESENTATION_ITEM()
RATIONAL_B_SPLINE_SURFACE(((1.0000000000,1.0000000000),(0.7071067812,0.7071067812),(1.0000000000,1.0000000000)))
REPRESENTATION_ITEM('')
SURFACE()
);

#6219=ORIENTED_EDGE('',*,*,#6032,.F.);
#6226=ORIENTED_EDGE('',*,*,#6088,.F.);
#6227=(
BOUNDED_CURVE()
B_SPLINE_CURVE(2,(#6054,#6206,#6158),.UNSPECIFIED.,.F.,.F.)
B_SPLINE_CURVE_WITH_KNOTS((3,3),(0.000,1.000),.UNSPECIFIED.)
CURVE()
GEOMETRIC_REPRESENTATION_ITEM()
RATIONAL_B_SPLINE_CURVE((1.0000000000,0.7071067812,1.0000000000))
REPRESENTATION_ITEM('')
);

#6233=EDGE_CURVE('',#6082,#6174,#6227,.T.);
#6234=ORIENTED_EDGE('',*,*,#6233,.T.);
#6239=ORIENTED_EDGE('',*,*,#6175,.F.);
#6240=EDGE_LOOP('',(#6219,#6226,#6234,#6239));
#6241=FACE_OUTER_BOUND('',#6240,.T.);
#6242=ADVANCED_FACE('',(#6241),#6203,.T.);
#6243=COLOUR_RGB('',0.39,0.39,0.39);
#6244=FILL_AREA_STYLE_COLOUR('',#6243);
#6245=FILL_AREA_STYLE('',(#6244));
#6246=SURFACE_STYLE_FILL_AREA(#6245);
#6247=SURFACE_STYLE_TRANSPARENT(0.00);
#6248=SURFACE_STYLE_RENDERING_WITH_PROPERTIES(.NORMAL_SHADING.,#6243,(#6247));
#6249=SURFACE_SIDE_STYLE('',(#6246, #6248));
#6250=SURFACE_STYLE_USAGE(.BOTH.,#6249);
#6251=PRESENTATION_STYLE_ASSIGNMENT((#6250));
#6252=STYLED_ITEM('',(#6251),#6242);

#6254=CARTESIAN_POINT('',(10.53050,-5.50000,-10.53050));
#6255=CARTESIAN_POINT('',(-10.53050,-5.50000,-10.53050));
#6256=CARTESIAN_POINT('',(10.53050,-5.50000,10.53050));
#6257=CARTESIAN_POINT('',(-10.53050,-5.50000,10.53050));
#6253=(
BOUNDED_SURFACE()
B_SPLINE_SURFACE(1,1,((#6254,#6255),(#6256,#6257)),.UNSPECIFIED.,.F.,.F.,.F.)
B_SPLINE_SURFACE_WITH_KNOTS((2,2),(2,2),(0.000,1.000),(0.000,1.000),.UNSPECIFIED.)
GEOMETRIC_REPRESENTATION_ITEM()
RATIONAL_B_SPLINE_SURFACE(((1.0000000000,1.0000000000),(1.0000000000,1.0000000000)))
REPRESENTATION_ITEM('')
SURFACE()
);

#6267=ORIENTED_EDGE('',*,*,#6233,.F.);
#6275=ORIENTED_EDGE('',*,*,#6083,.F.);
#6283=ORIENTED_EDGE('',*,*,#6138,.F.);
#6289=ORIENTED_EDGE('',*,*,#6183,.F.);
#6290=EDGE_LOOP('',(#6267,#6275,#6283,#6289));
#6291=FACE_OUTER_BOUND('',#6290,.T.);
#6292=CARTESIAN_POINT('',(-0.00000,-5.50000,8.50000));
#6293=VERTEX_POINT('',#6292);
#6296=CARTESIAN_POINT('',(-8.50000,-5.50000,8.50000));
#6297=CARTESIAN_POINT('',(-8.50000,-5.50000,0.00000));
#6294=(
BOUNDED_CURVE()
B_SPLINE_CURVE(2,(#6292,#6296,#6297),.UNSPECIFIED.,.F.,.F.)
B_SPLINE_CURVE_WITH_KNOTS((3,3),(0.000,1.000),.UNSPECIFIED.)
CURVE()
GEOMETRIC_REPRESENTATION_ITEM()
RATIONAL_B_SPLINE_CURVE((1.0000000000,0.7071067812,1.0000000000))
REPRESENTATION_ITEM('')
);

#6299=VERTEX_POINT('',#6297);
#6300=EDGE_CURVE('',#6293,#6299,#6294,.T.);
#6301=ORIENTED_EDGE('',*,*,#6300,.T.);
#6304=CARTESIAN_POINT('',(-8.50000,-5.50000,-8.50000));
#6305=CARTESIAN_POINT('',(0.00000,-5.50000,-8.50000));
#6302=(
BOUNDED_CURVE()
B_SPLINE_CURVE(2,(#6297,#6304,#6305),.UNSPECIFIED.,.F.,.F.)
B_SPLINE_CURVE_WITH_KNOTS((3,3),(0.000,1.000),.UNSPECIFIED.)
CURVE()
GEOMETRIC_REPRESENTATION_ITEM()
RATIONAL_B_SPLINE_CURVE((1.0000000000,0.7071067812,1.0000000000))
REPRESENTATION_ITEM('')
);

#6307=VERTEX_POINT('',#6305);
#6308=EDGE_CURVE('',#6299,#6307,#6302,.T.);
#6309=ORIENTED_EDGE('',*,*,#6308,.T.);
#6312=CARTESIAN_POINT('',(8.50000,-5.50000,-8.50000));
#6313=CARTESIAN_POINT('',(8.50000,-5.50000,0.00000));
#6310=(
BOUNDED_CURVE()
B_SPLINE_CURVE(2,(#6305,#6312,#6313),.UNSPECIFIED.,.F.,.F.)
B_SPLINE_CURVE_WITH_KNOTS((3,3),(0.000,1.000),.UNSPECIFIED.)
CURVE()
GEOMETRIC_REPRESENTATION_ITEM()
RATIONAL_B_SPLINE_CURVE((1.0000000000,0.7071067812,1.0000000000))
REPRESENTATION_ITEM('')
);

#6315=VERTEX_POINT('',#6313);
#6316=EDGE_CURVE('',#6307,#6315,#6310,.T.);
#6317=ORIENTED_EDGE('',*,*,#6316,.T.);
#6320=CARTESIAN_POINT('',(8.50000,-5.50000,8.50000));
#6318=(
BOUNDED_CURVE()
B_SPLINE_CURVE(2,(#6313,#6320,#6292),.UNSPECIFIED.,.F.,.F.)
B_SPLINE_CURVE_WITH_KNOTS((3,3),(0.000,1.000),.UNSPECIFIED.)
CURVE()
GEOMETRIC_REPRESENTATION_ITEM()
RATIONAL_B_SPLINE_CURVE((1.0000000000,0.7071067812,1.0000000000))
REPRESENTATION_ITEM('')
);

#6322=EDGE_CURVE('',#6315,#6293,#6318,.T.);
#6323=ORIENTED_EDGE('',*,*,#6322,.T.);
#6324=EDGE_LOOP('',(#6301,#6309,#6317,#6323));
#6325=FACE_BOUND('',#6324,.T.);
#6326=ADVANCED_FACE('',(#6291,#6325),#6253,.T.);
#6327=COLOUR_RGB('',0.39,0.39,0.39);
#6328=FILL_AREA_STYLE_COLOUR('',#6327);
#6329=FILL_AREA_STYLE('',(#6328));
#6330=SURFACE_STYLE_FILL_AREA(#6329);
#6331=SURFACE_STYLE_TRANSPARENT(0.00);
#6332=SURFACE_STYLE_RENDERING_WITH_PROPERTIES(.NORMAL_SHADING.,#6327,(#6331));
#6333=SURFACE_SIDE_STYLE('',(#6330, #6332));
#6334=SURFACE_STYLE_USAGE(.BOTH.,#6333);
#6335=PRESENTATION_STYLE_ASSIGNMENT((#6334));
#6336=STYLED_ITEM('',(#6335),#6326);

#6338=CARTESIAN_POINT('',(-8.50000,-6.30000,0.00000));
#6340=CARTESIAN_POINT('',(-8.50000,-6.30000,8.50000));
#6342=CARTESIAN_POINT('',(-0.00000,-6.30000,8.50000));
#6337=(
BOUNDED_SURFACE()
B_SPLINE_SURFACE(2,1,((#6338,#6297),(#6340,#6296),(#6342,#6292)),.UNSPECIFIED.,.F.,.F.,.F.)
B_SPLINE_SURFACE_WITH_KNOTS((3,3),(2,2),(0.000,1.000),(0.000,1.000),.UNSPECIFIED.)
GEOMETRIC_REPRESENTATION_ITEM()
RATIONAL_B_SPLINE_SURFACE(((1.0000000000,1.0000000000),(0.7071067812,0.7071067812),(1.0000000000,1.0000000000)))
REPRESENTATION_ITEM('')
SURFACE()
);

#6345=VERTEX_POINT('',#6338);
#6346=(
BOUNDED_CURVE()
B_SPLINE_CURVE(1,(#6338,#6297),.UNSPECIFIED.,.F.,.F.)
B_SPLINE_CURVE_WITH_KNOTS((2,2),(0.000,1.000),.UNSPECIFIED.)
CURVE()
GEOMETRIC_REPRESENTATION_ITEM()
RATIONAL_B_SPLINE_CURVE((1.0000000000,1.0000000000))
REPRESENTATION_ITEM('')
);

#6351=EDGE_CURVE('',#6345,#6299,#6346,.T.);
#6352=ORIENTED_EDGE('',*,*,#6351,.T.);
#6360=ORIENTED_EDGE('',*,*,#6300,.F.);
#6361=(
BOUNDED_CURVE()
B_SPLINE_CURVE(1,(#6292,#6342),.UNSPECIFIED.,.F.,.F.)
B_SPLINE_CURVE_WITH_KNOTS((2,2),(0.000,1.000),.UNSPECIFIED.)
CURVE()
GEOMETRIC_REPRESENTATION_ITEM()
RATIONAL_B_SPLINE_CURVE((1.0000000000,1.0000000000))
REPRESENTATION_ITEM('')
);

#6365=VERTEX_POINT('',#6342);
#6366=EDGE_CURVE('',#6293,#6365,#6361,.T.);
#6367=ORIENTED_EDGE('',*,*,#6366,.T.);
#6368=(
BOUNDED_CURVE()
B_SPLINE_CURVE(2,(#6342,#6340,#6338),.UNSPECIFIED.,.F.,.F.)
B_SPLINE_CURVE_WITH_KNOTS((3,3),(0.000,1.000),.UNSPECIFIED.)
CURVE()
GEOMETRIC_REPRESENTATION_ITEM()
RATIONAL_B_SPLINE_CURVE((1.0000000000,0.7071067812,1.0000000000))
REPRESENTATION_ITEM('')
);

#6372=EDGE_CURVE('',#6365,#6345,#6368,.T.);
#6373=ORIENTED_EDGE('',*,*,#6372,.T.);
#6374=EDGE_LOOP('',(#6352,#6360,#6367,#6373));
#6375=FACE_OUTER_BOUND('',#6374,.T.);
#6376=ADVANCED_FACE('',(#6375),#6337,.T.);
#6377=COLOUR_RGB('',0.39,0.39,0.39);
#6378=FILL_AREA_STYLE_COLOUR('',#6377);
#6379=FILL_AREA_STYLE('',(#6378));
#6380=SURFACE_STYLE_FILL_AREA(#6379);
#6381=SURFACE_STYLE_TRANSPARENT(0.00);
#6382=SURFACE_STYLE_RENDERING_WITH_PROPERTIES(.NORMAL_SHADING.,#6377,(#6381));
#6383=SURFACE_SIDE_STYLE('',(#6380, #6382));
#6384=SURFACE_STYLE_USAGE(.BOTH.,#6383);
#6385=PRESENTATION_STYLE_ASSIGNMENT((#6384));
#6386=STYLED_ITEM('',(#6385),#6376);

#6390=CARTESIAN_POINT('',(8.50000,-6.30000,8.50000));
#6392=CARTESIAN_POINT('',(8.50000,-6.30000,0.00000));
#6387=(
BOUNDED_SURFACE()
B_SPLINE_SURFACE(2,1,((#6342,#6292),(#6390,#6320),(#6392,#6313)),.UNSPECIFIED.,.F.,.F.,.F.)
B_SPLINE_SURFACE_WITH_KNOTS((3,3),(2,2),(0.000,1.000),(0.000,1.000),.UNSPECIFIED.)
GEOMETRIC_REPRESENTATION_ITEM()
RATIONAL_B_SPLINE_SURFACE(((1.0000000000,1.0000000000),(0.7071067812,0.7071067812),(1.0000000000,1.0000000000)))
REPRESENTATION_ITEM('')
SURFACE()
);

#6402=ORIENTED_EDGE('',*,*,#6366,.F.);
#6410=ORIENTED_EDGE('',*,*,#6322,.F.);
#6411=(
BOUNDED_CURVE()
B_SPLINE_CURVE(1,(#6313,#6392),.UNSPECIFIED.,.F.,.F.)
B_SPLINE_CURVE_WITH_KNOTS((2,2),(0.000,1.000),.UNSPECIFIED.)
CURVE()
GEOMETRIC_REPRESENTATION_ITEM()
RATIONAL_B_SPLINE_CURVE((1.0000000000,1.0000000000))
REPRESENTATION_ITEM('')
);

#6415=VERTEX_POINT('',#6392);
#6416=EDGE_CURVE('',#6315,#6415,#6411,.T.);
#6417=ORIENTED_EDGE('',*,*,#6416,.T.);
#6418=(
BOUNDED_CURVE()
B_SPLINE_CURVE(2,(#6392,#6390,#6342),.UNSPECIFIED.,.F.,.F.)
B_SPLINE_CURVE_WITH_KNOTS((3,3),(0.000,1.000),.UNSPECIFIED.)
CURVE()
GEOMETRIC_REPRESENTATION_ITEM()
RATIONAL_B_SPLINE_CURVE((1.0000000000,0.7071067812,1.0000000000))
REPRESENTATION_ITEM('')
);

#6422=EDGE_CURVE('',#6415,#6365,#6418,.T.);
#6423=ORIENTED_EDGE('',*,*,#6422,.T.);
#6424=EDGE_LOOP('',(#6402,#6410,#6417,#6423));
#6425=FACE_OUTER_BOUND('',#6424,.T.);
#6426=ADVANCED_FACE('',(#6425),#6387,.T.);
#6427=COLOUR_RGB('',0.39,0.39,0.39);
#6428=FILL_AREA_STYLE_COLOUR('',#6427);
#6429=FILL_AREA_STYLE('',(#6428));
#6430=SURFACE_STYLE_FILL_AREA(#6429);
#6431=SURFACE_STYLE_TRANSPARENT(0.00);
#6432=SURFACE_STYLE_RENDERING_WITH_PROPERTIES(.NORMAL_SHADING.,#6427,(#6431));
#6433=SURFACE_SIDE_STYLE('',(#6430, #6432));
#6434=SURFACE_STYLE_USAGE(.BOTH.,#6433);
#6435=PRESENTATION_STYLE_ASSIGNMENT((#6434));
#6436=STYLED_ITEM('',(#6435),#6426);

#6440=CARTESIAN_POINT('',(8.50000,-6.30000,-8.50000));
#6442=CARTESIAN_POINT('',(0.00000,-6.30000,-8.50000));
#6437=(
BOUNDED_SURFACE()
B_SPLINE_SURFACE(2,1,((#6392,#6313),(#6440,#6312),(#6442,#6305)),.UNSPECIFIED.,.F.,.F.,.F.)
B_SPLINE_SURFACE_WITH_KNOTS((3,3),(2,2),(0.000,1.000),(0.000,1.000),.UNSPECIFIED.)
GEOMETRIC_REPRESENTATION_ITEM()
RATIONAL_B_SPLINE_SURFACE(((1.0000000000,1.0000000000),(0.7071067812,0.7071067812),(1.0000000000,1.0000000000)))
REPRESENTATION_ITEM('')
SURFACE()
);

#6452=ORIENTED_EDGE('',*,*,#6416,.F.);
#6460=ORIENTED_EDGE('',*,*,#6316,.F.);
#6461=(
BOUNDED_CURVE()
B_SPLINE_CURVE(1,(#6305,#6442),.UNSPECIFIED.,.F.,.F.)
B_SPLINE_CURVE_WITH_KNOTS((2,2),(0.000,1.000),.UNSPECIFIED.)
CURVE()
GEOMETRIC_REPRESENTATION_ITEM()
RATIONAL_B_SPLINE_CURVE((1.0000000000,1.0000000000))
REPRESENTATION_ITEM('')
);

#6465=VERTEX_POINT('',#6442);
#6466=EDGE_CURVE('',#6307,#6465,#6461,.T.);
#6467=ORIENTED_EDGE('',*,*,#6466,.T.);
#6468=(
BOUNDED_CURVE()
B_SPLINE_CURVE(2,(#6442,#6440,#6392),.UNSPECIFIED.,.F.,.F.)
B_SPLINE_CURVE_WITH_KNOTS((3,3),(0.000,1.000),.UNSPECIFIED.)
CURVE()
GEOMETRIC_REPRESENTATION_ITEM()
RATIONAL_B_SPLINE_CURVE((1.0000000000,0.7071067812,1.0000000000))
REPRESENTATION_ITEM('')
);

#6472=EDGE_CURVE('',#6465,#6415,#6468,.T.);
#6473=ORIENTED_EDGE('',*,*,#6472,.T.);
#6474=EDGE_LOOP('',(#6452,#6460,#6467,#6473));
#6475=FACE_OUTER_BOUND('',#6474,.T.);
#6476=ADVANCED_FACE('',(#6475),#6437,.T.);
#6477=COLOUR_RGB('',0.39,0.39,0.39);
#6478=FILL_AREA_STYLE_COLOUR('',#6477);
#6479=FILL_AREA_STYLE('',(#6478));
#6480=SURFACE_STYLE_FILL_AREA(#6479);
#6481=SURFACE_STYLE_TRANSPARENT(0.00);
#6482=SURFACE_STYLE_RENDERING_WITH_PROPERTIES(.NORMAL_SHADING.,#6477,(#6481));
#6483=SURFACE_SIDE_STYLE('',(#6480, #6482));
#6484=SURFACE_STYLE_USAGE(.BOTH.,#6483);
#6485=PRESENTATION_STYLE_ASSIGNMENT((#6484));
#6486=STYLED_ITEM('',(#6485),#6476);

#6490=CARTESIAN_POINT('',(-8.50000,-6.30000,-8.50000));
#6487=(
BOUNDED_SURFACE()
B_SPLINE_SURFACE(2,1,((#6442,#6305),(#6490,#6304),(#6338,#6297)),.UNSPECIFIED.,.F.,.F.,.F.)
B_SPLINE_SURFACE_WITH_KNOTS((3,3),(2,2),(0.000,1.000),(0.000,1.000),.UNSPECIFIED.)
GEOMETRIC_REPRESENTATION_ITEM()
RATIONAL_B_SPLINE_SURFACE(((1.0000000000,1.0000000000),(0.7071067812,0.7071067812),(1.0000000000,1.0000000000)))
REPRESENTATION_ITEM('')
SURFACE()
);

#6502=ORIENTED_EDGE('',*,*,#6466,.F.);
#6510=ORIENTED_EDGE('',*,*,#6308,.F.);
#6517=ORIENTED_EDGE('',*,*,#6351,.F.);
#6518=(
BOUNDED_CURVE()
B_SPLINE_CURVE(2,(#6338,#6490,#6442),.UNSPECIFIED.,.F.,.F.)
B_SPLINE_CURVE_WITH_KNOTS((3,3),(0.000,1.000),.UNSPECIFIED.)
CURVE()
GEOMETRIC_REPRESENTATION_ITEM()
RATIONAL_B_SPLINE_CURVE((1.0000000000,0.7071067812,1.0000000000))
REPRESENTATION_ITEM('')
);

#6522=EDGE_CURVE('',#6345,#6465,#6518,.T.);
#6523=ORIENTED_EDGE('',*,*,#6522,.T.);
#6524=EDGE_LOOP('',(#6502,#6510,#6517,#6523));
#6525=FACE_OUTER_BOUND('',#6524,.T.);
#6526=ADVANCED_FACE('',(#6525),#6487,.T.);
#6527=COLOUR_RGB('',0.39,0.39,0.39);
#6528=FILL_AREA_STYLE_COLOUR('',#6527);
#6529=FILL_AREA_STYLE('',(#6528));
#6530=SURFACE_STYLE_FILL_AREA(#6529);
#6531=SURFACE_STYLE_TRANSPARENT(0.00);
#6532=SURFACE_STYLE_RENDERING_WITH_PROPERTIES(.NORMAL_SHADING.,#6527,(#6531));
#6533=SURFACE_SIDE_STYLE('',(#6530, #6532));
#6534=SURFACE_STYLE_USAGE(.BOTH.,#6533);
#6535=PRESENTATION_STYLE_ASSIGNMENT((#6534));
#6536=STYLED_ITEM('',(#6535),#6526);

#6538=CARTESIAN_POINT('',(8.97050,-6.30000,-8.97050));
#6539=CARTESIAN_POINT('',(-8.97050,-6.30000,-8.97050));
#6540=CARTESIAN_POINT('',(8.97050,-6.30000,8.97050));
#6541=CARTESIAN_POINT('',(-8.97050,-6.30000,8.97050));
#6537=(
BOUNDED_SURFACE()
B_SPLINE_SURFACE(1,1,((#6538,#6539),(#6540,#6541)),.UNSPECIFIED.,.F.,.F.,.F.)
B_SPLINE_SURFACE_WITH_KNOTS((2,2),(2,2),(0.000,1.000),(0.000,1.000),.UNSPECIFIED.)
GEOMETRIC_REPRESENTATION_ITEM()
RATIONAL_B_SPLINE_SURFACE(((1.0000000000,1.0000000000),(1.0000000000,1.0000000000)))
REPRESENTATION_ITEM('')
SURFACE()
);

#6551=ORIENTED_EDGE('',*,*,#6522,.F.);
#6559=ORIENTED_EDGE('',*,*,#6372,.F.);
#6567=ORIENTED_EDGE('',*,*,#6422,.F.);
#6573=ORIENTED_EDGE('',*,*,#6472,.F.);
#6574=EDGE_LOOP('',(#6551,#6559,#6567,#6573));
#6575=FACE_OUTER_BOUND('',#6574,.T.);
#6576=CARTESIAN_POINT('',(-0.00000,-6.30000,7.00000));
#6577=VERTEX_POINT('',#6576);
#6580=CARTESIAN_POINT('',(-7.00000,-6.30000,7.00000));
#6581=CARTESIAN_POINT('',(-7.00000,-6.30000,0.00000));
#6578=(
BOUNDED_CURVE()
B_SPLINE_CURVE(2,(#6576,#6580,#6581),.UNSPECIFIED.,.F.,.F.)
B_SPLINE_CURVE_WITH_KNOTS((3,3),(0.000,1.000),.UNSPECIFIED.)
CURVE()
GEOMETRIC_REPRESENTATION_ITEM()
RATIONAL_B_SPLINE_CURVE((1.0000000000,0.7071067812,1.0000000000))
REPRESENTATION_ITEM('')
);

#6583=VERTEX_POINT('',#6581);
#6584=EDGE_CURVE('',#6577,#6583,#6578,.T.);
#6585=ORIENTED_EDGE('',*,*,#6584,.T.);
#6588=CARTESIAN_POINT('',(-7.00000,-6.30000,-7.00000));
#6589=CARTESIAN_POINT('',(0.00000,-6.30000,-7.00000));
#6586=(
BOUNDED_CURVE()
B_SPLINE_CURVE(2,(#6581,#6588,#6589),.UNSPECIFIED.,.F.,.F.)
B_SPLINE_CURVE_WITH_KNOTS((3,3),(0.000,1.000),.UNSPECIFIED.)
CURVE()
GEOMETRIC_REPRESENTATION_ITEM()
RATIONAL_B_SPLINE_CURVE((1.0000000000,0.7071067812,1.0000000000))
REPRESENTATION_ITEM('')
);

#6591=VERTEX_POINT('',#6589);
#6592=EDGE_CURVE('',#6583,#6591,#6586,.T.);
#6593=ORIENTED_EDGE('',*,*,#6592,.T.);
#6596=CARTESIAN_POINT('',(7.00000,-6.30000,-7.00000));
#6597=CARTESIAN_POINT('',(7.00000,-6.30000,0.00000));
#6594=(
BOUNDED_CURVE()
B_SPLINE_CURVE(2,(#6589,#6596,#6597),.UNSPECIFIED.,.F.,.F.)
B_SPLINE_CURVE_WITH_KNOTS((3,3),(0.000,1.000),.UNSPECIFIED.)
CURVE()
GEOMETRIC_REPRESENTATION_ITEM()
RATIONAL_B_SPLINE_CURVE((1.0000000000,0.7071067812,1.0000000000))
REPRESENTATION_ITEM('')
);

#6599=VERTEX_POINT('',#6597);
#6600=EDGE_CURVE('',#6591,#6599,#6594,.T.);
#6601=ORIENTED_EDGE('',*,*,#6600,.T.);
#6604=CARTESIAN_POINT('',(7.00000,-6.30000,7.00000));
#6602=(
BOUNDED_CURVE()
B_SPLINE_CURVE(2,(#6597,#6604,#6576),.UNSPECIFIED.,.F.,.F.)
B_SPLINE_CURVE_WITH_KNOTS((3,3),(0.000,1.000),.UNSPECIFIED.)
CURVE()
GEOMETRIC_REPRESENTATION_ITEM()
RATIONAL_B_SPLINE_CURVE((1.0000000000,0.7071067812,1.0000000000))
REPRESENTATION_ITEM('')
);

#6606=EDGE_CURVE('',#6599,#6577,#6602,.T.);
#6607=ORIENTED_EDGE('',*,*,#6606,.T.);
#6608=EDGE_LOOP('',(#6585,#6593,#6601,#6607));
#6609=FACE_BOUND('',#6608,.T.);
#6610=ADVANCED_FACE('',(#6575,#6609),#6537,.T.);
#6611=COLOUR_RGB('',0.39,0.39,0.39);
#6612=FILL_AREA_STYLE_COLOUR('',#6611);
#6613=FILL_AREA_STYLE('',(#6612));
#6614=SURFACE_STYLE_FILL_AREA(#6613);
#6615=SURFACE_STYLE_TRANSPARENT(0.00);
#6616=SURFACE_STYLE_RENDERING_WITH_PROPERTIES(.NORMAL_SHADING.,#6611,(#6615));
#6617=SURFACE_SIDE_STYLE('',(#6614, #6616));
#6618=SURFACE_STYLE_USAGE(.BOTH.,#6617);
#6619=PRESENTATION_STYLE_ASSIGNMENT((#6618));
#6620=STYLED_ITEM('',(#6619),#6610);

#6622=CARTESIAN_POINT('',(-7.00000,0.00000,0.00000));
#6624=CARTESIAN_POINT('',(-7.00000,0.00000,7.00000));
#6626=CARTESIAN_POINT('',(-0.00000,0.00000,7.00000));
#6621=(
BOUNDED_SURFACE()
B_SPLINE_SURFACE(2,1,((#6622,#6581),(#6624,#6580),(#6626,#6576)),.UNSPECIFIED.,.F.,.F.,.F.)
B_SPLINE_SURFACE_WITH_KNOTS((3,3),(2,2),(0.000,1.000),(0.000,1.000),.UNSPECIFIED.)
GEOMETRIC_REPRESENTATION_ITEM()
RATIONAL_B_SPLINE_SURFACE(((1.0000000000,1.0000000000),(0.7071067812,0.7071067812),(1.0000000000,1.0000000000)))
REPRESENTATION_ITEM('')
SURFACE()
);

#6629=VERTEX_POINT('',#6622);
#6630=(
BOUNDED_CURVE()
B_SPLINE_CURVE(1,(#6622,#6581),.UNSPECIFIED.,.F.,.F.)
B_SPLINE_CURVE_WITH_KNOTS((2,2),(0.000,1.000),.UNSPECIFIED.)
CURVE()
GEOMETRIC_REPRESENTATION_ITEM()
RATIONAL_B_SPLINE_CURVE((1.0000000000,1.0000000000))
REPRESENTATION_ITEM('')
);

#6635=EDGE_CURVE('',#6629,#6583,#6630,.T.);
#6636=ORIENTED_EDGE('',*,*,#6635,.T.);
#6644=ORIENTED_EDGE('',*,*,#6584,.F.);
#6645=(
BOUNDED_CURVE()
B_SPLINE_CURVE(1,(#6576,#6626),.UNSPECIFIED.,.F.,.F.)
B_SPLINE_CURVE_WITH_KNOTS((2,2),(0.000,1.000),.UNSPECIFIED.)
CURVE()
GEOMETRIC_REPRESENTATION_ITEM()
RATIONAL_B_SPLINE_CURVE((1.0000000000,1.0000000000))
REPRESENTATION_ITEM('')
);

#6649=VERTEX_POINT('',#6626);
#6650=EDGE_CURVE('',#6577,#6649,#6645,.T.);
#6651=ORIENTED_EDGE('',*,*,#6650,.T.);
#6652=(
BOUNDED_CURVE()
B_SPLINE_CURVE(2,(#6626,#6624,#6622),.UNSPECIFIED.,.F.,.F.)
B_SPLINE_CURVE_WITH_KNOTS((3,3),(0.000,1.000),.UNSPECIFIED.)
CURVE()
GEOMETRIC_REPRESENTATION_ITEM()
RATIONAL_B_SPLINE_CURVE((1.0000000000,0.7071067812,1.0000000000))
REPRESENTATION_ITEM('')
);

#6656=EDGE_CURVE('',#6649,#6629,#6652,.T.);
#6657=ORIENTED_EDGE('',*,*,#6656,.T.);
#6658=EDGE_LOOP('',(#6636,#6644,#6651,#6657));
#6659=FACE_OUTER_BOUND('',#6658,.T.);
#6660=ADVANCED_FACE('',(#6659),#6621,.T.);
#6661=COLOUR_RGB('',0.39,0.39,0.39);
#6662=FILL_AREA_STYLE_COLOUR('',#6661);
#6663=FILL_AREA_STYLE('',(#6662));
#6664=SURFACE_STYLE_FILL_AREA(#6663);
#6665=SURFACE_STYLE_TRANSPARENT(0.00);
#6666=SURFACE_STYLE_RENDERING_WITH_PROPERTIES(.NORMAL_SHADING.,#6661,(#6665));
#6667=SURFACE_SIDE_STYLE('',(#6664, #6666));
#6668=SURFACE_STYLE_USAGE(.BOTH.,#6667);
#6669=PRESENTATION_STYLE_ASSIGNMENT((#6668));
#6670=STYLED_ITEM('',(#6669),#6660);

#6674=CARTESIAN_POINT('',(7.00000,0.00000,7.00000));
#6676=CARTESIAN_POINT('',(7.00000,0.00000,0.00000));
#6671=(
BOUNDED_SURFACE()
B_SPLINE_SURFACE(2,1,((#6626,#6576),(#6674,#6604),(#6676,#6597)),.UNSPECIFIED.,.F.,.F.,.F.)
B_SPLINE_SURFACE_WITH_KNOTS((3,3),(2,2),(0.000,1.000),(0.000,1.000),.UNSPECIFIED.)
GEOMETRIC_REPRESENTATION_ITEM()
RATIONAL_B_SPLINE_SURFACE(((1.0000000000,1.0000000000),(0.7071067812,0.7071067812),(1.0000000000,1.0000000000)))
REPRESENTATION_ITEM('')
SURFACE()
);

#6686=ORIENTED_EDGE('',*,*,#6650,.F.);
#6694=ORIENTED_EDGE('',*,*,#6606,.F.);
#6695=(
BOUNDED_CURVE()
B_SPLINE_CURVE(1,(#6597,#6676),.UNSPECIFIED.,.F.,.F.)
B_SPLINE_CURVE_WITH_KNOTS((2,2),(0.000,1.000),.UNSPECIFIED.)
CURVE()
GEOMETRIC_REPRESENTATION_ITEM()
RATIONAL_B_SPLINE_CURVE((1.0000000000,1.0000000000))
REPRESENTATION_ITEM('')
);

#6699=VERTEX_POINT('',#6676);
#6700=EDGE_CURVE('',#6599,#6699,#6695,.T.);
#6701=ORIENTED_EDGE('',*,*,#6700,.T.);
#6702=(
BOUNDED_CURVE()
B_SPLINE_CURVE(2,(#6676,#6674,#6626),.UNSPECIFIED.,.F.,.F.)
B_SPLINE_CURVE_WITH_KNOTS((3,3),(0.000,1.000),.UNSPECIFIED.)
CURVE()
GEOMETRIC_REPRESENTATION_ITEM()
RATIONAL_B_SPLINE_CURVE((1.0000000000,0.7071067812,1.0000000000))
REPRESENTATION_ITEM('')
);

#6706=EDGE_CURVE('',#6699,#6649,#6702,.T.);
#6707=ORIENTED_EDGE('',*,*,#6706,.T.);
#6708=EDGE_LOOP('',(#6686,#6694,#6701,#6707));
#6709=FACE_OUTER_BOUND('',#6708,.T.);
#6710=ADVANCED_FACE('',(#6709),#6671,.T.);
#6711=COLOUR_RGB('',0.39,0.39,0.39);
#6712=FILL_AREA_STYLE_COLOUR('',#6711);
#6713=FILL_AREA_STYLE('',(#6712));
#6714=SURFACE_STYLE_FILL_AREA(#6713);
#6715=SURFACE_STYLE_TRANSPARENT(0.00);
#6716=SURFACE_STYLE_RENDERING_WITH_PROPERTIES(.NORMAL_SHADING.,#6711,(#6715));
#6717=SURFACE_SIDE_STYLE('',(#6714, #6716));
#6718=SURFACE_STYLE_USAGE(.BOTH.,#6717);
#6719=PRESENTATION_STYLE_ASSIGNMENT((#6718));
#6720=STYLED_ITEM('',(#6719),#6710);

#6724=CARTESIAN_POINT('',(7.00000,0.00000,-7.00000));
#6726=CARTESIAN_POINT('',(0.00000,0.00000,-7.00000));
#6721=(
BOUNDED_SURFACE()
B_SPLINE_SURFACE(2,1,((#6676,#6597),(#6724,#6596),(#6726,#6589)),.UNSPECIFIED.,.F.,.F.,.F.)
B_SPLINE_SURFACE_WITH_KNOTS((3,3),(2,2),(0.000,1.000),(0.000,1.000),.UNSPECIFIED.)
GEOMETRIC_REPRESENTATION_ITEM()
RATIONAL_B_SPLINE_SURFACE(((1.0000000000,1.0000000000),(0.7071067812,0.7071067812),(1.0000000000,1.0000000000)))
REPRESENTATION_ITEM('')
SURFACE()
);

#6736=ORIENTED_EDGE('',*,*,#6700,.F.);
#6744=ORIENTED_EDGE('',*,*,#6600,.F.);
#6745=(
BOUNDED_CURVE()
B_SPLINE_CURVE(1,(#6589,#6726),.UNSPECIFIED.,.F.,.F.)
B_SPLINE_CURVE_WITH_KNOTS((2,2),(0.000,1.000),.UNSPECIFIED.)
CURVE()
GEOMETRIC_REPRESENTATION_ITEM()
RATIONAL_B_SPLINE_CURVE((1.0000000000,1.0000000000))
REPRESENTATION_ITEM('')
);

#6749=VERTEX_POINT('',#6726);
#6750=EDGE_CURVE('',#6591,#6749,#6745,.T.);
#6751=ORIENTED_EDGE('',*,*,#6750,.T.);
#6752=(
BOUNDED_CURVE()
B_SPLINE_CURVE(2,(#6726,#6724,#6676),.UNSPECIFIED.,.F.,.F.)
B_SPLINE_CURVE_WITH_KNOTS((3,3),(0.000,1.000),.UNSPECIFIED.)
CURVE()
GEOMETRIC_REPRESENTATION_ITEM()
RATIONAL_B_SPLINE_CURVE((1.0000000000,0.7071067812,1.0000000000))
REPRESENTATION_ITEM('')
);

#6756=EDGE_CURVE('',#6749,#6699,#6752,.T.);
#6757=ORIENTED_EDGE('',*,*,#6756,.T.);
#6758=EDGE_LOOP('',(#6736,#6744,#6751,#6757));
#6759=FACE_OUTER_BOUND('',#6758,.T.);
#6760=ADVANCED_FACE('',(#6759),#6721,.T.);
#6761=COLOUR_RGB('',0.39,0.39,0.39);
#6762=FILL_AREA_STYLE_COLOUR('',#6761);
#6763=FILL_AREA_STYLE('',(#6762));
#6764=SURFACE_STYLE_FILL_AREA(#6763);
#6765=SURFACE_STYLE_TRANSPARENT(0.00);
#6766=SURFACE_STYLE_RENDERING_WITH_PROPERTIES(.NORMAL_SHADING.,#6761,(#6765));
#6767=SURFACE_SIDE_STYLE('',(#6764, #6766));
#6768=SURFACE_STYLE_USAGE(.BOTH.,#6767);
#6769=PRESENTATION_STYLE_ASSIGNMENT((#6768));
#6770=STYLED_ITEM('',(#6769),#6760);

#6774=CARTESIAN_POINT('',(-7.00000,0.00000,-7.00000));
#6771=(
BOUNDED_SURFACE()
B_SPLINE_SURFACE(2,1,((#6726,#6589),(#6774,#6588),(#6622,#6581)),.UNSPECIFIED.,.F.,.F.,.F.)
B_SPLINE_SURFACE_WITH_KNOTS((3,3),(2,2),(0.000,1.000),(0.000,1.000),.UNSPECIFIED.)
GEOMETRIC_REPRESENTATION_ITEM()
RATIONAL_B_SPLINE_SURFACE(((1.0000000000,1.0000000000),(0.7071067812,0.7071067812),(1.0000000000,1.0000000000)))
REPRESENTATION_ITEM('')
SURFACE()
);

#6786=ORIENTED_EDGE('',*,*,#6750,.F.);
#6794=ORIENTED_EDGE('',*,*,#6592,.F.);
#6801=ORIENTED_EDGE('',*,*,#6635,.F.);
#6802=(
BOUNDED_CURVE()
B_SPLINE_CURVE(2,(#6622,#6774,#6726),.UNSPECIFIED.,.F.,.F.)
B_SPLINE_CURVE_WITH_KNOTS((3,3),(0.000,1.000),.UNSPECIFIED.)
CURVE()
GEOMETRIC_REPRESENTATION_ITEM()
RATIONAL_B_SPLINE_CURVE((1.0000000000,0.7071067812,1.0000000000))
REPRESENTATION_ITEM('')
);

#6806=EDGE_CURVE('',#6629,#6749,#6802,.T.);
#6807=ORIENTED_EDGE('',*,*,#6806,.T.);
#6808=EDGE_LOOP('',(#6786,#6794,#6801,#6807));
#6809=FACE_OUTER_BOUND('',#6808,.T.);
#6810=ADVANCED_FACE('',(#6809),#6771,.T.);
#6811=COLOUR_RGB('',0.39,0.39,0.39);
#6812=FILL_AREA_STYLE_COLOUR('',#6811);
#6813=FILL_AREA_STYLE('',(#6812));
#6814=SURFACE_STYLE_FILL_AREA(#6813);
#6815=SURFACE_STYLE_TRANSPARENT(0.00);
#6816=SURFACE_STYLE_RENDERING_WITH_PROPERTIES(.NORMAL_SHADING.,#6811,(#6815));
#6817=SURFACE_SIDE_STYLE('',(#6814, #6816));
#6818=SURFACE_STYLE_USAGE(.BOTH.,#6817);
#6819=PRESENTATION_STYLE_ASSIGNMENT((#6818));
#6820=STYLED_ITEM('',(#6819),#6810);

#6822=CARTESIAN_POINT('',(22.75050,0.00000,22.75050));
#6823=CARTESIAN_POINT('',(-22.75050,0.00000,22.75050));
#6824=CARTESIAN_POINT('',(22.75050,0.00000,-22.75050));
#6825=CARTESIAN_POINT('',(-22.75050,0.00000,-22.75050));
#6821=(
BOUNDED_SURFACE()
B_SPLINE_SURFACE(1,1,((#6822,#6823),(#6824,#6825)),.UNSPECIFIED.,.F.,.F.,.F.)
B_SPLINE_SURFACE_WITH_KNOTS((2,2),(2,2),(0.000,1.000),(0.000,1.000),.UNSPECIFIED.)
GEOMETRIC_REPRESENTATION_ITEM()
RATIONAL_B_SPLINE_SURFACE(((1.0000000000,1.0000000000),(1.0000000000,1.0000000000)))
REPRESENTATION_ITEM('')
SURFACE()
);

#6826=CARTESIAN_POINT('',(-20.25000,0.00000,1.50000));
#6827=VERTEX_POINT('',#6826);
#6830=CARTESIAN_POINT('',(-20.25000,0.00000,-1.50000));
#6828=(
BOUNDED_CURVE()
B_SPLINE_CURVE(1,(#6826,#6830),.UNSPECIFIED.,.F.,.F.)
B_SPLINE_CURVE_WITH_KNOTS((2,2),(0.000,1.000),.UNSPECIFIED.)
CURVE()
GEOMETRIC_REPRESENTATION_ITEM()
RATIONAL_B_SPLINE_CURVE((1.0000000000,1.0000000000))
REPRESENTATION_ITEM('')
);

#6832=VERTEX_POINT('',#6830);
#6833=EDGE_CURVE('',#6827,#6832,#6828,.T.);
#6834=ORIENTED_EDGE('',*,*,#6833,.T.);
#6835=(
BOUNDED_CURVE()
B_SPLINE_CURVE(1,(#6830,#362),.UNSPECIFIED.,.F.,.F.)
B_SPLINE_CURVE_WITH_KNOTS((2,2),(0.000,1.000),.UNSPECIFIED.)
CURVE()
GEOMETRIC_REPRESENTATION_ITEM()
RATIONAL_B_SPLINE_CURVE((1.0000000000,1.0000000000))
REPRESENTATION_ITEM('')
);

#6840=EDGE_CURVE('',#6832,#364,#6835,.T.);
#6841=ORIENTED_EDGE('',*,*,#6840,.T.);
#6849=ORIENTED_EDGE('',*,*,#365,.F.);
#6857=ORIENTED_EDGE('',*,*,#322,.F.);
#6865=ORIENTED_EDGE('',*,*,#272,.F.);
#6873=ORIENTED_EDGE('',*,*,#222,.F.);
#6874=(
BOUNDED_CURVE()
B_SPLINE_CURVE(1,(#211,#6826),.UNSPECIFIED.,.F.,.F.)
B_SPLINE_CURVE_WITH_KNOTS((2,2),(0.000,1.000),.UNSPECIFIED.)
CURVE()
GEOMETRIC_REPRESENTATION_ITEM()
RATIONAL_B_SPLINE_CURVE((1.0000000000,1.0000000000))
REPRESENTATION_ITEM('')
);

#6877=EDGE_CURVE('',#213,#6827,#6874,.T.);
#6878=ORIENTED_EDGE('',*,*,#6877,.T.);
#6879=EDGE_LOOP('',(#6834,#6841,#6849,#6857,#6865,#6873,#6878));
#6880=FACE_OUTER_BOUND('',#6879,.T.);
#6890=ORIENTED_EDGE('',*,*,#6806,.F.);
#6898=ORIENTED_EDGE('',*,*,#6656,.F.);
#6906=ORIENTED_EDGE('',*,*,#6706,.F.);
#6912=ORIENTED_EDGE('',*,*,#6756,.F.);
#6913=EDGE_LOOP('',(#6890,#6898,#6906,#6912));
#6914=FACE_BOUND('',#6913,.T.);
#6915=CARTESIAN_POINT('',(-15.50000,0.00000,-1.50000));
#6916=VERTEX_POINT('',#6915);
#6919=CARTESIAN_POINT('',(-17.00000,0.00000,-1.50000));
#6920=CARTESIAN_POINT('',(-17.00000,0.00000,-0.00000));
#6917=(
BOUNDED_CURVE()
B_SPLINE_CURVE(2,(#6915,#6919,#6920),.UNSPECIFIED.,.F.,.F.)
B_SPLINE_CURVE_WITH_KNOTS((3,3),(0.000,1.000),.UNSPECIFIED.)
CURVE()
GEOMETRIC_REPRESENTATION_ITEM()
RATIONAL_B_SPLINE_CURVE((1.0000000000,0.7071067812,1.0000000000))
REPRESENTATION_ITEM('')
);

#6922=VERTEX_POINT('',#6920);
#6923=EDGE_CURVE('',#6916,#6922,#6917,.T.);
#6924=ORIENTED_EDGE('',*,*,#6923,.T.);
#6927=CARTESIAN_POINT('',(-17.00000,0.00000,1.50000));
#6928=CARTESIAN_POINT('',(-15.50000,0.00000,1.50000));
#6925=(
BOUNDED_CURVE()
B_SPLINE_CURVE(2,(#6920,#6927,#6928),.UNSPECIFIED.,.F.,.F.)
B_SPLINE_CURVE_WITH_KNOTS((3,3),(0.000,1.000),.UNSPECIFIED.)
CURVE()
GEOMETRIC_REPRESENTATION_ITEM()
RATIONAL_B_SPLINE_CURVE((1.0000000000,0.7071067812,1.0000000000))
REPRESENTATION_ITEM('')
);

#6930=VERTEX_POINT('',#6928);
#6931=EDGE_CURVE('',#6922,#6930,#6925,.T.);
#6932=ORIENTED_EDGE('',*,*,#6931,.T.);
#6935=CARTESIAN_POINT('',(-14.00000,0.00000,1.50000));
#6936=CARTESIAN_POINT('',(-14.00000,0.00000,0.00000));
#6933=(
BOUNDED_CURVE()
B_SPLINE_CURVE(2,(#6928,#6935,#6936),.UNSPECIFIED.,.F.,.F.)
B_SPLINE_CURVE_WITH_KNOTS((3,3),(0.000,1.000),.UNSPECIFIED.)
CURVE()
GEOMETRIC_REPRESENTATION_ITEM()
RATIONAL_B_SPLINE_CURVE((1.0000000000,0.7071067812,1.0000000000))
REPRESENTATION_ITEM('')
);

#6938=VERTEX_POINT('',#6936);
#6939=EDGE_CURVE('',#6930,#6938,#6933,.T.);
#6940=ORIENTED_EDGE('',*,*,#6939,.T.);
#6943=CARTESIAN_POINT('',(-14.00000,0.00000,-1.50000));
#6941=(
BOUNDED_CURVE()
B_SPLINE_CURVE(2,(#6936,#6943,#6915),.UNSPECIFIED.,.F.,.F.)
B_SPLINE_CURVE_WITH_KNOTS((3,3),(0.000,1.000),.UNSPECIFIED.)
CURVE()
GEOMETRIC_REPRESENTATION_ITEM()
RATIONAL_B_SPLINE_CURVE((1.0000000000,0.7071067812,1.0000000000))
REPRESENTATION_ITEM('')
);

#6945=EDGE_CURVE('',#6938,#6916,#6941,.T.);
#6946=ORIENTED_EDGE('',*,*,#6945,.T.);
#6947=EDGE_LOOP('',(#6924,#6932,#6940,#6946));
#6948=FACE_BOUND('',#6947,.T.);
#6949=CARTESIAN_POINT('',(-19.62249,0.00000,-4.86756));
#6950=VERTEX_POINT('',#6949);
#6953=CARTESIAN_POINT('',(-20.62249,0.00000,-4.86756));
#6954=CARTESIAN_POINT('',(-20.62249,0.00000,-3.86756));
#6951=(
BOUNDED_CURVE()
B_SPLINE_CURVE(2,(#6949,#6953,#6954),.UNSPECIFIED.,.F.,.F.)
B_SPLINE_CURVE_WITH_KNOTS((3,3),(0.000,1.000),.UNSPECIFIED.)
CURVE()
GEOMETRIC_REPRESENTATION_ITEM()
RATIONAL_B_SPLINE_CURVE((1.0000000000,0.7071067812,1.0000000000))
REPRESENTATION_ITEM('')
);

#6956=VERTEX_POINT('',#6954);
#6957=EDGE_CURVE('',#6950,#6956,#6951,.T.);
#6958=ORIENTED_EDGE('',*,*,#6957,.T.);
#6961=CARTESIAN_POINT('',(-20.62249,0.00000,-2.86756));
#6962=CARTESIAN_POINT('',(-19.62249,0.00000,-2.86756));
#6959=(
BOUNDED_CURVE()
B_SPLINE_CURVE(2,(#6954,#6961,#6962),.UNSPECIFIED.,.F.,.F.)
B_SPLINE_CURVE_WITH_KNOTS((3,3),(0.000,1.000),.UNSPECIFIED.)
CURVE()
GEOMETRIC_REPRESENTATION_ITEM()
RATIONAL_B_SPLINE_CURVE((1.0000000000,0.7071067812,1.0000000000))
REPRESENTATION_ITEM('')
);

#6964=VERTEX_POINT('',#6962);
#6965=EDGE_CURVE('',#6956,#6964,#6959,.T.);
#6966=ORIENTED_EDGE('',*,*,#6965,.T.);
#6969=CARTESIAN_POINT('',(-18.62249,0.00000,-2.86756));
#6970=CARTESIAN_POINT('',(-18.62249,0.00000,-3.86756));
#6967=(
BOUNDED_CURVE()
B_SPLINE_CURVE(2,(#6962,#6969,#6970),.UNSPECIFIED.,.F.,.F.)
B_SPLINE_CURVE_WITH_KNOTS((3,3),(0.000,1.000),.UNSPECIFIED.)
CURVE()
GEOMETRIC_REPRESENTATION_ITEM()
RATIONAL_B_SPLINE_CURVE((1.0000000000,0.7071067812,1.0000000000))
REPRESENTATION_ITEM('')
);

#6972=VERTEX_POINT('',#6970);
#6973=EDGE_CURVE('',#6964,#6972,#6967,.T.);
#6974=ORIENTED_EDGE('',*,*,#6973,.T.);
#6977=CARTESIAN_POINT('',(-18.62249,0.00000,-4.86756));
#6975=(
BOUNDED_CURVE()
B_SPLINE_CURVE(2,(#6970,#6977,#6949),.UNSPECIFIED.,.F.,.F.)
B_SPLINE_CURVE_WITH_KNOTS((3,3),(0.000,1.000),.UNSPECIFIED.)
CURVE()
GEOMETRIC_REPRESENTATION_ITEM()
RATIONAL_B_SPLINE_CURVE((1.0000000000,0.7071067812,1.0000000000))
REPRESENTATION_ITEM('')
);

#6979=EDGE_CURVE('',#6972,#6950,#6975,.T.);
#6980=ORIENTED_EDGE('',*,*,#6979,.T.);
#6981=EDGE_LOOP('',(#6958,#6966,#6974,#6980));
#6982=FACE_BOUND('',#6981,.T.);
#6983=CARTESIAN_POINT('',(-17.95287,0.00000,-9.81445));
#6984=VERTEX_POINT('',#6983);
#6987=CARTESIAN_POINT('',(-18.95287,0.00000,-9.81445));
#6988=CARTESIAN_POINT('',(-18.95287,0.00000,-8.81445));
#6985=(
BOUNDED_CURVE()
B_SPLINE_CURVE(2,(#6983,#6987,#6988),.UNSPECIFIED.,.F.,.F.)
B_SPLINE_CURVE_WITH_KNOTS((3,3),(0.000,1.000),.UNSPECIFIED.)
CURVE()
GEOMETRIC_REPRESENTATION_ITEM()
RATIONAL_B_SPLINE_CURVE((1.0000000000,0.7071067812,1.0000000000))
REPRESENTATION_ITEM('')
);

#6990=VERTEX_POINT('',#6988);
#6991=EDGE_CURVE('',#6984,#6990,#6985,.T.);
#6992=ORIENTED_EDGE('',*,*,#6991,.T.);
#6995=CARTESIAN_POINT('',(-18.95287,0.00000,-7.81445));
#6996=CARTESIAN_POINT('',(-17.95287,0.00000,-7.81445));
#6993=(
BOUNDED_CURVE()
B_SPLINE_CURVE(2,(#6988,#6995,#6996),.UNSPECIFIED.,.F.,.F.)
B_SPLINE_CURVE_WITH_KNOTS((3,3),(0.000,1.000),.UNSPECIFIED.)
CURVE()
GEOMETRIC_REPRESENTATION_ITEM()
RATIONAL_B_SPLINE_CURVE((1.0000000000,0.7071067812,1.0000000000))
REPRESENTATION_ITEM('')
);

#6998=VERTEX_POINT('',#6996);
#6999=EDGE_CURVE('',#6990,#6998,#6993,.T.);
#7000=ORIENTED_EDGE('',*,*,#6999,.T.);
#7003=CARTESIAN_POINT('',(-16.95287,0.00000,-7.81445));
#7004=CARTESIAN_POINT('',(-16.95287,0.00000,-8.81445));
#7001=(
BOUNDED_CURVE()
B_SPLINE_CURVE(2,(#6996,#7003,#7004),.UNSPECIFIED.,.F.,.F.)
B_SPLINE_CURVE_WITH_KNOTS((3,3),(0.000,1.000),.UNSPECIFIED.)
CURVE()
GEOMETRIC_REPRESENTATION_ITEM()
RATIONAL_B_SPLINE_CURVE((1.0000000000,0.7071067812,1.0000000000))
REPRESENTATION_ITEM('')
);

#7006=VERTEX_POINT('',#7004);
#7007=EDGE_CURVE('',#6998,#7006,#7001,.T.);
#7008=ORIENTED_EDGE('',*,*,#7007,.T.);
#7011=CARTESIAN_POINT('',(-16.95287,0.00000,-9.81445));
#7009=(
BOUNDED_CURVE()
B_SPLINE_CURVE(2,(#7004,#7011,#6983),.UNSPECIFIED.,.F.,.F.)
B_SPLINE_CURVE_WITH_KNOTS((3,3),(0.000,1.000),.UNSPECIFIED.)
CURVE()
GEOMETRIC_REPRESENTATION_ITEM()
RATIONAL_B_SPLINE_CURVE((1.0000000000,0.7071067812,1.0000000000))
REPRESENTATION_ITEM('')
);

#7013=EDGE_CURVE('',#7006,#6984,#7009,.T.);
#7014=ORIENTED_EDGE('',*,*,#7013,.T.);
#7015=EDGE_LOOP('',(#6992,#7000,#7008,#7014));
#7016=FACE_BOUND('',#7015,.T.);
#7017=CARTESIAN_POINT('',(-15.05979,0.00000,-14.16065));
#7018=VERTEX_POINT('',#7017);
#7021=CARTESIAN_POINT('',(-16.05979,0.00000,-14.16065));
#7022=CARTESIAN_POINT('',(-16.05979,0.00000,-13.16065));
#7019=(
BOUNDED_CURVE()
B_SPLINE_CURVE(2,(#7017,#7021,#7022),.UNSPECIFIED.,.F.,.F.)
B_SPLINE_CURVE_WITH_KNOTS((3,3),(0.000,1.000),.UNSPECIFIED.)
CURVE()
GEOMETRIC_REPRESENTATION_ITEM()
RATIONAL_B_SPLINE_CURVE((1.0000000000,0.7071067812,1.0000000000))
REPRESENTATION_ITEM('')
);

#7024=VERTEX_POINT('',#7022);
#7025=EDGE_CURVE('',#7018,#7024,#7019,.T.);
#7026=ORIENTED_EDGE('',*,*,#7025,.T.);
#7029=CARTESIAN_POINT('',(-16.05979,0.00000,-12.16065));
#7030=CARTESIAN_POINT('',(-15.05979,0.00000,-12.16065));
#7027=(
BOUNDED_CURVE()
B_SPLINE_CURVE(2,(#7022,#7029,#7030),.UNSPECIFIED.,.F.,.F.)
B_SPLINE_CURVE_WITH_KNOTS((3,3),(0.000,1.000),.UNSPECIFIED.)
CURVE()
GEOMETRIC_REPRESENTATION_ITEM()
RATIONAL_B_SPLINE_CURVE((1.0000000000,0.7071067812,1.0000000000))
REPRESENTATION_ITEM('')
);

#7032=VERTEX_POINT('',#7030);
#7033=EDGE_CURVE('',#7024,#7032,#7027,.T.);
#7034=ORIENTED_EDGE('',*,*,#7033,.T.);
#7037=CARTESIAN_POINT('',(-14.05979,0.00000,-12.16065));
#7038=CARTESIAN_POINT('',(-14.05979,0.00000,-13.16065));
#7035=(
BOUNDED_CURVE()
B_SPLINE_CURVE(2,(#7030,#7037,#7038),.UNSPECIFIED.,.F.,.F.)
B_SPLINE_CURVE_WITH_KNOTS((3,3),(0.000,1.000),.UNSPECIFIED.)
CURVE()
GEOMETRIC_REPRESENTATION_ITEM()
RATIONAL_B_SPLINE_CURVE((1.0000000000,0.7071067812,1.0000000000))
REPRESENTATION_ITEM('')
);

#7040=VERTEX_POINT('',#7038);
#7041=EDGE_CURVE('',#7032,#7040,#7035,.T.);
#7042=ORIENTED_EDGE('',*,*,#7041,.T.);
#7045=CARTESIAN_POINT('',(-14.05979,0.00000,-14.16065));
#7043=(
BOUNDED_CURVE()
B_SPLINE_CURVE(2,(#7038,#7045,#7017),.UNSPECIFIED.,.F.,.F.)
B_SPLINE_CURVE_WITH_KNOTS((3,3),(0.000,1.000),.UNSPECIFIED.)
CURVE()
GEOMETRIC_REPRESENTATION_ITEM()
RATIONAL_B_SPLINE_CURVE((1.0000000000,0.7071067812,1.0000000000))
REPRESENTATION_ITEM('')
);

#7047=EDGE_CURVE('',#7040,#7018,#7043,.T.);
#7048=ORIENTED_EDGE('',*,*,#7047,.T.);
#7049=EDGE_LOOP('',(#7026,#7034,#7042,#7048));
#7050=FACE_BOUND('',#7049,.T.);
#7051=CARTESIAN_POINT('',(-11.14041,0.00000,-17.60997));
#7052=VERTEX_POINT('',#7051);
#7055=CARTESIAN_POINT('',(-12.14041,0.00000,-17.60997));
#7056=CARTESIAN_POINT('',(-12.14041,0.00000,-16.60997));
#7053=(
BOUNDED_CURVE()
B_SPLINE_CURVE(2,(#7051,#7055,#7056),.UNSPECIFIED.,.F.,.F.)
B_SPLINE_CURVE_WITH_KNOTS((3,3),(0.000,1.000),.UNSPECIFIED.)
CURVE()
GEOMETRIC_REPRESENTATION_ITEM()
RATIONAL_B_SPLINE_CURVE((1.0000000000,0.7071067812,1.0000000000))
REPRESENTATION_ITEM('')
);

#7058=VERTEX_POINT('',#7056);
#7059=EDGE_CURVE('',#7052,#7058,#7053,.T.);
#7060=ORIENTED_EDGE('',*,*,#7059,.T.);
#7063=CARTESIAN_POINT('',(-12.14041,0.00000,-15.60997));
#7064=CARTESIAN_POINT('',(-11.14041,0.00000,-15.60997));
#7061=(
BOUNDED_CURVE()
B_SPLINE_CURVE(2,(#7056,#7063,#7064),.UNSPECIFIED.,.F.,.F.)
B_SPLINE_CURVE_WITH_KNOTS((3,3),(0.000,1.000),.UNSPECIFIED.)
CURVE()
GEOMETRIC_REPRESENTATION_ITEM()
RATIONAL_B_SPLINE_CURVE((1.0000000000,0.7071067812,1.0000000000))
REPRESENTATION_ITEM('')
);

#7066=VERTEX_POINT('',#7064);
#7067=EDGE_CURVE('',#7058,#7066,#7061,.T.);
#7068=ORIENTED_EDGE('',*,*,#7067,.T.);
#7071=CARTESIAN_POINT('',(-10.14041,0.00000,-15.60997));
#7072=CARTESIAN_POINT('',(-10.14041,0.00000,-16.60997));
#7069=(
BOUNDED_CURVE()
B_SPLINE_CURVE(2,(#7064,#7071,#7072),.UNSPECIFIED.,.F.,.F.)
B_SPLINE_CURVE_WITH_KNOTS((3,3),(0.000,1.000),.UNSPECIFIED.)
CURVE()
GEOMETRIC_REPRESENTATION_ITEM()
RATIONAL_B_SPLINE_CURVE((1.0000000000,0.7071067812,1.0000000000))
REPRESENTATION_ITEM('')
);

#7074=VERTEX_POINT('',#7072);
#7075=EDGE_CURVE('',#7066,#7074,#7069,.T.);
#7076=ORIENTED_EDGE('',*,*,#7075,.T.);
#7079=CARTESIAN_POINT('',(-10.14041,0.00000,-17.60997));
#7077=(
BOUNDED_CURVE()
B_SPLINE_CURVE(2,(#7072,#7079,#7051),.UNSPECIFIED.,.F.,.F.)
B_SPLINE_CURVE_WITH_KNOTS((3,3),(0.000,1.000),.UNSPECIFIED.)
CURVE()
GEOMETRIC_REPRESENTATION_ITEM()
RATIONAL_B_SPLINE_CURVE((1.0000000000,0.7071067812,1.0000000000))
REPRESENTATION_ITEM('')
);

#7081=EDGE_CURVE('',#7074,#7052,#7077,.T.);
#7082=ORIENTED_EDGE('',*,*,#7081,.T.);
#7083=EDGE_LOOP('',(#7060,#7068,#7076,#7082));
#7084=FACE_BOUND('',#7083,.T.);
#7085=CARTESIAN_POINT('',(-6.46183,0.00000,-19.92735));
#7086=VERTEX_POINT('',#7085);
#7089=CARTESIAN_POINT('',(-7.46183,0.00000,-19.92735));
#7090=CARTESIAN_POINT('',(-7.46183,0.00000,-18.92735));
#7087=(
BOUNDED_CURVE()
B_SPLINE_CURVE(2,(#7085,#7089,#7090),.UNSPECIFIED.,.F.,.F.)
B_SPLINE_CURVE_WITH_KNOTS((3,3),(0.000,1.000),.UNSPECIFIED.)
CURVE()
GEOMETRIC_REPRESENTATION_ITEM()
RATIONAL_B_SPLINE_CURVE((1.0000000000,0.7071067812,1.0000000000))
REPRESENTATION_ITEM('')
);

#7092=VERTEX_POINT('',#7090);
#7093=EDGE_CURVE('',#7086,#7092,#7087,.T.);
#7094=ORIENTED_EDGE('',*,*,#7093,.T.);
#7097=CARTESIAN_POINT('',(-7.46183,0.00000,-17.92735));
#7098=CARTESIAN_POINT('',(-6.46183,0.00000,-17.92735));
#7095=(
BOUNDED_CURVE()
B_SPLINE_CURVE(2,(#7090,#7097,#7098),.UNSPECIFIED.,.F.,.F.)
B_SPLINE_CURVE_WITH_KNOTS((3,3),(0.000,1.000),.UNSPECIFIED.)
CURVE()
GEOMETRIC_REPRESENTATION_ITEM()
RATIONAL_B_SPLINE_CURVE((1.0000000000,0.7071067812,1.0000000000))
REPRESENTATION_ITEM('')
);

#7100=VERTEX_POINT('',#7098);
#7101=EDGE_CURVE('',#7092,#7100,#7095,.T.);
#7102=ORIENTED_EDGE('',*,*,#7101,.T.);
#7105=CARTESIAN_POINT('',(-5.46183,0.00000,-17.92735));
#7106=CARTESIAN_POINT('',(-5.46183,0.00000,-18.92735));
#7103=(
BOUNDED_CURVE()
B_SPLINE_CURVE(2,(#7098,#7105,#7106),.UNSPECIFIED.,.F.,.F.)
B_SPLINE_CURVE_WITH_KNOTS((3,3),(0.000,1.000),.UNSPECIFIED.)
CURVE()
GEOMETRIC_REPRESENTATION_ITEM()
RATIONAL_B_SPLINE_CURVE((1.0000000000,0.7071067812,1.0000000000))
REPRESENTATION_ITEM('')
);

#7108=VERTEX_POINT('',#7106);
#7109=EDGE_CURVE('',#7100,#7108,#7103,.T.);
#7110=ORIENTED_EDGE('',*,*,#7109,.T.);
#7113=CARTESIAN_POINT('',(-5.46183,0.00000,-19.92735));
#7111=(
BOUNDED_CURVE()
B_SPLINE_CURVE(2,(#7106,#7113,#7085),.UNSPECIFIED.,.F.,.F.)
B_SPLINE_CURVE_WITH_KNOTS((3,3),(0.000,1.000),.UNSPECIFIED.)
CURVE()
GEOMETRIC_REPRESENTATION_ITEM()
RATIONAL_B_SPLINE_CURVE((1.0000000000,0.7071067812,1.0000000000))
REPRESENTATION_ITEM('')
);

#7115=EDGE_CURVE('',#7108,#7086,#7111,.T.);
#7116=ORIENTED_EDGE('',*,*,#7115,.T.);
#7117=EDGE_LOOP('',(#7094,#7102,#7110,#7116));
#7118=FACE_BOUND('',#7117,.T.);
#7119=CARTESIAN_POINT('',(-1.34289,0.00000,-20.95487));
#7120=VERTEX_POINT('',#7119);
#7123=CARTESIAN_POINT('',(-2.34289,0.00000,-20.95487));
#7124=CARTESIAN_POINT('',(-2.34289,0.00000,-19.95487));
#7121=(
BOUNDED_CURVE()
B_SPLINE_CURVE(2,(#7119,#7123,#7124),.UNSPECIFIED.,.F.,.F.)
B_SPLINE_CURVE_WITH_KNOTS((3,3),(0.000,1.000),.UNSPECIFIED.)
CURVE()
GEOMETRIC_REPRESENTATION_ITEM()
RATIONAL_B_SPLINE_CURVE((1.0000000000,0.7071067812,1.0000000000))
REPRESENTATION_ITEM('')
);

#7126=VERTEX_POINT('',#7124);
#7127=EDGE_CURVE('',#7120,#7126,#7121,.T.);
#7128=ORIENTED_EDGE('',*,*,#7127,.T.);
#7131=CARTESIAN_POINT('',(-2.34289,0.00000,-18.95487));
#7132=CARTESIAN_POINT('',(-1.34289,0.00000,-18.95487));
#7129=(
BOUNDED_CURVE()
B_SPLINE_CURVE(2,(#7124,#7131,#7132),.UNSPECIFIED.,.F.,.F.)
B_SPLINE_CURVE_WITH_KNOTS((3,3),(0.000,1.000),.UNSPECIFIED.)
CURVE()
GEOMETRIC_REPRESENTATION_ITEM()
RATIONAL_B_SPLINE_CURVE((1.0000000000,0.7071067812,1.0000000000))
REPRESENTATION_ITEM('')
);

#7134=VERTEX_POINT('',#7132);
#7135=EDGE_CURVE('',#7126,#7134,#7129,.T.);
#7136=ORIENTED_EDGE('',*,*,#7135,.T.);
#7139=CARTESIAN_POINT('',(-0.34289,0.00000,-18.95487));
#7140=CARTESIAN_POINT('',(-0.34289,0.00000,-19.95487));
#7137=(
BOUNDED_CURVE()
B_SPLINE_CURVE(2,(#7132,#7139,#7140),.UNSPECIFIED.,.F.,.F.)
B_SPLINE_CURVE_WITH_KNOTS((3,3),(0.000,1.000),.UNSPECIFIED.)
CURVE()
GEOMETRIC_REPRESENTATION_ITEM()
RATIONAL_B_SPLINE_CURVE((1.0000000000,0.7071067812,1.0000000000))
REPRESENTATION_ITEM('')
);

#7142=VERTEX_POINT('',#7140);
#7143=EDGE_CURVE('',#7134,#7142,#7137,.T.);
#7144=ORIENTED_EDGE('',*,*,#7143,.T.);
#7147=CARTESIAN_POINT('',(-0.34289,0.00000,-20.95487));
#7145=(
BOUNDED_CURVE()
B_SPLINE_CURVE(2,(#7140,#7147,#7119),.UNSPECIFIED.,.F.,.F.)
B_SPLINE_CURVE_WITH_KNOTS((3,3),(0.000,1.000),.UNSPECIFIED.)
CURVE()
GEOMETRIC_REPRESENTATION_ITEM()
RATIONAL_B_SPLINE_CURVE((1.0000000000,0.7071067812,1.0000000000))
REPRESENTATION_ITEM('')
);

#7149=EDGE_CURVE('',#7142,#7120,#7145,.T.);
#7150=ORIENTED_EDGE('',*,*,#7149,.T.);
#7151=EDGE_LOOP('',(#7128,#7136,#7144,#7150));
#7152=FACE_BOUND('',#7151,.T.);
#7153=CARTESIAN_POINT('',(3.86756,0.00000,-20.62249));
#7154=VERTEX_POINT('',#7153);
#7157=CARTESIAN_POINT('',(2.86756,0.00000,-20.62249));
#7158=CARTESIAN_POINT('',(2.86756,0.00000,-19.62249));
#7155=(
BOUNDED_CURVE()
B_SPLINE_CURVE(2,(#7153,#7157,#7158),.UNSPECIFIED.,.F.,.F.)
B_SPLINE_CURVE_WITH_KNOTS((3,3),(0.000,1.000),.UNSPECIFIED.)
CURVE()
GEOMETRIC_REPRESENTATION_ITEM()
RATIONAL_B_SPLINE_CURVE((1.0000000000,0.7071067812,1.0000000000))
REPRESENTATION_ITEM('')
);

#7160=VERTEX_POINT('',#7158);
#7161=EDGE_CURVE('',#7154,#7160,#7155,.T.);
#7162=ORIENTED_EDGE('',*,*,#7161,.T.);
#7165=CARTESIAN_POINT('',(2.86756,0.00000,-18.62249));
#7166=CARTESIAN_POINT('',(3.86756,0.00000,-18.62249));
#7163=(
BOUNDED_CURVE()
B_SPLINE_CURVE(2,(#7158,#7165,#7166),.UNSPECIFIED.,.F.,.F.)
B_SPLINE_CURVE_WITH_KNOTS((3,3),(0.000,1.000),.UNSPECIFIED.)
CURVE()
GEOMETRIC_REPRESENTATION_ITEM()
RATIONAL_B_SPLINE_CURVE((1.0000000000,0.7071067812,1.0000000000))
REPRESENTATION_ITEM('')
);

#7168=VERTEX_POINT('',#7166);
#7169=EDGE_CURVE('',#7160,#7168,#7163,.T.);
#7170=ORIENTED_EDGE('',*,*,#7169,.T.);
#7173=CARTESIAN_POINT('',(4.86756,0.00000,-18.62249));
#7174=CARTESIAN_POINT('',(4.86756,0.00000,-19.62249));
#7171=(
BOUNDED_CURVE()
B_SPLINE_CURVE(2,(#7166,#7173,#7174),.UNSPECIFIED.,.F.,.F.)
B_SPLINE_CURVE_WITH_KNOTS((3,3),(0.000,1.000),.UNSPECIFIED.)
CURVE()
GEOMETRIC_REPRESENTATION_ITEM()
RATIONAL_B_SPLINE_CURVE((1.0000000000,0.7071067812,1.0000000000))
REPRESENTATION_ITEM('')
);

#7176=VERTEX_POINT('',#7174);
#7177=EDGE_CURVE('',#7168,#7176,#7171,.T.);
#7178=ORIENTED_EDGE('',*,*,#7177,.T.);
#7181=CARTESIAN_POINT('',(4.86756,0.00000,-20.62249));
#7179=(
BOUNDED_CURVE()
B_SPLINE_CURVE(2,(#7174,#7181,#7153),.UNSPECIFIED.,.F.,.F.)
B_SPLINE_CURVE_WITH_KNOTS((3,3),(0.000,1.000),.UNSPECIFIED.)
CURVE()
GEOMETRIC_REPRESENTATION_ITEM()
RATIONAL_B_SPLINE_CURVE((1.0000000000,0.7071067812,1.0000000000))
REPRESENTATION_ITEM('')
);

#7183=EDGE_CURVE('',#7176,#7154,#7179,.T.);
#7184=ORIENTED_EDGE('',*,*,#7183,.T.);
#7185=EDGE_LOOP('',(#7162,#7170,#7178,#7184));
#7186=FACE_BOUND('',#7185,.T.);
#7187=CARTESIAN_POINT('',(8.81445,0.00000,-18.95287));
#7188=VERTEX_POINT('',#7187);
#7191=CARTESIAN_POINT('',(7.81445,0.00000,-18.95287));
#7192=CARTESIAN_POINT('',(7.81445,0.00000,-17.95287));
#7189=(
BOUNDED_CURVE()
B_SPLINE_CURVE(2,(#7187,#7191,#7192),.UNSPECIFIED.,.F.,.F.)
B_SPLINE_CURVE_WITH_KNOTS((3,3),(0.000,1.000),.UNSPECIFIED.)
CURVE()
GEOMETRIC_REPRESENTATION_ITEM()
RATIONAL_B_SPLINE_CURVE((1.0000000000,0.7071067812,1.0000000000))
REPRESENTATION_ITEM('')
);

#7194=VERTEX_POINT('',#7192);
#7195=EDGE_CURVE('',#7188,#7194,#7189,.T.);
#7196=ORIENTED_EDGE('',*,*,#7195,.T.);
#7199=CARTESIAN_POINT('',(7.81445,0.00000,-16.95287));
#7200=CARTESIAN_POINT('',(8.81445,0.00000,-16.95287));
#7197=(
BOUNDED_CURVE()
B_SPLINE_CURVE(2,(#7192,#7199,#7200),.UNSPECIFIED.,.F.,.F.)
B_SPLINE_CURVE_WITH_KNOTS((3,3),(0.000,1.000),.UNSPECIFIED.)
CURVE()
GEOMETRIC_REPRESENTATION_ITEM()
RATIONAL_B_SPLINE_CURVE((1.0000000000,0.7071067812,1.0000000000))
REPRESENTATION_ITEM('')
);

#7202=VERTEX_POINT('',#7200);
#7203=EDGE_CURVE('',#7194,#7202,#7197,.T.);
#7204=ORIENTED_EDGE('',*,*,#7203,.T.);
#7207=CARTESIAN_POINT('',(9.81445,0.00000,-16.95287));
#7208=CARTESIAN_POINT('',(9.81445,0.00000,-17.95287));
#7205=(
BOUNDED_CURVE()
B_SPLINE_CURVE(2,(#7200,#7207,#7208),.UNSPECIFIED.,.F.,.F.)
B_SPLINE_CURVE_WITH_KNOTS((3,3),(0.000,1.000),.UNSPECIFIED.)
CURVE()
GEOMETRIC_REPRESENTATION_ITEM()
RATIONAL_B_SPLINE_CURVE((1.0000000000,0.7071067812,1.0000000000))
REPRESENTATION_ITEM('')
);

#7210=VERTEX_POINT('',#7208);
#7211=EDGE_CURVE('',#7202,#7210,#7205,.T.);
#7212=ORIENTED_EDGE('',*,*,#7211,.T.);
#7215=CARTESIAN_POINT('',(9.81445,0.00000,-18.95287));
#7213=(
BOUNDED_CURVE()
B_SPLINE_CURVE(2,(#7208,#7215,#7187),.UNSPECIFIED.,.F.,.F.)
B_SPLINE_CURVE_WITH_KNOTS((3,3),(0.000,1.000),.UNSPECIFIED.)
CURVE()
GEOMETRIC_REPRESENTATION_ITEM()
RATIONAL_B_SPLINE_CURVE((1.0000000000,0.7071067812,1.0000000000))
REPRESENTATION_ITEM('')
);

#7217=EDGE_CURVE('',#7210,#7188,#7213,.T.);
#7218=ORIENTED_EDGE('',*,*,#7217,.T.);
#7219=EDGE_LOOP('',(#7196,#7204,#7212,#7218));
#7220=FACE_BOUND('',#7219,.T.);
#7221=CARTESIAN_POINT('',(15.05979,0.00000,-14.16065));
#7222=VERTEX_POINT('',#7221);
#7225=CARTESIAN_POINT('',(14.05979,0.00000,-14.16065));
#7226=CARTESIAN_POINT('',(14.05979,0.00000,-13.16065));
#7223=(
BOUNDED_CURVE()
B_SPLINE_CURVE(2,(#7221,#7225,#7226),.UNSPECIFIED.,.F.,.F.)
B_SPLINE_CURVE_WITH_KNOTS((3,3),(0.000,1.000),.UNSPECIFIED.)
CURVE()
GEOMETRIC_REPRESENTATION_ITEM()
RATIONAL_B_SPLINE_CURVE((1.0000000000,0.7071067812,1.0000000000))
REPRESENTATION_ITEM('')
);

#7228=VERTEX_POINT('',#7226);
#7229=EDGE_CURVE('',#7222,#7228,#7223,.T.);
#7230=ORIENTED_EDGE('',*,*,#7229,.T.);
#7233=CARTESIAN_POINT('',(14.05979,0.00000,-12.16065));
#7234=CARTESIAN_POINT('',(15.05979,0.00000,-12.16065));
#7231=(
BOUNDED_CURVE()
B_SPLINE_CURVE(2,(#7226,#7233,#7234),.UNSPECIFIED.,.F.,.F.)
B_SPLINE_CURVE_WITH_KNOTS((3,3),(0.000,1.000),.UNSPECIFIED.)
CURVE()
GEOMETRIC_REPRESENTATION_ITEM()
RATIONAL_B_SPLINE_CURVE((1.0000000000,0.7071067812,1.0000000000))
REPRESENTATION_ITEM('')
);

#7236=VERTEX_POINT('',#7234);
#7237=EDGE_CURVE('',#7228,#7236,#7231,.T.);
#7238=ORIENTED_EDGE('',*,*,#7237,.T.);
#7241=CARTESIAN_POINT('',(16.05979,0.00000,-12.16065));
#7242=CARTESIAN_POINT('',(16.05979,0.00000,-13.16065));
#7239=(
BOUNDED_CURVE()
B_SPLINE_CURVE(2,(#7234,#7241,#7242),.UNSPECIFIED.,.F.,.F.)
B_SPLINE_CURVE_WITH_KNOTS((3,3),(0.000,1.000),.UNSPECIFIED.)
CURVE()
GEOMETRIC_REPRESENTATION_ITEM()
RATIONAL_B_SPLINE_CURVE((1.0000000000,0.7071067812,1.0000000000))
REPRESENTATION_ITEM('')
);

#7244=VERTEX_POINT('',#7242);
#7245=EDGE_CURVE('',#7236,#7244,#7239,.T.);
#7246=ORIENTED_EDGE('',*,*,#7245,.T.);
#7249=CARTESIAN_POINT('',(16.05979,0.00000,-14.16065));
#7247=(
BOUNDED_CURVE()
B_SPLINE_CURVE(2,(#7242,#7249,#7221),.UNSPECIFIED.,.F.,.F.)
B_SPLINE_CURVE_WITH_KNOTS((3,3),(0.000,1.000),.UNSPECIFIED.)
CURVE()
GEOMETRIC_REPRESENTATION_ITEM()
RATIONAL_B_SPLINE_CURVE((1.0000000000,0.7071067812,1.0000000000))
REPRESENTATION_ITEM('')
);

#7251=EDGE_CURVE('',#7244,#7222,#7247,.T.);
#7252=ORIENTED_EDGE('',*,*,#7251,.T.);
#7253=EDGE_LOOP('',(#7230,#7238,#7246,#7252));
#7254=FACE_BOUND('',#7253,.T.);
#7255=CARTESIAN_POINT('',(17.95287,0.00000,-9.81445));
#7256=VERTEX_POINT('',#7255);
#7259=CARTESIAN_POINT('',(16.95287,0.00000,-9.81445));
#7260=CARTESIAN_POINT('',(16.95287,0.00000,-8.81445));
#7257=(
BOUNDED_CURVE()
B_SPLINE_CURVE(2,(#7255,#7259,#7260),.UNSPECIFIED.,.F.,.F.)
B_SPLINE_CURVE_WITH_KNOTS((3,3),(0.000,1.000),.UNSPECIFIED.)
CURVE()
GEOMETRIC_REPRESENTATION_ITEM()
RATIONAL_B_SPLINE_CURVE((1.0000000000,0.7071067812,1.0000000000))
REPRESENTATION_ITEM('')
);

#7262=VERTEX_POINT('',#7260);
#7263=EDGE_CURVE('',#7256,#7262,#7257,.T.);
#7264=ORIENTED_EDGE('',*,*,#7263,.T.);
#7267=CARTESIAN_POINT('',(16.95287,0.00000,-7.81445));
#7268=CARTESIAN_POINT('',(17.95287,0.00000,-7.81445));
#7265=(
BOUNDED_CURVE()
B_SPLINE_CURVE(2,(#7260,#7267,#7268),.UNSPECIFIED.,.F.,.F.)
B_SPLINE_CURVE_WITH_KNOTS((3,3),(0.000,1.000),.UNSPECIFIED.)
CURVE()
GEOMETRIC_REPRESENTATION_ITEM()
RATIONAL_B_SPLINE_CURVE((1.0000000000,0.7071067812,1.0000000000))
REPRESENTATION_ITEM('')
);

#7270=VERTEX_POINT('',#7268);
#7271=EDGE_CURVE('',#7262,#7270,#7265,.T.);
#7272=ORIENTED_EDGE('',*,*,#7271,.T.);
#7275=CARTESIAN_POINT('',(18.95287,0.00000,-7.81445));
#7276=CARTESIAN_POINT('',(18.95287,0.00000,-8.81445));
#7273=(
BOUNDED_CURVE()
B_SPLINE_CURVE(2,(#7268,#7275,#7276),.UNSPECIFIED.,.F.,.F.)
B_SPLINE_CURVE_WITH_KNOTS((3,3),(0.000,1.000),.UNSPECIFIED.)
CURVE()
GEOMETRIC_REPRESENTATION_ITEM()
RATIONAL_B_SPLINE_CURVE((1.0000000000,0.7071067812,1.0000000000))
REPRESENTATION_ITEM('')
);

#7278=VERTEX_POINT('',#7276);
#7279=EDGE_CURVE('',#7270,#7278,#7273,.T.);
#7280=ORIENTED_EDGE('',*,*,#7279,.T.);
#7283=CARTESIAN_POINT('',(18.95287,0.00000,-9.81445));
#7281=(
BOUNDED_CURVE()
B_SPLINE_CURVE(2,(#7276,#7283,#7255),.UNSPECIFIED.,.F.,.F.)
B_SPLINE_CURVE_WITH_KNOTS((3,3),(0.000,1.000),.UNSPECIFIED.)
CURVE()
GEOMETRIC_REPRESENTATION_ITEM()
RATIONAL_B_SPLINE_CURVE((1.0000000000,0.7071067812,1.0000000000))
REPRESENTATION_ITEM('')
);

#7285=EDGE_CURVE('',#7278,#7256,#7281,.T.);
#7286=ORIENTED_EDGE('',*,*,#7285,.T.);
#7287=EDGE_LOOP('',(#7264,#7272,#7280,#7286));
#7288=FACE_BOUND('',#7287,.T.);
#7289=CARTESIAN_POINT('',(19.62249,0.00000,-4.86756));
#7290=VERTEX_POINT('',#7289);
#7293=CARTESIAN_POINT('',(18.62249,0.00000,-4.86756));
#7294=CARTESIAN_POINT('',(18.62249,0.00000,-3.86756));
#7291=(
BOUNDED_CURVE()
B_SPLINE_CURVE(2,(#7289,#7293,#7294),.UNSPECIFIED.,.F.,.F.)
B_SPLINE_CURVE_WITH_KNOTS((3,3),(0.000,1.000),.UNSPECIFIED.)
CURVE()
GEOMETRIC_REPRESENTATION_ITEM()
RATIONAL_B_SPLINE_CURVE((1.0000000000,0.7071067812,1.0000000000))
REPRESENTATION_ITEM('')
);

#7296=VERTEX_POINT('',#7294);
#7297=EDGE_CURVE('',#7290,#7296,#7291,.T.);
#7298=ORIENTED_EDGE('',*,*,#7297,.T.);
#7301=CARTESIAN_POINT('',(18.62249,0.00000,-2.86756));
#7302=CARTESIAN_POINT('',(19.62249,0.00000,-2.86756));
#7299=(
BOUNDED_CURVE()
B_SPLINE_CURVE(2,(#7294,#7301,#7302),.UNSPECIFIED.,.F.,.F.)
B_SPLINE_CURVE_WITH_KNOTS((3,3),(0.000,1.000),.UNSPECIFIED.)
CURVE()
GEOMETRIC_REPRESENTATION_ITEM()
RATIONAL_B_SPLINE_CURVE((1.0000000000,0.7071067812,1.0000000000))
REPRESENTATION_ITEM('')
);

#7304=VERTEX_POINT('',#7302);
#7305=EDGE_CURVE('',#7296,#7304,#7299,.T.);
#7306=ORIENTED_EDGE('',*,*,#7305,.T.);
#7309=CARTESIAN_POINT('',(20.62249,0.00000,-2.86756));
#7310=CARTESIAN_POINT('',(20.62249,0.00000,-3.86756));
#7307=(
BOUNDED_CURVE()
B_SPLINE_CURVE(2,(#7302,#7309,#7310),.UNSPECIFIED.,.F.,.F.)
B_SPLINE_CURVE_WITH_KNOTS((3,3),(0.000,1.000),.UNSPECIFIED.)
CURVE()
GEOMETRIC_REPRESENTATION_ITEM()
RATIONAL_B_SPLINE_CURVE((1.0000000000,0.7071067812,1.0000000000))
REPRESENTATION_ITEM('')
);

#7312=VERTEX_POINT('',#7310);
#7313=EDGE_CURVE('',#7304,#7312,#7307,.T.);
#7314=ORIENTED_EDGE('',*,*,#7313,.T.);
#7317=CARTESIAN_POINT('',(20.62249,0.00000,-4.86756));
#7315=(
BOUNDED_CURVE()
B_SPLINE_CURVE(2,(#7310,#7317,#7289),.UNSPECIFIED.,.F.,.F.)
B_SPLINE_CURVE_WITH_KNOTS((3,3),(0.000,1.000),.UNSPECIFIED.)
CURVE()
GEOMETRIC_REPRESENTATION_ITEM()
RATIONAL_B_SPLINE_CURVE((1.0000000000,0.7071067812,1.0000000000))
REPRESENTATION_ITEM('')
);

#7319=EDGE_CURVE('',#7312,#7290,#7315,.T.);
#7320=ORIENTED_EDGE('',*,*,#7319,.T.);
#7321=EDGE_LOOP('',(#7298,#7306,#7314,#7320));
#7322=FACE_BOUND('',#7321,.T.);
#7323=CARTESIAN_POINT('',(19.95487,0.00000,0.34289));
#7324=VERTEX_POINT('',#7323);
#7327=CARTESIAN_POINT('',(18.95487,0.00000,0.34289));
#7328=CARTESIAN_POINT('',(18.95487,0.00000,1.34289));
#7325=(
BOUNDED_CURVE()
B_SPLINE_CURVE(2,(#7323,#7327,#7328),.UNSPECIFIED.,.F.,.F.)
B_SPLINE_CURVE_WITH_KNOTS((3,3),(0.000,1.000),.UNSPECIFIED.)
CURVE()
GEOMETRIC_REPRESENTATION_ITEM()
RATIONAL_B_SPLINE_CURVE((1.0000000000,0.7071067812,1.0000000000))
REPRESENTATION_ITEM('')
);

#7330=VERTEX_POINT('',#7328);
#7331=EDGE_CURVE('',#7324,#7330,#7325,.T.);
#7332=ORIENTED_EDGE('',*,*,#7331,.T.);
#7335=CARTESIAN_POINT('',(18.95487,0.00000,2.34289));
#7336=CARTESIAN_POINT('',(19.95487,0.00000,2.34289));
#7333=(
BOUNDED_CURVE()
B_SPLINE_CURVE(2,(#7328,#7335,#7336),.UNSPECIFIED.,.F.,.F.)
B_SPLINE_CURVE_WITH_KNOTS((3,3),(0.000,1.000),.UNSPECIFIED.)
CURVE()
GEOMETRIC_REPRESENTATION_ITEM()
RATIONAL_B_SPLINE_CURVE((1.0000000000,0.7071067812,1.0000000000))
REPRESENTATION_ITEM('')
);

#7338=VERTEX_POINT('',#7336);
#7339=EDGE_CURVE('',#7330,#7338,#7333,.T.);
#7340=ORIENTED_EDGE('',*,*,#7339,.T.);
#7343=CARTESIAN_POINT('',(20.95487,0.00000,2.34289));
#7344=CARTESIAN_POINT('',(20.95487,0.00000,1.34289));
#7341=(
BOUNDED_CURVE()
B_SPLINE_CURVE(2,(#7336,#7343,#7344),.UNSPECIFIED.,.F.,.F.)
B_SPLINE_CURVE_WITH_KNOTS((3,3),(0.000,1.000),.UNSPECIFIED.)
CURVE()
GEOMETRIC_REPRESENTATION_ITEM()
RATIONAL_B_SPLINE_CURVE((1.0000000000,0.7071067812,1.0000000000))
REPRESENTATION_ITEM('')
);

#7346=VERTEX_POINT('',#7344);
#7347=EDGE_CURVE('',#7338,#7346,#7341,.T.);
#7348=ORIENTED_EDGE('',*,*,#7347,.T.);
#7351=CARTESIAN_POINT('',(20.95487,0.00000,0.34289));
#7349=(
BOUNDED_CURVE()
B_SPLINE_CURVE(2,(#7344,#7351,#7323),.UNSPECIFIED.,.F.,.F.)
B_SPLINE_CURVE_WITH_KNOTS((3,3),(0.000,1.000),.UNSPECIFIED.)
CURVE()
GEOMETRIC_REPRESENTATION_ITEM()
RATIONAL_B_SPLINE_CURVE((1.0000000000,0.7071067812,1.0000000000))
REPRESENTATION_ITEM('')
);

#7353=EDGE_CURVE('',#7346,#7324,#7349,.T.);
#7354=ORIENTED_EDGE('',*,*,#7353,.T.);
#7355=EDGE_LOOP('',(#7332,#7340,#7348,#7354));
#7356=FACE_BOUND('',#7355,.T.);
#7357=CARTESIAN_POINT('',(18.92735,0.00000,5.46183));
#7358=VERTEX_POINT('',#7357);
#7361=CARTESIAN_POINT('',(17.92735,0.00000,5.46183));
#7362=CARTESIAN_POINT('',(17.92735,0.00000,6.46183));
#7359=(
BOUNDED_CURVE()
B_SPLINE_CURVE(2,(#7357,#7361,#7362),.UNSPECIFIED.,.F.,.F.)
B_SPLINE_CURVE_WITH_KNOTS((3,3),(0.000,1.000),.UNSPECIFIED.)
CURVE()
GEOMETRIC_REPRESENTATION_ITEM()
RATIONAL_B_SPLINE_CURVE((1.0000000000,0.7071067812,1.0000000000))
REPRESENTATION_ITEM('')
);

#7364=VERTEX_POINT('',#7362);
#7365=EDGE_CURVE('',#7358,#7364,#7359,.T.);
#7366=ORIENTED_EDGE('',*,*,#7365,.T.);
#7369=CARTESIAN_POINT('',(17.92735,0.00000,7.46183));
#7370=CARTESIAN_POINT('',(18.92735,0.00000,7.46183));
#7367=(
BOUNDED_CURVE()
B_SPLINE_CURVE(2,(#7362,#7369,#7370),.UNSPECIFIED.,.F.,.F.)
B_SPLINE_CURVE_WITH_KNOTS((3,3),(0.000,1.000),.UNSPECIFIED.)
CURVE()
GEOMETRIC_REPRESENTATION_ITEM()
RATIONAL_B_SPLINE_CURVE((1.0000000000,0.7071067812,1.0000000000))
REPRESENTATION_ITEM('')
);

#7372=VERTEX_POINT('',#7370);
#7373=EDGE_CURVE('',#7364,#7372,#7367,.T.);
#7374=ORIENTED_EDGE('',*,*,#7373,.T.);
#7377=CARTESIAN_POINT('',(19.92735,0.00000,7.46183));
#7378=CARTESIAN_POINT('',(19.92735,0.00000,6.46183));
#7375=(
BOUNDED_CURVE()
B_SPLINE_CURVE(2,(#7370,#7377,#7378),.UNSPECIFIED.,.F.,.F.)
B_SPLINE_CURVE_WITH_KNOTS((3,3),(0.000,1.000),.UNSPECIFIED.)
CURVE()
GEOMETRIC_REPRESENTATION_ITEM()
RATIONAL_B_SPLINE_CURVE((1.0000000000,0.7071067812,1.0000000000))
REPRESENTATION_ITEM('')
);

#7380=VERTEX_POINT('',#7378);
#7381=EDGE_CURVE('',#7372,#7380,#7375,.T.);
#7382=ORIENTED_EDGE('',*,*,#7381,.T.);
#7385=CARTESIAN_POINT('',(19.92735,0.00000,5.46183));
#7383=(
BOUNDED_CURVE()
B_SPLINE_CURVE(2,(#7378,#7385,#7357),.UNSPECIFIED.,.F.,.F.)
B_SPLINE_CURVE_WITH_KNOTS((3,3),(0.000,1.000),.UNSPECIFIED.)
CURVE()
GEOMETRIC_REPRESENTATION_ITEM()
RATIONAL_B_SPLINE_CURVE((1.0000000000,0.7071067812,1.0000000000))
REPRESENTATION_ITEM('')
);

#7387=EDGE_CURVE('',#7380,#7358,#7383,.T.);
#7388=ORIENTED_EDGE('',*,*,#7387,.T.);
#7389=EDGE_LOOP('',(#7366,#7374,#7382,#7388));
#7390=FACE_BOUND('',#7389,.T.);
#7391=CARTESIAN_POINT('',(16.60997,0.00000,10.14041));
#7392=VERTEX_POINT('',#7391);
#7395=CARTESIAN_POINT('',(15.60997,0.00000,10.14041));
#7396=CARTESIAN_POINT('',(15.60997,0.00000,11.14041));
#7393=(
BOUNDED_CURVE()
B_SPLINE_CURVE(2,(#7391,#7395,#7396),.UNSPECIFIED.,.F.,.F.)
B_SPLINE_CURVE_WITH_KNOTS((3,3),(0.000,1.000),.UNSPECIFIED.)
CURVE()
GEOMETRIC_REPRESENTATION_ITEM()
RATIONAL_B_SPLINE_CURVE((1.0000000000,0.7071067812,1.0000000000))
REPRESENTATION_ITEM('')
);

#7398=VERTEX_POINT('',#7396);
#7399=EDGE_CURVE('',#7392,#7398,#7393,.T.);
#7400=ORIENTED_EDGE('',*,*,#7399,.T.);
#7403=CARTESIAN_POINT('',(15.60997,0.00000,12.14041));
#7404=CARTESIAN_POINT('',(16.60997,0.00000,12.14041));
#7401=(
BOUNDED_CURVE()
B_SPLINE_CURVE(2,(#7396,#7403,#7404),.UNSPECIFIED.,.F.,.F.)
B_SPLINE_CURVE_WITH_KNOTS((3,3),(0.000,1.000),.UNSPECIFIED.)
CURVE()
GEOMETRIC_REPRESENTATION_ITEM()
RATIONAL_B_SPLINE_CURVE((1.0000000000,0.7071067812,1.0000000000))
REPRESENTATION_ITEM('')
);

#7406=VERTEX_POINT('',#7404);
#7407=EDGE_CURVE('',#7398,#7406,#7401,.T.);
#7408=ORIENTED_EDGE('',*,*,#7407,.T.);
#7411=CARTESIAN_POINT('',(17.60997,0.00000,12.14041));
#7412=CARTESIAN_POINT('',(17.60997,0.00000,11.14041));
#7409=(
BOUNDED_CURVE()
B_SPLINE_CURVE(2,(#7404,#7411,#7412),.UNSPECIFIED.,.F.,.F.)
B_SPLINE_CURVE_WITH_KNOTS((3,3),(0.000,1.000),.UNSPECIFIED.)
CURVE()
GEOMETRIC_REPRESENTATION_ITEM()
RATIONAL_B_SPLINE_CURVE((1.0000000000,0.7071067812,1.0000000000))
REPRESENTATION_ITEM('')
);

#7414=VERTEX_POINT('',#7412);
#7415=EDGE_CURVE('',#7406,#7414,#7409,.T.);
#7416=ORIENTED_EDGE('',*,*,#7415,.T.);
#7419=CARTESIAN_POINT('',(17.60997,0.00000,10.14041));
#7417=(
BOUNDED_CURVE()
B_SPLINE_CURVE(2,(#7412,#7419,#7391),.UNSPECIFIED.,.F.,.F.)
B_SPLINE_CURVE_WITH_KNOTS((3,3),(0.000,1.000),.UNSPECIFIED.)
CURVE()
GEOMETRIC_REPRESENTATION_ITEM()
RATIONAL_B_SPLINE_CURVE((1.0000000000,0.7071067812,1.0000000000))
REPRESENTATION_ITEM('')
);

#7421=EDGE_CURVE('',#7414,#7392,#7417,.T.);
#7422=ORIENTED_EDGE('',*,*,#7421,.T.);
#7423=EDGE_LOOP('',(#7400,#7408,#7416,#7422));
#7424=FACE_BOUND('',#7423,.T.);
#7425=CARTESIAN_POINT('',(13.16065,0.00000,14.05979));
#7426=VERTEX_POINT('',#7425);
#7429=CARTESIAN_POINT('',(12.16065,0.00000,14.05979));
#7430=CARTESIAN_POINT('',(12.16065,0.00000,15.05979));
#7427=(
BOUNDED_CURVE()
B_SPLINE_CURVE(2,(#7425,#7429,#7430),.UNSPECIFIED.,.F.,.F.)
B_SPLINE_CURVE_WITH_KNOTS((3,3),(0.000,1.000),.UNSPECIFIED.)
CURVE()
GEOMETRIC_REPRESENTATION_ITEM()
RATIONAL_B_SPLINE_CURVE((1.0000000000,0.7071067812,1.0000000000))
REPRESENTATION_ITEM('')
);

#7432=VERTEX_POINT('',#7430);
#7433=EDGE_CURVE('',#7426,#7432,#7427,.T.);
#7434=ORIENTED_EDGE('',*,*,#7433,.T.);
#7437=CARTESIAN_POINT('',(12.16065,0.00000,16.05979));
#7438=CARTESIAN_POINT('',(13.16065,0.00000,16.05979));
#7435=(
BOUNDED_CURVE()
B_SPLINE_CURVE(2,(#7430,#7437,#7438),.UNSPECIFIED.,.F.,.F.)
B_SPLINE_CURVE_WITH_KNOTS((3,3),(0.000,1.000),.UNSPECIFIED.)
CURVE()
GEOMETRIC_REPRESENTATION_ITEM()
RATIONAL_B_SPLINE_CURVE((1.0000000000,0.7071067812,1.0000000000))
REPRESENTATION_ITEM('')
);

#7440=VERTEX_POINT('',#7438);
#7441=EDGE_CURVE('',#7432,#7440,#7435,.T.);
#7442=ORIENTED_EDGE('',*,*,#7441,.T.);
#7445=CARTESIAN_POINT('',(14.16065,0.00000,16.05979));
#7446=CARTESIAN_POINT('',(14.16065,0.00000,15.05979));
#7443=(
BOUNDED_CURVE()
B_SPLINE_CURVE(2,(#7438,#7445,#7446),.UNSPECIFIED.,.F.,.F.)
B_SPLINE_CURVE_WITH_KNOTS((3,3),(0.000,1.000),.UNSPECIFIED.)
CURVE()
GEOMETRIC_REPRESENTATION_ITEM()
RATIONAL_B_SPLINE_CURVE((1.0000000000,0.7071067812,1.0000000000))
REPRESENTATION_ITEM('')
);

#7448=VERTEX_POINT('',#7446);
#7449=EDGE_CURVE('',#7440,#7448,#7443,.T.);
#7450=ORIENTED_EDGE('',*,*,#7449,.T.);
#7453=CARTESIAN_POINT('',(14.16065,0.00000,14.05979));
#7451=(
BOUNDED_CURVE()
B_SPLINE_CURVE(2,(#7446,#7453,#7425),.UNSPECIFIED.,.F.,.F.)
B_SPLINE_CURVE_WITH_KNOTS((3,3),(0.000,1.000),.UNSPECIFIED.)
CURVE()
GEOMETRIC_REPRESENTATION_ITEM()
RATIONAL_B_SPLINE_CURVE((1.0000000000,0.7071067812,1.0000000000))
REPRESENTATION_ITEM('')
);

#7455=EDGE_CURVE('',#7448,#7426,#7451,.T.);
#7456=ORIENTED_EDGE('',*,*,#7455,.T.);
#7457=EDGE_LOOP('',(#7434,#7442,#7450,#7456));
#7458=FACE_BOUND('',#7457,.T.);
#7459=CARTESIAN_POINT('',(8.81445,0.00000,16.95287));
#7460=VERTEX_POINT('',#7459);
#7463=CARTESIAN_POINT('',(7.81445,0.00000,16.95287));
#7464=CARTESIAN_POINT('',(7.81445,0.00000,17.95287));
#7461=(
BOUNDED_CURVE()
B_SPLINE_CURVE(2,(#7459,#7463,#7464),.UNSPECIFIED.,.F.,.F.)
B_SPLINE_CURVE_WITH_KNOTS((3,3),(0.000,1.000),.UNSPECIFIED.)
CURVE()
GEOMETRIC_REPRESENTATION_ITEM()
RATIONAL_B_SPLINE_CURVE((1.0000000000,0.7071067812,1.0000000000))
REPRESENTATION_ITEM('')
);

#7466=VERTEX_POINT('',#7464);
#7467=EDGE_CURVE('',#7460,#7466,#7461,.T.);
#7468=ORIENTED_EDGE('',*,*,#7467,.T.);
#7471=CARTESIAN_POINT('',(7.81445,0.00000,18.95287));
#7472=CARTESIAN_POINT('',(8.81445,0.00000,18.95287));
#7469=(
BOUNDED_CURVE()
B_SPLINE_CURVE(2,(#7464,#7471,#7472),.UNSPECIFIED.,.F.,.F.)
B_SPLINE_CURVE_WITH_KNOTS((3,3),(0.000,1.000),.UNSPECIFIED.)
CURVE()
GEOMETRIC_REPRESENTATION_ITEM()
RATIONAL_B_SPLINE_CURVE((1.0000000000,0.7071067812,1.0000000000))
REPRESENTATION_ITEM('')
);

#7474=VERTEX_POINT('',#7472);
#7475=EDGE_CURVE('',#7466,#7474,#7469,.T.);
#7476=ORIENTED_EDGE('',*,*,#7475,.T.);
#7479=CARTESIAN_POINT('',(9.81445,0.00000,18.95287));
#7480=CARTESIAN_POINT('',(9.81445,0.00000,17.95287));
#7477=(
BOUNDED_CURVE()
B_SPLINE_CURVE(2,(#7472,#7479,#7480),.UNSPECIFIED.,.F.,.F.)
B_SPLINE_CURVE_WITH_KNOTS((3,3),(0.000,1.000),.UNSPECIFIED.)
CURVE()
GEOMETRIC_REPRESENTATION_ITEM()
RATIONAL_B_SPLINE_CURVE((1.0000000000,0.7071067812,1.0000000000))
REPRESENTATION_ITEM('')
);

#7482=VERTEX_POINT('',#7480);
#7483=EDGE_CURVE('',#7474,#7482,#7477,.T.);
#7484=ORIENTED_EDGE('',*,*,#7483,.T.);
#7487=CARTESIAN_POINT('',(9.81445,0.00000,16.95287));
#7485=(
BOUNDED_CURVE()
B_SPLINE_CURVE(2,(#7480,#7487,#7459),.UNSPECIFIED.,.F.,.F.)
B_SPLINE_CURVE_WITH_KNOTS((3,3),(0.000,1.000),.UNSPECIFIED.)
CURVE()
GEOMETRIC_REPRESENTATION_ITEM()
RATIONAL_B_SPLINE_CURVE((1.0000000000,0.7071067812,1.0000000000))
REPRESENTATION_ITEM('')
);

#7489=EDGE_CURVE('',#7482,#7460,#7485,.T.);
#7490=ORIENTED_EDGE('',*,*,#7489,.T.);
#7491=EDGE_LOOP('',(#7468,#7476,#7484,#7490));
#7492=FACE_BOUND('',#7491,.T.);
#7493=CARTESIAN_POINT('',(3.86756,0.00000,18.62249));
#7494=VERTEX_POINT('',#7493);
#7497=CARTESIAN_POINT('',(2.86756,0.00000,18.62249));
#7498=CARTESIAN_POINT('',(2.86756,0.00000,19.62249));
#7495=(
BOUNDED_CURVE()
B_SPLINE_CURVE(2,(#7493,#7497,#7498),.UNSPECIFIED.,.F.,.F.)
B_SPLINE_CURVE_WITH_KNOTS((3,3),(0.000,1.000),.UNSPECIFIED.)
CURVE()
GEOMETRIC_REPRESENTATION_ITEM()
RATIONAL_B_SPLINE_CURVE((1.0000000000,0.7071067812,1.0000000000))
REPRESENTATION_ITEM('')
);

#7500=VERTEX_POINT('',#7498);
#7501=EDGE_CURVE('',#7494,#7500,#7495,.T.);
#7502=ORIENTED_EDGE('',*,*,#7501,.T.);
#7505=CARTESIAN_POINT('',(2.86756,0.00000,20.62249));
#7506=CARTESIAN_POINT('',(3.86756,0.00000,20.62249));
#7503=(
BOUNDED_CURVE()
B_SPLINE_CURVE(2,(#7498,#7505,#7506),.UNSPECIFIED.,.F.,.F.)
B_SPLINE_CURVE_WITH_KNOTS((3,3),(0.000,1.000),.UNSPECIFIED.)
CURVE()
GEOMETRIC_REPRESENTATION_ITEM()
RATIONAL_B_SPLINE_CURVE((1.0000000000,0.7071067812,1.0000000000))
REPRESENTATION_ITEM('')
);

#7508=VERTEX_POINT('',#7506);
#7509=EDGE_CURVE('',#7500,#7508,#7503,.T.);
#7510=ORIENTED_EDGE('',*,*,#7509,.T.);
#7513=CARTESIAN_POINT('',(4.86756,0.00000,20.62249));
#7514=CARTESIAN_POINT('',(4.86756,0.00000,19.62249));
#7511=(
BOUNDED_CURVE()
B_SPLINE_CURVE(2,(#7506,#7513,#7514),.UNSPECIFIED.,.F.,.F.)
B_SPLINE_CURVE_WITH_KNOTS((3,3),(0.000,1.000),.UNSPECIFIED.)
CURVE()
GEOMETRIC_REPRESENTATION_ITEM()
RATIONAL_B_SPLINE_CURVE((1.0000000000,0.7071067812,1.0000000000))
REPRESENTATION_ITEM('')
);

#7516=VERTEX_POINT('',#7514);
#7517=EDGE_CURVE('',#7508,#7516,#7511,.T.);
#7518=ORIENTED_EDGE('',*,*,#7517,.T.);
#7521=CARTESIAN_POINT('',(4.86756,0.00000,18.62249));
#7519=(
BOUNDED_CURVE()
B_SPLINE_CURVE(2,(#7514,#7521,#7493),.UNSPECIFIED.,.F.,.F.)
B_SPLINE_CURVE_WITH_KNOTS((3,3),(0.000,1.000),.UNSPECIFIED.)
CURVE()
GEOMETRIC_REPRESENTATION_ITEM()
RATIONAL_B_SPLINE_CURVE((1.0000000000,0.7071067812,1.0000000000))
REPRESENTATION_ITEM('')
);

#7523=EDGE_CURVE('',#7516,#7494,#7519,.T.);
#7524=ORIENTED_EDGE('',*,*,#7523,.T.);
#7525=EDGE_LOOP('',(#7502,#7510,#7518,#7524));
#7526=FACE_BOUND('',#7525,.T.);
#7527=CARTESIAN_POINT('',(-1.34289,0.00000,18.95487));
#7528=VERTEX_POINT('',#7527);
#7531=CARTESIAN_POINT('',(-2.34289,0.00000,18.95487));
#7532=CARTESIAN_POINT('',(-2.34289,0.00000,19.95487));
#7529=(
BOUNDED_CURVE()
B_SPLINE_CURVE(2,(#7527,#7531,#7532),.UNSPECIFIED.,.F.,.F.)
B_SPLINE_CURVE_WITH_KNOTS((3,3),(0.000,1.000),.UNSPECIFIED.)
CURVE()
GEOMETRIC_REPRESENTATION_ITEM()
RATIONAL_B_SPLINE_CURVE((1.0000000000,0.7071067812,1.0000000000))
REPRESENTATION_ITEM('')
);

#7534=VERTEX_POINT('',#7532);
#7535=EDGE_CURVE('',#7528,#7534,#7529,.T.);
#7536=ORIENTED_EDGE('',*,*,#7535,.T.);
#7539=CARTESIAN_POINT('',(-2.34289,0.00000,20.95487));
#7540=CARTESIAN_POINT('',(-1.34289,0.00000,20.95487));
#7537=(
BOUNDED_CURVE()
B_SPLINE_CURVE(2,(#7532,#7539,#7540),.UNSPECIFIED.,.F.,.F.)
B_SPLINE_CURVE_WITH_KNOTS((3,3),(0.000,1.000),.UNSPECIFIED.)
CURVE()
GEOMETRIC_REPRESENTATION_ITEM()
RATIONAL_B_SPLINE_CURVE((1.0000000000,0.7071067812,1.0000000000))
REPRESENTATION_ITEM('')
);

#7542=VERTEX_POINT('',#7540);
#7543=EDGE_CURVE('',#7534,#7542,#7537,.T.);
#7544=ORIENTED_EDGE('',*,*,#7543,.T.);
#7547=CARTESIAN_POINT('',(-0.34289,0.00000,20.95487));
#7548=CARTESIAN_POINT('',(-0.34289,0.00000,19.95487));
#7545=(
BOUNDED_CURVE()
B_SPLINE_CURVE(2,(#7540,#7547,#7548),.UNSPECIFIED.,.F.,.F.)
B_SPLINE_CURVE_WITH_KNOTS((3,3),(0.000,1.000),.UNSPECIFIED.)
CURVE()
GEOMETRIC_REPRESENTATION_ITEM()
RATIONAL_B_SPLINE_CURVE((1.0000000000,0.7071067812,1.0000000000))
REPRESENTATION_ITEM('')
);

#7550=VERTEX_POINT('',#7548);
#7551=EDGE_CURVE('',#7542,#7550,#7545,.T.);
#7552=ORIENTED_EDGE('',*,*,#7551,.T.);
#7555=CARTESIAN_POINT('',(-0.34289,0.00000,18.95487));
#7553=(
BOUNDED_CURVE()
B_SPLINE_CURVE(2,(#7548,#7555,#7527),.UNSPECIFIED.,.F.,.F.)
B_SPLINE_CURVE_WITH_KNOTS((3,3),(0.000,1.000),.UNSPECIFIED.)
CURVE()
GEOMETRIC_REPRESENTATION_ITEM()
RATIONAL_B_SPLINE_CURVE((1.0000000000,0.7071067812,1.0000000000))
REPRESENTATION_ITEM('')
);

#7557=EDGE_CURVE('',#7550,#7528,#7553,.T.);
#7558=ORIENTED_EDGE('',*,*,#7557,.T.);
#7559=EDGE_LOOP('',(#7536,#7544,#7552,#7558));
#7560=FACE_BOUND('',#7559,.T.);
#7561=CARTESIAN_POINT('',(-6.46183,0.00000,17.92735));
#7562=VERTEX_POINT('',#7561);
#7565=CARTESIAN_POINT('',(-7.46183,0.00000,17.92735));
#7566=CARTESIAN_POINT('',(-7.46183,0.00000,18.92735));
#7563=(
BOUNDED_CURVE()
B_SPLINE_CURVE(2,(#7561,#7565,#7566),.UNSPECIFIED.,.F.,.F.)
B_SPLINE_CURVE_WITH_KNOTS((3,3),(0.000,1.000),.UNSPECIFIED.)
CURVE()
GEOMETRIC_REPRESENTATION_ITEM()
RATIONAL_B_SPLINE_CURVE((1.0000000000,0.7071067812,1.0000000000))
REPRESENTATION_ITEM('')
);

#7568=VERTEX_POINT('',#7566);
#7569=EDGE_CURVE('',#7562,#7568,#7563,.T.);
#7570=ORIENTED_EDGE('',*,*,#7569,.T.);
#7573=CARTESIAN_POINT('',(-7.46183,0.00000,19.92735));
#7574=CARTESIAN_POINT('',(-6.46183,0.00000,19.92735));
#7571=(
BOUNDED_CURVE()
B_SPLINE_CURVE(2,(#7566,#7573,#7574),.UNSPECIFIED.,.F.,.F.)
B_SPLINE_CURVE_WITH_KNOTS((3,3),(0.000,1.000),.UNSPECIFIED.)
CURVE()
GEOMETRIC_REPRESENTATION_ITEM()
RATIONAL_B_SPLINE_CURVE((1.0000000000,0.7071067812,1.0000000000))
REPRESENTATION_ITEM('')
);

#7576=VERTEX_POINT('',#7574);
#7577=EDGE_CURVE('',#7568,#7576,#7571,.T.);
#7578=ORIENTED_EDGE('',*,*,#7577,.T.);
#7581=CARTESIAN_POINT('',(-5.46183,0.00000,19.92735));
#7582=CARTESIAN_POINT('',(-5.46183,0.00000,18.92735));
#7579=(
BOUNDED_CURVE()
B_SPLINE_CURVE(2,(#7574,#7581,#7582),.UNSPECIFIED.,.F.,.F.)
B_SPLINE_CURVE_WITH_KNOTS((3,3),(0.000,1.000),.UNSPECIFIED.)
CURVE()
GEOMETRIC_REPRESENTATION_ITEM()
RATIONAL_B_SPLINE_CURVE((1.0000000000,0.7071067812,1.0000000000))
REPRESENTATION_ITEM('')
);

#7584=VERTEX_POINT('',#7582);
#7585=EDGE_CURVE('',#7576,#7584,#7579,.T.);
#7586=ORIENTED_EDGE('',*,*,#7585,.T.);
#7589=CARTESIAN_POINT('',(-5.46183,0.00000,17.92735));
#7587=(
BOUNDED_CURVE()
B_SPLINE_CURVE(2,(#7582,#7589,#7561),.UNSPECIFIED.,.F.,.F.)
B_SPLINE_CURVE_WITH_KNOTS((3,3),(0.000,1.000),.UNSPECIFIED.)
CURVE()
GEOMETRIC_REPRESENTATION_ITEM()
RATIONAL_B_SPLINE_CURVE((1.0000000000,0.7071067812,1.0000000000))
REPRESENTATION_ITEM('')
);

#7591=EDGE_CURVE('',#7584,#7562,#7587,.T.);
#7592=ORIENTED_EDGE('',*,*,#7591,.T.);
#7593=EDGE_LOOP('',(#7570,#7578,#7586,#7592));
#7594=FACE_BOUND('',#7593,.T.);
#7595=CARTESIAN_POINT('',(-11.14041,0.00000,15.60997));
#7596=VERTEX_POINT('',#7595);
#7599=CARTESIAN_POINT('',(-12.14041,0.00000,15.60997));
#7600=CARTESIAN_POINT('',(-12.14041,0.00000,16.60997));
#7597=(
BOUNDED_CURVE()
B_SPLINE_CURVE(2,(#7595,#7599,#7600),.UNSPECIFIED.,.F.,.F.)
B_SPLINE_CURVE_WITH_KNOTS((3,3),(0.000,1.000),.UNSPECIFIED.)
CURVE()
GEOMETRIC_REPRESENTATION_ITEM()
RATIONAL_B_SPLINE_CURVE((1.0000000000,0.7071067812,1.0000000000))
REPRESENTATION_ITEM('')
);

#7602=VERTEX_POINT('',#7600);
#7603=EDGE_CURVE('',#7596,#7602,#7597,.T.);
#7604=ORIENTED_EDGE('',*,*,#7603,.T.);
#7607=CARTESIAN_POINT('',(-12.14041,0.00000,17.60997));
#7608=CARTESIAN_POINT('',(-11.14041,0.00000,17.60997));
#7605=(
BOUNDED_CURVE()
B_SPLINE_CURVE(2,(#7600,#7607,#7608),.UNSPECIFIED.,.F.,.F.)
B_SPLINE_CURVE_WITH_KNOTS((3,3),(0.000,1.000),.UNSPECIFIED.)
CURVE()
GEOMETRIC_REPRESENTATION_ITEM()
RATIONAL_B_SPLINE_CURVE((1.0000000000,0.7071067812,1.0000000000))
REPRESENTATION_ITEM('')
);

#7610=VERTEX_POINT('',#7608);
#7611=EDGE_CURVE('',#7602,#7610,#7605,.T.);
#7612=ORIENTED_EDGE('',*,*,#7611,.T.);
#7615=CARTESIAN_POINT('',(-10.14041,0.00000,17.60997));
#7616=CARTESIAN_POINT('',(-10.14041,0.00000,16.60997));
#7613=(
BOUNDED_CURVE()
B_SPLINE_CURVE(2,(#7608,#7615,#7616),.UNSPECIFIED.,.F.,.F.)
B_SPLINE_CURVE_WITH_KNOTS((3,3),(0.000,1.000),.UNSPECIFIED.)
CURVE()
GEOMETRIC_REPRESENTATION_ITEM()
RATIONAL_B_SPLINE_CURVE((1.0000000000,0.7071067812,1.0000000000))
REPRESENTATION_ITEM('')
);

#7618=VERTEX_POINT('',#7616);
#7619=EDGE_CURVE('',#7610,#7618,#7613,.T.);
#7620=ORIENTED_EDGE('',*,*,#7619,.T.);
#7623=CARTESIAN_POINT('',(-10.14041,0.00000,15.60997));
#7621=(
BOUNDED_CURVE()
B_SPLINE_CURVE(2,(#7616,#7623,#7595),.UNSPECIFIED.,.F.,.F.)
B_SPLINE_CURVE_WITH_KNOTS((3,3),(0.000,1.000),.UNSPECIFIED.)
CURVE()
GEOMETRIC_REPRESENTATION_ITEM()
RATIONAL_B_SPLINE_CURVE((1.0000000000,0.7071067812,1.0000000000))
REPRESENTATION_ITEM('')
);

#7625=EDGE_CURVE('',#7618,#7596,#7621,.T.);
#7626=ORIENTED_EDGE('',*,*,#7625,.T.);
#7627=EDGE_LOOP('',(#7604,#7612,#7620,#7626));
#7628=FACE_BOUND('',#7627,.T.);
#7629=CARTESIAN_POINT('',(-15.05979,0.00000,12.16065));
#7630=VERTEX_POINT('',#7629);
#7633=CARTESIAN_POINT('',(-16.05979,0.00000,12.16065));
#7634=CARTESIAN_POINT('',(-16.05979,0.00000,13.16065));
#7631=(
BOUNDED_CURVE()
B_SPLINE_CURVE(2,(#7629,#7633,#7634),.UNSPECIFIED.,.F.,.F.)
B_SPLINE_CURVE_WITH_KNOTS((3,3),(0.000,1.000),.UNSPECIFIED.)
CURVE()
GEOMETRIC_REPRESENTATION_ITEM()
RATIONAL_B_SPLINE_CURVE((1.0000000000,0.7071067812,1.0000000000))
REPRESENTATION_ITEM('')
);

#7636=VERTEX_POINT('',#7634);
#7637=EDGE_CURVE('',#7630,#7636,#7631,.T.);
#7638=ORIENTED_EDGE('',*,*,#7637,.T.);
#7641=CARTESIAN_POINT('',(-16.05979,0.00000,14.16065));
#7642=CARTESIAN_POINT('',(-15.05979,0.00000,14.16065));
#7639=(
BOUNDED_CURVE()
B_SPLINE_CURVE(2,(#7634,#7641,#7642),.UNSPECIFIED.,.F.,.F.)
B_SPLINE_CURVE_WITH_KNOTS((3,3),(0.000,1.000),.UNSPECIFIED.)
CURVE()
GEOMETRIC_REPRESENTATION_ITEM()
RATIONAL_B_SPLINE_CURVE((1.0000000000,0.7071067812,1.0000000000))
REPRESENTATION_ITEM('')
);

#7644=VERTEX_POINT('',#7642);
#7645=EDGE_CURVE('',#7636,#7644,#7639,.T.);
#7646=ORIENTED_EDGE('',*,*,#7645,.T.);
#7649=CARTESIAN_POINT('',(-14.05979,0.00000,14.16065));
#7650=CARTESIAN_POINT('',(-14.05979,0.00000,13.16065));
#7647=(
BOUNDED_CURVE()
B_SPLINE_CURVE(2,(#7642,#7649,#7650),.UNSPECIFIED.,.F.,.F.)
B_SPLINE_CURVE_WITH_KNOTS((3,3),(0.000,1.000),.UNSPECIFIED.)
CURVE()
GEOMETRIC_REPRESENTATION_ITEM()
RATIONAL_B_SPLINE_CURVE((1.0000000000,0.7071067812,1.0000000000))
REPRESENTATION_ITEM('')
);

#7652=VERTEX_POINT('',#7650);
#7653=EDGE_CURVE('',#7644,#7652,#7647,.T.);
#7654=ORIENTED_EDGE('',*,*,#7653,.T.);
#7657=CARTESIAN_POINT('',(-14.05979,0.00000,12.16065));
#7655=(
BOUNDED_CURVE()
B_SPLINE_CURVE(2,(#7650,#7657,#7629),.UNSPECIFIED.,.F.,.F.)
B_SPLINE_CURVE_WITH_KNOTS((3,3),(0.000,1.000),.UNSPECIFIED.)
CURVE()
GEOMETRIC_REPRESENTATION_ITEM()
RATIONAL_B_SPLINE_CURVE((1.0000000000,0.7071067812,1.0000000000))
REPRESENTATION_ITEM('')
);

#7659=EDGE_CURVE('',#7652,#7630,#7655,.T.);
#7660=ORIENTED_EDGE('',*,*,#7659,.T.);
#7661=EDGE_LOOP('',(#7638,#7646,#7654,#7660));
#7662=FACE_BOUND('',#7661,.T.);
#7663=CARTESIAN_POINT('',(-17.95287,0.00000,7.81445));
#7664=VERTEX_POINT('',#7663);
#7667=CARTESIAN_POINT('',(-18.95287,0.00000,7.81445));
#7668=CARTESIAN_POINT('',(-18.95287,0.00000,8.81445));
#7665=(
BOUNDED_CURVE()
B_SPLINE_CURVE(2,(#7663,#7667,#7668),.UNSPECIFIED.,.F.,.F.)
B_SPLINE_CURVE_WITH_KNOTS((3,3),(0.000,1.000),.UNSPECIFIED.)
CURVE()
GEOMETRIC_REPRESENTATION_ITEM()
RATIONAL_B_SPLINE_CURVE((1.0000000000,0.7071067812,1.0000000000))
REPRESENTATION_ITEM('')
);

#7670=VERTEX_POINT('',#7668);
#7671=EDGE_CURVE('',#7664,#7670,#7665,.T.);
#7672=ORIENTED_EDGE('',*,*,#7671,.T.);
#7675=CARTESIAN_POINT('',(-18.95287,0.00000,9.81445));
#7676=CARTESIAN_POINT('',(-17.95287,0.00000,9.81445));
#7673=(
BOUNDED_CURVE()
B_SPLINE_CURVE(2,(#7668,#7675,#7676),.UNSPECIFIED.,.F.,.F.)
B_SPLINE_CURVE_WITH_KNOTS((3,3),(0.000,1.000),.UNSPECIFIED.)
CURVE()
GEOMETRIC_REPRESENTATION_ITEM()
RATIONAL_B_SPLINE_CURVE((1.0000000000,0.7071067812,1.0000000000))
REPRESENTATION_ITEM('')
);

#7678=VERTEX_POINT('',#7676);
#7679=EDGE_CURVE('',#7670,#7678,#7673,.T.);
#7680=ORIENTED_EDGE('',*,*,#7679,.T.);
#7683=CARTESIAN_POINT('',(-16.95287,0.00000,9.81445));
#7684=CARTESIAN_POINT('',(-16.95287,0.00000,8.81445));
#7681=(
BOUNDED_CURVE()
B_SPLINE_CURVE(2,(#7676,#7683,#7684),.UNSPECIFIED.,.F.,.F.)
B_SPLINE_CURVE_WITH_KNOTS((3,3),(0.000,1.000),.UNSPECIFIED.)
CURVE()
GEOMETRIC_REPRESENTATION_ITEM()
RATIONAL_B_SPLINE_CURVE((1.0000000000,0.7071067812,1.0000000000))
REPRESENTATION_ITEM('')
);

#7686=VERTEX_POINT('',#7684);
#7687=EDGE_CURVE('',#7678,#7686,#7681,.T.);
#7688=ORIENTED_EDGE('',*,*,#7687,.T.);
#7691=CARTESIAN_POINT('',(-16.95287,0.00000,7.81445));
#7689=(
BOUNDED_CURVE()
B_SPLINE_CURVE(2,(#7684,#7691,#7663),.UNSPECIFIED.,.F.,.F.)
B_SPLINE_CURVE_WITH_KNOTS((3,3),(0.000,1.000),.UNSPECIFIED.)
CURVE()
GEOMETRIC_REPRESENTATION_ITEM()
RATIONAL_B_SPLINE_CURVE((1.0000000000,0.7071067812,1.0000000000))
REPRESENTATION_ITEM('')
);

#7693=EDGE_CURVE('',#7686,#7664,#7689,.T.);
#7694=ORIENTED_EDGE('',*,*,#7693,.T.);
#7695=EDGE_LOOP('',(#7672,#7680,#7688,#7694));
#7696=FACE_BOUND('',#7695,.T.);
#7697=CARTESIAN_POINT('',(-19.62249,0.00000,2.86756));
#7698=VERTEX_POINT('',#7697);
#7701=CARTESIAN_POINT('',(-20.62249,0.00000,2.86756));
#7702=CARTESIAN_POINT('',(-20.62249,0.00000,3.86756));
#7699=(
BOUNDED_CURVE()
B_SPLINE_CURVE(2,(#7697,#7701,#7702),.UNSPECIFIED.,.F.,.F.)
B_SPLINE_CURVE_WITH_KNOTS((3,3),(0.000,1.000),.UNSPECIFIED.)
CURVE()
GEOMETRIC_REPRESENTATION_ITEM()
RATIONAL_B_SPLINE_CURVE((1.0000000000,0.7071067812,1.0000000000))
REPRESENTATION_ITEM('')
);

#7704=VERTEX_POINT('',#7702);
#7705=EDGE_CURVE('',#7698,#7704,#7699,.T.);
#7706=ORIENTED_EDGE('',*,*,#7705,.T.);
#7709=CARTESIAN_POINT('',(-20.62249,0.00000,4.86756));
#7710=CARTESIAN_POINT('',(-19.62249,0.00000,4.86756));
#7707=(
BOUNDED_CURVE()
B_SPLINE_CURVE(2,(#7702,#7709,#7710),.UNSPECIFIED.,.F.,.F.)
B_SPLINE_CURVE_WITH_KNOTS((3,3),(0.000,1.000),.UNSPECIFIED.)
CURVE()
GEOMETRIC_REPRESENTATION_ITEM()
RATIONAL_B_SPLINE_CURVE((1.0000000000,0.7071067812,1.0000000000))
REPRESENTATION_ITEM('')
);

#7712=VERTEX_POINT('',#7710);
#7713=EDGE_CURVE('',#7704,#7712,#7707,.T.);
#7714=ORIENTED_EDGE('',*,*,#7713,.T.);
#7717=CARTESIAN_POINT('',(-18.62249,0.00000,4.86756));
#7718=CARTESIAN_POINT('',(-18.62249,0.00000,3.86756));
#7715=(
BOUNDED_CURVE()
B_SPLINE_CURVE(2,(#7710,#7717,#7718),.UNSPECIFIED.,.F.,.F.)
B_SPLINE_CURVE_WITH_KNOTS((3,3),(0.000,1.000),.UNSPECIFIED.)
CURVE()
GEOMETRIC_REPRESENTATION_ITEM()
RATIONAL_B_SPLINE_CURVE((1.0000000000,0.7071067812,1.0000000000))
REPRESENTATION_ITEM('')
);

#7720=VERTEX_POINT('',#7718);
#7721=EDGE_CURVE('',#7712,#7720,#7715,.T.);
#7722=ORIENTED_EDGE('',*,*,#7721,.T.);
#7725=CARTESIAN_POINT('',(-18.62249,0.00000,2.86756));
#7723=(
BOUNDED_CURVE()
B_SPLINE_CURVE(2,(#7718,#7725,#7697),.UNSPECIFIED.,.F.,.F.)
B_SPLINE_CURVE_WITH_KNOTS((3,3),(0.000,1.000),.UNSPECIFIED.)
CURVE()
GEOMETRIC_REPRESENTATION_ITEM()
RATIONAL_B_SPLINE_CURVE((1.0000000000,0.7071067812,1.0000000000))
REPRESENTATION_ITEM('')
);

#7727=EDGE_CURVE('',#7720,#7698,#7723,.T.);
#7728=ORIENTED_EDGE('',*,*,#7727,.T.);
#7729=EDGE_LOOP('',(#7706,#7714,#7722,#7728));
#7730=FACE_BOUND('',#7729,.T.);
#7731=ADVANCED_FACE('',(#6880,#6914,#6948,#6982,#7016,#7050,#7084,#7118,#7152,#7186,#7220,#7254,#7288,#7322,#7356,#7390,#7424,#7458,#7492,#7526,#7560,#7594,#7628,#7662,#7696,#7730),#6821,.T.);
#7732=COLOUR_RGB('',0.39,0.39,0.39);
#7733=FILL_AREA_STYLE_COLOUR('',#7732);
#7734=FILL_AREA_STYLE('',(#7733));
#7735=SURFACE_STYLE_FILL_AREA(#7734);
#7736=SURFACE_STYLE_TRANSPARENT(0.00);
#7737=SURFACE_STYLE_RENDERING_WITH_PROPERTIES(.NORMAL_SHADING.,#7732,(#7736));
#7738=SURFACE_SIDE_STYLE('',(#7735, #7737));
#7739=SURFACE_STYLE_USAGE(.BOTH.,#7738);
#7740=PRESENTATION_STYLE_ASSIGNMENT((#7739));
#7741=STYLED_ITEM('',(#7740),#7731);

#7743=CARTESIAN_POINT('',(-17.00000,-6.30000,-0.00000));
#7745=CARTESIAN_POINT('',(-17.00000,-6.30000,-1.50000));
#7747=CARTESIAN_POINT('',(-15.50000,-6.30000,-1.50000));
#7742=(
BOUNDED_SURFACE()
B_SPLINE_SURFACE(2,1,((#7743,#6920),(#7745,#6919),(#7747,#6915)),.UNSPECIFIED.,.F.,.F.,.F.)
B_SPLINE_SURFACE_WITH_KNOTS((3,3),(2,2),(0.000,1.000),(0.000,1.000),.UNSPECIFIED.)
GEOMETRIC_REPRESENTATION_ITEM()
RATIONAL_B_SPLINE_SURFACE(((1.0000000000,1.0000000000),(0.7071067812,0.7071067812),(1.0000000000,1.0000000000)))
REPRESENTATION_ITEM('')
SURFACE()
);

#7758=ORIENTED_EDGE('',*,*,#3562,.F.);
#7759=(
BOUNDED_CURVE()
B_SPLINE_CURVE(1,(#3551,#6920),.UNSPECIFIED.,.F.,.F.)
B_SPLINE_CURVE_WITH_KNOTS((2,2),(0.000,1.000),.UNSPECIFIED.)
CURVE()
GEOMETRIC_REPRESENTATION_ITEM()
RATIONAL_B_SPLINE_CURVE((1.0000000000,1.0000000000))
REPRESENTATION_ITEM('')
);

#7764=EDGE_CURVE('',#3553,#6922,#7759,.T.);
#7765=ORIENTED_EDGE('',*,*,#7764,.T.);
#7773=ORIENTED_EDGE('',*,*,#6923,.F.);
#7774=(
BOUNDED_CURVE()
B_SPLINE_CURVE(1,(#6915,#3559),.UNSPECIFIED.,.F.,.F.)
B_SPLINE_CURVE_WITH_KNOTS((2,2),(0.000,1.000),.UNSPECIFIED.)
CURVE()
GEOMETRIC_REPRESENTATION_ITEM()
RATIONAL_B_SPLINE_CURVE((1.0000000000,1.0000000000))
REPRESENTATION_ITEM('')
);

#7777=EDGE_CURVE('',#6916,#3561,#7774,.T.);
#7778=ORIENTED_EDGE('',*,*,#7777,.T.);
#7779=EDGE_LOOP('',(#7758,#7765,#7773,#7778));
#7780=FACE_OUTER_BOUND('',#7779,.T.);
#7781=ADVANCED_FACE('',(#7780),#7742,.T.);
#7782=COLOUR_RGB('',0.39,0.39,0.39);
#7783=FILL_AREA_STYLE_COLOUR('',#7782);
#7784=FILL_AREA_STYLE('',(#7783));
#7785=SURFACE_STYLE_FILL_AREA(#7784);
#7786=SURFACE_STYLE_TRANSPARENT(0.00);
#7787=SURFACE_STYLE_RENDERING_WITH_PROPERTIES(.NORMAL_SHADING.,#7782,(#7786));
#7788=SURFACE_SIDE_STYLE('',(#7785, #7787));
#7789=SURFACE_STYLE_USAGE(.BOTH.,#7788);
#7790=PRESENTATION_STYLE_ASSIGNMENT((#7789));
#7791=STYLED_ITEM('',(#7790),#7781);

#7793=CARTESIAN_POINT('',(-15.50000,-6.30000,1.50000));
#7795=CARTESIAN_POINT('',(-17.00000,-6.30000,1.50000));
#7792=(
BOUNDED_SURFACE()
B_SPLINE_SURFACE(2,1,((#7793,#6928),(#7795,#6927),(#7743,#6920)),.UNSPECIFIED.,.F.,.F.,.F.)
B_SPLINE_SURFACE_WITH_KNOTS((3,3),(2,2),(0.000,1.000),(0.000,1.000),.UNSPECIFIED.)
GEOMETRIC_REPRESENTATION_ITEM()
RATIONAL_B_SPLINE_SURFACE(((1.0000000000,1.0000000000),(0.7071067812,0.7071067812),(1.0000000000,1.0000000000)))
REPRESENTATION_ITEM('')
SURFACE()
);

#7808=ORIENTED_EDGE('',*,*,#3554,.F.);
#7809=(
BOUNDED_CURVE()
B_SPLINE_CURVE(1,(#3546,#6928),.UNSPECIFIED.,.F.,.F.)
B_SPLINE_CURVE_WITH_KNOTS((2,2),(0.000,1.000),.UNSPECIFIED.)
CURVE()
GEOMETRIC_REPRESENTATION_ITEM()
RATIONAL_B_SPLINE_CURVE((1.0000000000,1.0000000000))
REPRESENTATION_ITEM('')
);

#7814=EDGE_CURVE('',#3547,#6930,#7809,.T.);
#7815=ORIENTED_EDGE('',*,*,#7814,.T.);
#7823=ORIENTED_EDGE('',*,*,#6931,.F.);
#7828=ORIENTED_EDGE('',*,*,#7764,.F.);
#7829=EDGE_LOOP('',(#7808,#7815,#7823,#7828));
#7830=FACE_OUTER_BOUND('',#7829,.T.);
#7831=ADVANCED_FACE('',(#7830),#7792,.T.);
#7832=COLOUR_RGB('',0.39,0.39,0.39);
#7833=FILL_AREA_STYLE_COLOUR('',#7832);
#7834=FILL_AREA_STYLE('',(#7833));
#7835=SURFACE_STYLE_FILL_AREA(#7834);
#7836=SURFACE_STYLE_TRANSPARENT(0.00);
#7837=SURFACE_STYLE_RENDERING_WITH_PROPERTIES(.NORMAL_SHADING.,#7832,(#7836));
#7838=SURFACE_SIDE_STYLE('',(#7835, #7837));
#7839=SURFACE_STYLE_USAGE(.BOTH.,#7838);
#7840=PRESENTATION_STYLE_ASSIGNMENT((#7839));
#7841=STYLED_ITEM('',(#7840),#7831);

#7843=CARTESIAN_POINT('',(-14.00000,-6.30000,0.00000));
#7845=CARTESIAN_POINT('',(-14.00000,-6.30000,1.50000));
#7842=(
BOUNDED_SURFACE()
B_SPLINE_SURFACE(2,1,((#7843,#6936),(#7845,#6935),(#7793,#6928)),.UNSPECIFIED.,.F.,.F.,.F.)
B_SPLINE_SURFACE_WITH_KNOTS((3,3),(2,2),(0.000,1.000),(0.000,1.000),.UNSPECIFIED.)
GEOMETRIC_REPRESENTATION_ITEM()
RATIONAL_B_SPLINE_SURFACE(((1.0000000000,1.0000000000),(0.7071067812,0.7071067812),(1.0000000000,1.0000000000)))
REPRESENTATION_ITEM('')
SURFACE()
);

#7858=ORIENTED_EDGE('',*,*,#3576,.F.);
#7859=(
BOUNDED_CURVE()
B_SPLINE_CURVE(1,(#3567,#6936),.UNSPECIFIED.,.F.,.F.)
B_SPLINE_CURVE_WITH_KNOTS((2,2),(0.000,1.000),.UNSPECIFIED.)
CURVE()
GEOMETRIC_REPRESENTATION_ITEM()
RATIONAL_B_SPLINE_CURVE((1.0000000000,1.0000000000))
REPRESENTATION_ITEM('')
);

#7864=EDGE_CURVE('',#3569,#6938,#7859,.T.);
#7865=ORIENTED_EDGE('',*,*,#7864,.T.);
#7873=ORIENTED_EDGE('',*,*,#6939,.F.);
#7878=ORIENTED_EDGE('',*,*,#7814,.F.);
#7879=EDGE_LOOP('',(#7858,#7865,#7873,#7878));
#7880=FACE_OUTER_BOUND('',#7879,.T.);
#7881=ADVANCED_FACE('',(#7880),#7842,.T.);
#7882=COLOUR_RGB('',0.39,0.39,0.39);
#7883=FILL_AREA_STYLE_COLOUR('',#7882);
#7884=FILL_AREA_STYLE('',(#7883));
#7885=SURFACE_STYLE_FILL_AREA(#7884);
#7886=SURFACE_STYLE_TRANSPARENT(0.00);
#7887=SURFACE_STYLE_RENDERING_WITH_PROPERTIES(.NORMAL_SHADING.,#7882,(#7886));
#7888=SURFACE_SIDE_STYLE('',(#7885, #7887));
#7889=SURFACE_STYLE_USAGE(.BOTH.,#7888);
#7890=PRESENTATION_STYLE_ASSIGNMENT((#7889));
#7891=STYLED_ITEM('',(#7890),#7881);

#7895=CARTESIAN_POINT('',(-14.00000,-6.30000,-1.50000));
#7892=(
BOUNDED_SURFACE()
B_SPLINE_SURFACE(2,1,((#7747,#6915),(#7895,#6943),(#7843,#6936)),.UNSPECIFIED.,.F.,.F.,.F.)
B_SPLINE_SURFACE_WITH_KNOTS((3,3),(2,2),(0.000,1.000),(0.000,1.000),.UNSPECIFIED.)
GEOMETRIC_REPRESENTATION_ITEM()
RATIONAL_B_SPLINE_SURFACE(((1.0000000000,1.0000000000),(0.7071067812,0.7071067812),(1.0000000000,1.0000000000)))
REPRESENTATION_ITEM('')
SURFACE()
);

#7908=ORIENTED_EDGE('',*,*,#3570,.F.);
#7915=ORIENTED_EDGE('',*,*,#7777,.F.);
#7923=ORIENTED_EDGE('',*,*,#6945,.F.);
#7928=ORIENTED_EDGE('',*,*,#7864,.F.);
#7929=EDGE_LOOP('',(#7908,#7915,#7923,#7928));
#7930=FACE_OUTER_BOUND('',#7929,.T.);
#7931=ADVANCED_FACE('',(#7930),#7892,.T.);
#7932=COLOUR_RGB('',0.39,0.39,0.39);
#7933=FILL_AREA_STYLE_COLOUR('',#7932);
#7934=FILL_AREA_STYLE('',(#7933));
#7935=SURFACE_STYLE_FILL_AREA(#7934);
#7936=SURFACE_STYLE_TRANSPARENT(0.00);
#7937=SURFACE_STYLE_RENDERING_WITH_PROPERTIES(.NORMAL_SHADING.,#7932,(#7936));
#7938=SURFACE_SIDE_STYLE('',(#7935, #7937));
#7939=SURFACE_STYLE_USAGE(.BOTH.,#7938);
#7940=PRESENTATION_STYLE_ASSIGNMENT((#7939));
#7941=STYLED_ITEM('',(#7940),#7931);

#7943=CARTESIAN_POINT('',(-20.25000,-6.30000,1.50000));
#7945=CARTESIAN_POINT('',(-21.75000,-6.30000,1.50000));
#7946=CARTESIAN_POINT('',(-21.75000,-0.00000,1.50000));
#7942=(
BOUNDED_SURFACE()
B_SPLINE_SURFACE(1,1,((#7943,#6826),(#7945,#7946)),.UNSPECIFIED.,.F.,.F.,.F.)
B_SPLINE_SURFACE_WITH_KNOTS((2,2),(2,2),(0.000,1.000),(0.000,1.000),.UNSPECIFIED.)
GEOMETRIC_REPRESENTATION_ITEM()
RATIONAL_B_SPLINE_SURFACE(((1.0000000000,1.0000000000),(1.0000000000,1.0000000000)))
REPRESENTATION_ITEM('')
SURFACE()
);

#7949=(
BOUNDED_CURVE()
B_SPLINE_CURVE(1,(#409,#6826),.UNSPECIFIED.,.F.,.F.)
B_SPLINE_CURVE_WITH_KNOTS((2,2),(0.000,1.000),.UNSPECIFIED.)
CURVE()
GEOMETRIC_REPRESENTATION_ITEM()
RATIONAL_B_SPLINE_CURVE((1.0000000000,1.0000000000))
REPRESENTATION_ITEM('')
);

#7954=EDGE_CURVE('',#411,#6827,#7949,.T.);
#7955=ORIENTED_EDGE('',*,*,#7954,.T.);
#7962=ORIENTED_EDGE('',*,*,#6877,.F.);
#7969=ORIENTED_EDGE('',*,*,#214,.F.);
#7974=ORIENTED_EDGE('',*,*,#419,.F.);
#7975=EDGE_LOOP('',(#7955,#7962,#7969,#7974));
#7976=FACE_OUTER_BOUND('',#7975,.T.);
#7977=ADVANCED_FACE('',(#7976),#7942,.T.);
#7978=COLOUR_RGB('',0.39,0.39,0.39);
#7979=FILL_AREA_STYLE_COLOUR('',#7978);
#7980=FILL_AREA_STYLE('',(#7979));
#7981=SURFACE_STYLE_FILL_AREA(#7980);
#7982=SURFACE_STYLE_TRANSPARENT(0.00);
#7983=SURFACE_STYLE_RENDERING_WITH_PROPERTIES(.NORMAL_SHADING.,#7978,(#7982));
#7984=SURFACE_SIDE_STYLE('',(#7981, #7983));
#7985=SURFACE_STYLE_USAGE(.BOTH.,#7984);
#7986=PRESENTATION_STYLE_ASSIGNMENT((#7985));
#7987=STYLED_ITEM('',(#7986),#7977);

#7989=CARTESIAN_POINT('',(-20.25000,-6.30000,-1.50000));
#7988=(
BOUNDED_SURFACE()
B_SPLINE_SURFACE(1,1,((#7989,#6830),(#7943,#6826)),.UNSPECIFIED.,.F.,.F.,.F.)
B_SPLINE_SURFACE_WITH_KNOTS((2,2),(2,2),(0.000,1.000),(0.000,1.000),.UNSPECIFIED.)
GEOMETRIC_REPRESENTATION_ITEM()
RATIONAL_B_SPLINE_SURFACE(((1.0000000000,1.0000000000),(1.0000000000,1.0000000000)))
REPRESENTATION_ITEM('')
SURFACE()
);

#7995=(
BOUNDED_CURVE()
B_SPLINE_CURVE(1,(#405,#6830),.UNSPECIFIED.,.F.,.F.)
B_SPLINE_CURVE_WITH_KNOTS((2,2),(0.000,1.000),.UNSPECIFIED.)
CURVE()
GEOMETRIC_REPRESENTATION_ITEM()
RATIONAL_B_SPLINE_CURVE((1.0000000000,1.0000000000))
REPRESENTATION_ITEM('')
);

#8000=EDGE_CURVE('',#406,#6832,#7995,.T.);
#8001=ORIENTED_EDGE('',*,*,#8000,.T.);
#8008=ORIENTED_EDGE('',*,*,#6833,.F.);
#8015=ORIENTED_EDGE('',*,*,#7954,.F.);
#8020=ORIENTED_EDGE('',*,*,#412,.F.);
#8021=EDGE_LOOP('',(#8001,#8008,#8015,#8020));
#8022=FACE_OUTER_BOUND('',#8021,.T.);
#8023=ADVANCED_FACE('',(#8022),#7988,.T.);
#8024=COLOUR_RGB('',0.39,0.39,0.39);
#8025=FILL_AREA_STYLE_COLOUR('',#8024);
#8026=FILL_AREA_STYLE('',(#8025));
#8027=SURFACE_STYLE_FILL_AREA(#8026);
#8028=SURFACE_STYLE_TRANSPARENT(0.00);
#8029=SURFACE_STYLE_RENDERING_WITH_PROPERTIES(.NORMAL_SHADING.,#8024,(#8028));
#8030=SURFACE_SIDE_STYLE('',(#8027, #8029));
#8031=SURFACE_STYLE_USAGE(.BOTH.,#8030);
#8032=PRESENTATION_STYLE_ASSIGNMENT((#8031));
#8033=STYLED_ITEM('',(#8032),#8023);

#8035=CARTESIAN_POINT('',(-21.75000,-6.30000,-1.50000));
#8036=CARTESIAN_POINT('',(-21.75000,0.00000,-1.50000));
#8034=(
BOUNDED_SURFACE()
B_SPLINE_SURFACE(1,1,((#8035,#8036),(#7989,#6830)),.UNSPECIFIED.,.F.,.F.,.F.)
B_SPLINE_SURFACE_WITH_KNOTS((2,2),(2,2),(0.000,1.000),(0.000,1.000),.UNSPECIFIED.)
GEOMETRIC_REPRESENTATION_ITEM()
RATIONAL_B_SPLINE_SURFACE(((1.0000000000,1.0000000000),(1.0000000000,1.0000000000)))
REPRESENTATION_ITEM('')
SURFACE()
);

#8047=ORIENTED_EDGE('',*,*,#372,.F.);
#8054=ORIENTED_EDGE('',*,*,#6840,.F.);
#8061=ORIENTED_EDGE('',*,*,#8000,.F.);
#8066=ORIENTED_EDGE('',*,*,#456,.F.);
#8067=EDGE_LOOP('',(#8047,#8054,#8061,#8066));
#8068=FACE_OUTER_BOUND('',#8067,.T.);
#8069=ADVANCED_FACE('',(#8068),#8034,.T.);
#8070=COLOUR_RGB('',0.39,0.39,0.39);
#8071=FILL_AREA_STYLE_COLOUR('',#8070);
#8072=FILL_AREA_STYLE('',(#8071));
#8073=SURFACE_STYLE_FILL_AREA(#8072);
#8074=SURFACE_STYLE_TRANSPARENT(0.00);
#8075=SURFACE_STYLE_RENDERING_WITH_PROPERTIES(.NORMAL_SHADING.,#8070,(#8074));
#8076=SURFACE_SIDE_STYLE('',(#8073, #8075));
#8077=SURFACE_STYLE_USAGE(.BOTH.,#8076);
#8078=PRESENTATION_STYLE_ASSIGNMENT((#8077));
#8079=STYLED_ITEM('',(#8078),#8069);

#8081=CARTESIAN_POINT('',(-20.62249,-6.30000,-3.86756));
#8083=CARTESIAN_POINT('',(-20.62249,-6.30000,-4.86756));
#8085=CARTESIAN_POINT('',(-19.62249,-6.30000,-4.86756));
#8080=(
BOUNDED_SURFACE()
B_SPLINE_SURFACE(2,1,((#8081,#6954),(#8083,#6953),(#8085,#6949)),.UNSPECIFIED.,.F.,.F.,.F.)
B_SPLINE_SURFACE_WITH_KNOTS((3,3),(2,2),(0.000,1.000),(0.000,1.000),.UNSPECIFIED.)
GEOMETRIC_REPRESENTATION_ITEM()
RATIONAL_B_SPLINE_SURFACE(((1.0000000000,1.0000000000),(0.7071067812,0.7071067812),(1.0000000000,1.0000000000)))
REPRESENTATION_ITEM('')
SURFACE()
);

#8096=ORIENTED_EDGE('',*,*,#510,.F.);
#8097=(
BOUNDED_CURVE()
B_SPLINE_CURVE(1,(#499,#6954),.UNSPECIFIED.,.F.,.F.)
B_SPLINE_CURVE_WITH_KNOTS((2,2),(0.000,1.000),.UNSPECIFIED.)
CURVE()
GEOMETRIC_REPRESENTATION_ITEM()
RATIONAL_B_SPLINE_CURVE((1.0000000000,1.0000000000))
REPRESENTATION_ITEM('')
);

#8102=EDGE_CURVE('',#501,#6956,#8097,.T.);
#8103=ORIENTED_EDGE('',*,*,#8102,.T.);
#8111=ORIENTED_EDGE('',*,*,#6957,.F.);
#8112=(
BOUNDED_CURVE()
B_SPLINE_CURVE(1,(#6949,#507),.UNSPECIFIED.,.F.,.F.)
B_SPLINE_CURVE_WITH_KNOTS((2,2),(0.000,1.000),.UNSPECIFIED.)
CURVE()
GEOMETRIC_REPRESENTATION_ITEM()
RATIONAL_B_SPLINE_CURVE((1.0000000000,1.0000000000))
REPRESENTATION_ITEM('')
);

#8115=EDGE_CURVE('',#6950,#509,#8112,.T.);
#8116=ORIENTED_EDGE('',*,*,#8115,.T.);
#8117=EDGE_LOOP('',(#8096,#8103,#8111,#8116));
#8118=FACE_OUTER_BOUND('',#8117,.T.);
#8119=ADVANCED_FACE('',(#8118),#8080,.T.);
#8120=COLOUR_RGB('',0.39,0.39,0.39);
#8121=FILL_AREA_STYLE_COLOUR('',#8120);
#8122=FILL_AREA_STYLE('',(#8121));
#8123=SURFACE_STYLE_FILL_AREA(#8122);
#8124=SURFACE_STYLE_TRANSPARENT(0.00);
#8125=SURFACE_STYLE_RENDERING_WITH_PROPERTIES(.NORMAL_SHADING.,#8120,(#8124));
#8126=SURFACE_SIDE_STYLE('',(#8123, #8125));
#8127=SURFACE_STYLE_USAGE(.BOTH.,#8126);
#8128=PRESENTATION_STYLE_ASSIGNMENT((#8127));
#8129=STYLED_ITEM('',(#8128),#8119);

#8131=CARTESIAN_POINT('',(-19.62249,-6.30000,-2.86756));
#8133=CARTESIAN_POINT('',(-20.62249,-6.30000,-2.86756));
#8130=(
BOUNDED_SURFACE()
B_SPLINE_SURFACE(2,1,((#8131,#6962),(#8133,#6961),(#8081,#6954)),.UNSPECIFIED.,.F.,.F.,.F.)
B_SPLINE_SURFACE_WITH_KNOTS((3,3),(2,2),(0.000,1.000),(0.000,1.000),.UNSPECIFIED.)
GEOMETRIC_REPRESENTATION_ITEM()
RATIONAL_B_SPLINE_SURFACE(((1.0000000000,1.0000000000),(0.7071067812,0.7071067812),(1.0000000000,1.0000000000)))
REPRESENTATION_ITEM('')
SURFACE()
);

#8146=ORIENTED_EDGE('',*,*,#502,.F.);
#8147=(
BOUNDED_CURVE()
B_SPLINE_CURVE(1,(#494,#6962),.UNSPECIFIED.,.F.,.F.)
B_SPLINE_CURVE_WITH_KNOTS((2,2),(0.000,1.000),.UNSPECIFIED.)
CURVE()
GEOMETRIC_REPRESENTATION_ITEM()
RATIONAL_B_SPLINE_CURVE((1.0000000000,1.0000000000))
REPRESENTATION_ITEM('')
);

#8152=EDGE_CURVE('',#495,#6964,#8147,.T.);
#8153=ORIENTED_EDGE('',*,*,#8152,.T.);
#8161=ORIENTED_EDGE('',*,*,#6965,.F.);
#8166=ORIENTED_EDGE('',*,*,#8102,.F.);
#8167=EDGE_LOOP('',(#8146,#8153,#8161,#8166));
#8168=FACE_OUTER_BOUND('',#8167,.T.);
#8169=ADVANCED_FACE('',(#8168),#8130,.T.);
#8170=COLOUR_RGB('',0.39,0.39,0.39);
#8171=FILL_AREA_STYLE_COLOUR('',#8170);
#8172=FILL_AREA_STYLE('',(#8171));
#8173=SURFACE_STYLE_FILL_AREA(#8172);
#8174=SURFACE_STYLE_TRANSPARENT(0.00);
#8175=SURFACE_STYLE_RENDERING_WITH_PROPERTIES(.NORMAL_SHADING.,#8170,(#8174));
#8176=SURFACE_SIDE_STYLE('',(#8173, #8175));
#8177=SURFACE_STYLE_USAGE(.BOTH.,#8176);
#8178=PRESENTATION_STYLE_ASSIGNMENT((#8177));
#8179=STYLED_ITEM('',(#8178),#8169);

#8181=CARTESIAN_POINT('',(-18.62249,-6.30000,-3.86756));
#8183=CARTESIAN_POINT('',(-18.62249,-6.30000,-2.86756));
#8180=(
BOUNDED_SURFACE()
B_SPLINE_SURFACE(2,1,((#8181,#6970),(#8183,#6969),(#8131,#6962)),.UNSPECIFIED.,.F.,.F.,.F.)
B_SPLINE_SURFACE_WITH_KNOTS((3,3),(2,2),(0.000,1.000),(0.000,1.000),.UNSPECIFIED.)
GEOMETRIC_REPRESENTATION_ITEM()
RATIONAL_B_SPLINE_SURFACE(((1.0000000000,1.0000000000),(0.7071067812,0.7071067812),(1.0000000000,1.0000000000)))
REPRESENTATION_ITEM('')
SURFACE()
);

#8196=ORIENTED_EDGE('',*,*,#524,.F.);
#8197=(
BOUNDED_CURVE()
B_SPLINE_CURVE(1,(#515,#6970),.UNSPECIFIED.,.F.,.F.)
B_SPLINE_CURVE_WITH_KNOTS((2,2),(0.000,1.000),.UNSPECIFIED.)
CURVE()
GEOMETRIC_REPRESENTATION_ITEM()
RATIONAL_B_SPLINE_CURVE((1.0000000000,1.0000000000))
REPRESENTATION_ITEM('')
);

#8202=EDGE_CURVE('',#517,#6972,#8197,.T.);
#8203=ORIENTED_EDGE('',*,*,#8202,.T.);
#8211=ORIENTED_EDGE('',*,*,#6973,.F.);
#8216=ORIENTED_EDGE('',*,*,#8152,.F.);
#8217=EDGE_LOOP('',(#8196,#8203,#8211,#8216));
#8218=FACE_OUTER_BOUND('',#8217,.T.);
#8219=ADVANCED_FACE('',(#8218),#8180,.T.);
#8220=COLOUR_RGB('',0.39,0.39,0.39);
#8221=FILL_AREA_STYLE_COLOUR('',#8220);
#8222=FILL_AREA_STYLE('',(#8221));
#8223=SURFACE_STYLE_FILL_AREA(#8222);
#8224=SURFACE_STYLE_TRANSPARENT(0.00);
#8225=SURFACE_STYLE_RENDERING_WITH_PROPERTIES(.NORMAL_SHADING.,#8220,(#8224));
#8226=SURFACE_SIDE_STYLE('',(#8223, #8225));
#8227=SURFACE_STYLE_USAGE(.BOTH.,#8226);
#8228=PRESENTATION_STYLE_ASSIGNMENT((#8227));
#8229=STYLED_ITEM('',(#8228),#8219);

#8233=CARTESIAN_POINT('',(-18.62249,-6.30000,-4.86756));
#8230=(
BOUNDED_SURFACE()
B_SPLINE_SURFACE(2,1,((#8085,#6949),(#8233,#6977),(#8181,#6970)),.UNSPECIFIED.,.F.,.F.,.F.)
B_SPLINE_SURFACE_WITH_KNOTS((3,3),(2,2),(0.000,1.000),(0.000,1.000),.UNSPECIFIED.)
GEOMETRIC_REPRESENTATION_ITEM()
RATIONAL_B_SPLINE_SURFACE(((1.0000000000,1.0000000000),(0.7071067812,0.7071067812),(1.0000000000,1.0000000000)))
REPRESENTATION_ITEM('')
SURFACE()
);

#8246=ORIENTED_EDGE('',*,*,#518,.F.);
#8253=ORIENTED_EDGE('',*,*,#8115,.F.);
#8261=ORIENTED_EDGE('',*,*,#6979,.F.);
#8266=ORIENTED_EDGE('',*,*,#8202,.F.);
#8267=EDGE_LOOP('',(#8246,#8253,#8261,#8266));
#8268=FACE_OUTER_BOUND('',#8267,.T.);
#8269=ADVANCED_FACE('',(#8268),#8230,.T.);
#8270=COLOUR_RGB('',0.39,0.39,0.39);
#8271=FILL_AREA_STYLE_COLOUR('',#8270);
#8272=FILL_AREA_STYLE('',(#8271));
#8273=SURFACE_STYLE_FILL_AREA(#8272);
#8274=SURFACE_STYLE_TRANSPARENT(0.00);
#8275=SURFACE_STYLE_RENDERING_WITH_PROPERTIES(.NORMAL_SHADING.,#8270,(#8274));
#8276=SURFACE_SIDE_STYLE('',(#8273, #8275));
#8277=SURFACE_STYLE_USAGE(.BOTH.,#8276);
#8278=PRESENTATION_STYLE_ASSIGNMENT((#8277));
#8279=STYLED_ITEM('',(#8278),#8269);

#8281=CARTESIAN_POINT('',(-18.95287,-6.30000,-8.81445));
#8283=CARTESIAN_POINT('',(-18.95287,-6.30000,-9.81445));
#8285=CARTESIAN_POINT('',(-17.95287,-6.30000,-9.81445));
#8280=(
BOUNDED_SURFACE()
B_SPLINE_SURFACE(2,1,((#8281,#6988),(#8283,#6987),(#8285,#6983)),.UNSPECIFIED.,.F.,.F.,.F.)
B_SPLINE_SURFACE_WITH_KNOTS((3,3),(2,2),(0.000,1.000),(0.000,1.000),.UNSPECIFIED.)
GEOMETRIC_REPRESENTATION_ITEM()
RATIONAL_B_SPLINE_SURFACE(((1.0000000000,1.0000000000),(0.7071067812,0.7071067812),(1.0000000000,1.0000000000)))
REPRESENTATION_ITEM('')
SURFACE()
);

#8296=ORIENTED_EDGE('',*,*,#544,.F.);
#8297=(
BOUNDED_CURVE()
B_SPLINE_CURVE(1,(#533,#6988),.UNSPECIFIED.,.F.,.F.)
B_SPLINE_CURVE_WITH_KNOTS((2,2),(0.000,1.000),.UNSPECIFIED.)
CURVE()
GEOMETRIC_REPRESENTATION_ITEM()
RATIONAL_B_SPLINE_CURVE((1.0000000000,1.0000000000))
REPRESENTATION_ITEM('')
);

#8302=EDGE_CURVE('',#535,#6990,#8297,.T.);
#8303=ORIENTED_EDGE('',*,*,#8302,.T.);
#8311=ORIENTED_EDGE('',*,*,#6991,.F.);
#8312=(
BOUNDED_CURVE()
B_SPLINE_CURVE(1,(#6983,#541),.UNSPECIFIED.,.F.,.F.)
B_SPLINE_CURVE_WITH_KNOTS((2,2),(0.000,1.000),.UNSPECIFIED.)
CURVE()
GEOMETRIC_REPRESENTATION_ITEM()
RATIONAL_B_SPLINE_CURVE((1.0000000000,1.0000000000))
REPRESENTATION_ITEM('')
);

#8315=EDGE_CURVE('',#6984,#543,#8312,.T.);
#8316=ORIENTED_EDGE('',*,*,#8315,.T.);
#8317=EDGE_LOOP('',(#8296,#8303,#8311,#8316));
#8318=FACE_OUTER_BOUND('',#8317,.T.);
#8319=ADVANCED_FACE('',(#8318),#8280,.T.);
#8320=COLOUR_RGB('',0.39,0.39,0.39);
#8321=FILL_AREA_STYLE_COLOUR('',#8320);
#8322=FILL_AREA_STYLE('',(#8321));
#8323=SURFACE_STYLE_FILL_AREA(#8322);
#8324=SURFACE_STYLE_TRANSPARENT(0.00);
#8325=SURFACE_STYLE_RENDERING_WITH_PROPERTIES(.NORMAL_SHADING.,#8320,(#8324));
#8326=SURFACE_SIDE_STYLE('',(#8323, #8325));
#8327=SURFACE_STYLE_USAGE(.BOTH.,#8326);
#8328=PRESENTATION_STYLE_ASSIGNMENT((#8327));
#8329=STYLED_ITEM('',(#8328),#8319);

#8331=CARTESIAN_POINT('',(-17.95287,-6.30000,-7.81445));
#8333=CARTESIAN_POINT('',(-18.95287,-6.30000,-7.81445));
#8330=(
BOUNDED_SURFACE()
B_SPLINE_SURFACE(2,1,((#8331,#6996),(#8333,#6995),(#8281,#6988)),.UNSPECIFIED.,.F.,.F.,.F.)
B_SPLINE_SURFACE_WITH_KNOTS((3,3),(2,2),(0.000,1.000),(0.000,1.000),.UNSPECIFIED.)
GEOMETRIC_REPRESENTATION_ITEM()
RATIONAL_B_SPLINE_SURFACE(((1.0000000000,1.0000000000),(0.7071067812,0.7071067812),(1.0000000000,1.0000000000)))
REPRESENTATION_ITEM('')
SURFACE()
);

#8346=ORIENTED_EDGE('',*,*,#536,.F.);
#8347=(
BOUNDED_CURVE()
B_SPLINE_CURVE(1,(#528,#6996),.UNSPECIFIED.,.F.,.F.)
B_SPLINE_CURVE_WITH_KNOTS((2,2),(0.000,1.000),.UNSPECIFIED.)
CURVE()
GEOMETRIC_REPRESENTATION_ITEM()
RATIONAL_B_SPLINE_CURVE((1.0000000000,1.0000000000))
REPRESENTATION_ITEM('')
);

#8352=EDGE_CURVE('',#529,#6998,#8347,.T.);
#8353=ORIENTED_EDGE('',*,*,#8352,.T.);
#8361=ORIENTED_EDGE('',*,*,#6999,.F.);
#8366=ORIENTED_EDGE('',*,*,#8302,.F.);
#8367=EDGE_LOOP('',(#8346,#8353,#8361,#8366));
#8368=FACE_OUTER_BOUND('',#8367,.T.);
#8369=ADVANCED_FACE('',(#8368),#8330,.T.);
#8370=COLOUR_RGB('',0.39,0.39,0.39);
#8371=FILL_AREA_STYLE_COLOUR('',#8370);
#8372=FILL_AREA_STYLE('',(#8371));
#8373=SURFACE_STYLE_FILL_AREA(#8372);
#8374=SURFACE_STYLE_TRANSPARENT(0.00);
#8375=SURFACE_STYLE_RENDERING_WITH_PROPERTIES(.NORMAL_SHADING.,#8370,(#8374));
#8376=SURFACE_SIDE_STYLE('',(#8373, #8375));
#8377=SURFACE_STYLE_USAGE(.BOTH.,#8376);
#8378=PRESENTATION_STYLE_ASSIGNMENT((#8377));
#8379=STYLED_ITEM('',(#8378),#8369);

#8381=CARTESIAN_POINT('',(-16.95287,-6.30000,-8.81445));
#8383=CARTESIAN_POINT('',(-16.95287,-6.30000,-7.81445));
#8380=(
BOUNDED_SURFACE()
B_SPLINE_SURFACE(2,1,((#8381,#7004),(#8383,#7003),(#8331,#6996)),.UNSPECIFIED.,.F.,.F.,.F.)
B_SPLINE_SURFACE_WITH_KNOTS((3,3),(2,2),(0.000,1.000),(0.000,1.000),.UNSPECIFIED.)
GEOMETRIC_REPRESENTATION_ITEM()
RATIONAL_B_SPLINE_SURFACE(((1.0000000000,1.0000000000),(0.7071067812,0.7071067812),(1.0000000000,1.0000000000)))
REPRESENTATION_ITEM('')
SURFACE()
);

#8396=ORIENTED_EDGE('',*,*,#558,.F.);
#8397=(
BOUNDED_CURVE()
B_SPLINE_CURVE(1,(#549,#7004),.UNSPECIFIED.,.F.,.F.)
B_SPLINE_CURVE_WITH_KNOTS((2,2),(0.000,1.000),.UNSPECIFIED.)
CURVE()
GEOMETRIC_REPRESENTATION_ITEM()
RATIONAL_B_SPLINE_CURVE((1.0000000000,1.0000000000))
REPRESENTATION_ITEM('')
);

#8402=EDGE_CURVE('',#551,#7006,#8397,.T.);
#8403=ORIENTED_EDGE('',*,*,#8402,.T.);
#8411=ORIENTED_EDGE('',*,*,#7007,.F.);
#8416=ORIENTED_EDGE('',*,*,#8352,.F.);
#8417=EDGE_LOOP('',(#8396,#8403,#8411,#8416));
#8418=FACE_OUTER_BOUND('',#8417,.T.);
#8419=ADVANCED_FACE('',(#8418),#8380,.T.);
#8420=COLOUR_RGB('',0.39,0.39,0.39);
#8421=FILL_AREA_STYLE_COLOUR('',#8420);
#8422=FILL_AREA_STYLE('',(#8421));
#8423=SURFACE_STYLE_FILL_AREA(#8422);
#8424=SURFACE_STYLE_TRANSPARENT(0.00);
#8425=SURFACE_STYLE_RENDERING_WITH_PROPERTIES(.NORMAL_SHADING.,#8420,(#8424));
#8426=SURFACE_SIDE_STYLE('',(#8423, #8425));
#8427=SURFACE_STYLE_USAGE(.BOTH.,#8426);
#8428=PRESENTATION_STYLE_ASSIGNMENT((#8427));
#8429=STYLED_ITEM('',(#8428),#8419);

#8433=CARTESIAN_POINT('',(-16.95287,-6.30000,-9.81445));
#8430=(
BOUNDED_SURFACE()
B_SPLINE_SURFACE(2,1,((#8285,#6983),(#8433,#7011),(#8381,#7004)),.UNSPECIFIED.,.F.,.F.,.F.)
B_SPLINE_SURFACE_WITH_KNOTS((3,3),(2,2),(0.000,1.000),(0.000,1.000),.UNSPECIFIED.)
GEOMETRIC_REPRESENTATION_ITEM()
RATIONAL_B_SPLINE_SURFACE(((1.0000000000,1.0000000000),(0.7071067812,0.7071067812),(1.0000000000,1.0000000000)))
REPRESENTATION_ITEM('')
SURFACE()
);

#8446=ORIENTED_EDGE('',*,*,#552,.F.);
#8453=ORIENTED_EDGE('',*,*,#8315,.F.);
#8461=ORIENTED_EDGE('',*,*,#7013,.F.);
#8466=ORIENTED_EDGE('',*,*,#8402,.F.);
#8467=EDGE_LOOP('',(#8446,#8453,#8461,#8466));
#8468=FACE_OUTER_BOUND('',#8467,.T.);
#8469=ADVANCED_FACE('',(#8468),#8430,.T.);
#8470=COLOUR_RGB('',0.39,0.39,0.39);
#8471=FILL_AREA_STYLE_COLOUR('',#8470);
#8472=FILL_AREA_STYLE('',(#8471));
#8473=SURFACE_STYLE_FILL_AREA(#8472);
#8474=SURFACE_STYLE_TRANSPARENT(0.00);
#8475=SURFACE_STYLE_RENDERING_WITH_PROPERTIES(.NORMAL_SHADING.,#8470,(#8474));
#8476=SURFACE_SIDE_STYLE('',(#8473, #8475));
#8477=SURFACE_STYLE_USAGE(.BOTH.,#8476);
#8478=PRESENTATION_STYLE_ASSIGNMENT((#8477));
#8479=STYLED_ITEM('',(#8478),#8469);

#8481=CARTESIAN_POINT('',(-16.05979,-6.30000,-13.16065));
#8483=CARTESIAN_POINT('',(-16.05979,-6.30000,-14.16065));
#8485=CARTESIAN_POINT('',(-15.05979,-6.30000,-14.16065));
#8480=(
BOUNDED_SURFACE()
B_SPLINE_SURFACE(2,1,((#8481,#7022),(#8483,#7021),(#8485,#7017)),.UNSPECIFIED.,.F.,.F.,.F.)
B_SPLINE_SURFACE_WITH_KNOTS((3,3),(2,2),(0.000,1.000),(0.000,1.000),.UNSPECIFIED.)
GEOMETRIC_REPRESENTATION_ITEM()
RATIONAL_B_SPLINE_SURFACE(((1.0000000000,1.0000000000),(0.7071067812,0.7071067812),(1.0000000000,1.0000000000)))
REPRESENTATION_ITEM('')
SURFACE()
);

#8496=ORIENTED_EDGE('',*,*,#578,.F.);
#8497=(
BOUNDED_CURVE()
B_SPLINE_CURVE(1,(#567,#7022),.UNSPECIFIED.,.F.,.F.)
B_SPLINE_CURVE_WITH_KNOTS((2,2),(0.000,1.000),.UNSPECIFIED.)
CURVE()
GEOMETRIC_REPRESENTATION_ITEM()
RATIONAL_B_SPLINE_CURVE((1.0000000000,1.0000000000))
REPRESENTATION_ITEM('')
);

#8502=EDGE_CURVE('',#569,#7024,#8497,.T.);
#8503=ORIENTED_EDGE('',*,*,#8502,.T.);
#8511=ORIENTED_EDGE('',*,*,#7025,.F.);
#8512=(
BOUNDED_CURVE()
B_SPLINE_CURVE(1,(#7017,#575),.UNSPECIFIED.,.F.,.F.)
B_SPLINE_CURVE_WITH_KNOTS((2,2),(0.000,1.000),.UNSPECIFIED.)
CURVE()
GEOMETRIC_REPRESENTATION_ITEM()
RATIONAL_B_SPLINE_CURVE((1.0000000000,1.0000000000))
REPRESENTATION_ITEM('')
);

#8515=EDGE_CURVE('',#7018,#577,#8512,.T.);
#8516=ORIENTED_EDGE('',*,*,#8515,.T.);
#8517=EDGE_LOOP('',(#8496,#8503,#8511,#8516));
#8518=FACE_OUTER_BOUND('',#8517,.T.);
#8519=ADVANCED_FACE('',(#8518),#8480,.T.);
#8520=COLOUR_RGB('',0.39,0.39,0.39);
#8521=FILL_AREA_STYLE_COLOUR('',#8520);
#8522=FILL_AREA_STYLE('',(#8521));
#8523=SURFACE_STYLE_FILL_AREA(#8522);
#8524=SURFACE_STYLE_TRANSPARENT(0.00);
#8525=SURFACE_STYLE_RENDERING_WITH_PROPERTIES(.NORMAL_SHADING.,#8520,(#8524));
#8526=SURFACE_SIDE_STYLE('',(#8523, #8525));
#8527=SURFACE_STYLE_USAGE(.BOTH.,#8526);
#8528=PRESENTATION_STYLE_ASSIGNMENT((#8527));
#8529=STYLED_ITEM('',(#8528),#8519);

#8531=CARTESIAN_POINT('',(-15.05979,-6.30000,-12.16065));
#8533=CARTESIAN_POINT('',(-16.05979,-6.30000,-12.16065));
#8530=(
BOUNDED_SURFACE()
B_SPLINE_SURFACE(2,1,((#8531,#7030),(#8533,#7029),(#8481,#7022)),.UNSPECIFIED.,.F.,.F.,.F.)
B_SPLINE_SURFACE_WITH_KNOTS((3,3),(2,2),(0.000,1.000),(0.000,1.000),.UNSPECIFIED.)
GEOMETRIC_REPRESENTATION_ITEM()
RATIONAL_B_SPLINE_SURFACE(((1.0000000000,1.0000000000),(0.7071067812,0.7071067812),(1.0000000000,1.0000000000)))
REPRESENTATION_ITEM('')
SURFACE()
);

#8546=ORIENTED_EDGE('',*,*,#570,.F.);
#8547=(
BOUNDED_CURVE()
B_SPLINE_CURVE(1,(#562,#7030),.UNSPECIFIED.,.F.,.F.)
B_SPLINE_CURVE_WITH_KNOTS((2,2),(0.000,1.000),.UNSPECIFIED.)
CURVE()
GEOMETRIC_REPRESENTATION_ITEM()
RATIONAL_B_SPLINE_CURVE((1.0000000000,1.0000000000))
REPRESENTATION_ITEM('')
);

#8552=EDGE_CURVE('',#563,#7032,#8547,.T.);
#8553=ORIENTED_EDGE('',*,*,#8552,.T.);
#8561=ORIENTED_EDGE('',*,*,#7033,.F.);
#8566=ORIENTED_EDGE('',*,*,#8502,.F.);
#8567=EDGE_LOOP('',(#8546,#8553,#8561,#8566));
#8568=FACE_OUTER_BOUND('',#8567,.T.);
#8569=ADVANCED_FACE('',(#8568),#8530,.T.);
#8570=COLOUR_RGB('',0.39,0.39,0.39);
#8571=FILL_AREA_STYLE_COLOUR('',#8570);
#8572=FILL_AREA_STYLE('',(#8571));
#8573=SURFACE_STYLE_FILL_AREA(#8572);
#8574=SURFACE_STYLE_TRANSPARENT(0.00);
#8575=SURFACE_STYLE_RENDERING_WITH_PROPERTIES(.NORMAL_SHADING.,#8570,(#8574));
#8576=SURFACE_SIDE_STYLE('',(#8573, #8575));
#8577=SURFACE_STYLE_USAGE(.BOTH.,#8576);
#8578=PRESENTATION_STYLE_ASSIGNMENT((#8577));
#8579=STYLED_ITEM('',(#8578),#8569);

#8581=CARTESIAN_POINT('',(-14.05979,-6.30000,-13.16065));
#8583=CARTESIAN_POINT('',(-14.05979,-6.30000,-12.16065));
#8580=(
BOUNDED_SURFACE()
B_SPLINE_SURFACE(2,1,((#8581,#7038),(#8583,#7037),(#8531,#7030)),.UNSPECIFIED.,.F.,.F.,.F.)
B_SPLINE_SURFACE_WITH_KNOTS((3,3),(2,2),(0.000,1.000),(0.000,1.000),.UNSPECIFIED.)
GEOMETRIC_REPRESENTATION_ITEM()
RATIONAL_B_SPLINE_SURFACE(((1.0000000000,1.0000000000),(0.7071067812,0.7071067812),(1.0000000000,1.0000000000)))
REPRESENTATION_ITEM('')
SURFACE()
);

#8596=ORIENTED_EDGE('',*,*,#592,.F.);
#8597=(
BOUNDED_CURVE()
B_SPLINE_CURVE(1,(#583,#7038),.UNSPECIFIED.,.F.,.F.)
B_SPLINE_CURVE_WITH_KNOTS((2,2),(0.000,1.000),.UNSPECIFIED.)
CURVE()
GEOMETRIC_REPRESENTATION_ITEM()
RATIONAL_B_SPLINE_CURVE((1.0000000000,1.0000000000))
REPRESENTATION_ITEM('')
);

#8602=EDGE_CURVE('',#585,#7040,#8597,.T.);
#8603=ORIENTED_EDGE('',*,*,#8602,.T.);
#8611=ORIENTED_EDGE('',*,*,#7041,.F.);
#8616=ORIENTED_EDGE('',*,*,#8552,.F.);
#8617=EDGE_LOOP('',(#8596,#8603,#8611,#8616));
#8618=FACE_OUTER_BOUND('',#8617,.T.);
#8619=ADVANCED_FACE('',(#8618),#8580,.T.);
#8620=COLOUR_RGB('',0.39,0.39,0.39);
#8621=FILL_AREA_STYLE_COLOUR('',#8620);
#8622=FILL_AREA_STYLE('',(#8621));
#8623=SURFACE_STYLE_FILL_AREA(#8622);
#8624=SURFACE_STYLE_TRANSPARENT(0.00);
#8625=SURFACE_STYLE_RENDERING_WITH_PROPERTIES(.NORMAL_SHADING.,#8620,(#8624));
#8626=SURFACE_SIDE_STYLE('',(#8623, #8625));
#8627=SURFACE_STYLE_USAGE(.BOTH.,#8626);
#8628=PRESENTATION_STYLE_ASSIGNMENT((#8627));
#8629=STYLED_ITEM('',(#8628),#8619);

#8633=CARTESIAN_POINT('',(-14.05979,-6.30000,-14.16065));
#8630=(
BOUNDED_SURFACE()
B_SPLINE_SURFACE(2,1,((#8485,#7017),(#8633,#7045),(#8581,#7038)),.UNSPECIFIED.,.F.,.F.,.F.)
B_SPLINE_SURFACE_WITH_KNOTS((3,3),(2,2),(0.000,1.000),(0.000,1.000),.UNSPECIFIED.)
GEOMETRIC_REPRESENTATION_ITEM()
RATIONAL_B_SPLINE_SURFACE(((1.0000000000,1.0000000000),(0.7071067812,0.7071067812),(1.0000000000,1.0000000000)))
REPRESENTATION_ITEM('')
SURFACE()
);

#8646=ORIENTED_EDGE('',*,*,#586,.F.);
#8653=ORIENTED_EDGE('',*,*,#8515,.F.);
#8661=ORIENTED_EDGE('',*,*,#7047,.F.);
#8666=ORIENTED_EDGE('',*,*,#8602,.F.);
#8667=EDGE_LOOP('',(#8646,#8653,#8661,#8666));
#8668=FACE_OUTER_BOUND('',#8667,.T.);
#8669=ADVANCED_FACE('',(#8668),#8630,.T.);
#8670=COLOUR_RGB('',0.39,0.39,0.39);
#8671=FILL_AREA_STYLE_COLOUR('',#8670);
#8672=FILL_AREA_STYLE('',(#8671));
#8673=SURFACE_STYLE_FILL_AREA(#8672);
#8674=SURFACE_STYLE_TRANSPARENT(0.00);
#8675=SURFACE_STYLE_RENDERING_WITH_PROPERTIES(.NORMAL_SHADING.,#8670,(#8674));
#8676=SURFACE_SIDE_STYLE('',(#8673, #8675));
#8677=SURFACE_STYLE_USAGE(.BOTH.,#8676);
#8678=PRESENTATION_STYLE_ASSIGNMENT((#8677));
#8679=STYLED_ITEM('',(#8678),#8669);

#8681=CARTESIAN_POINT('',(-12.14041,-6.30000,-16.60997));
#8683=CARTESIAN_POINT('',(-12.14041,-6.30000,-17.60997));
#8685=CARTESIAN_POINT('',(-11.14041,-6.30000,-17.60997));
#8680=(
BOUNDED_SURFACE()
B_SPLINE_SURFACE(2,1,((#8681,#7056),(#8683,#7055),(#8685,#7051)),.UNSPECIFIED.,.F.,.F.,.F.)
B_SPLINE_SURFACE_WITH_KNOTS((3,3),(2,2),(0.000,1.000),(0.000,1.000),.UNSPECIFIED.)
GEOMETRIC_REPRESENTATION_ITEM()
RATIONAL_B_SPLINE_SURFACE(((1.0000000000,1.0000000000),(0.7071067812,0.7071067812),(1.0000000000,1.0000000000)))
REPRESENTATION_ITEM('')
SURFACE()
);

#8696=ORIENTED_EDGE('',*,*,#612,.F.);
#8697=(
BOUNDED_CURVE()
B_SPLINE_CURVE(1,(#601,#7056),.UNSPECIFIED.,.F.,.F.)
B_SPLINE_CURVE_WITH_KNOTS((2,2),(0.000,1.000),.UNSPECIFIED.)
CURVE()
GEOMETRIC_REPRESENTATION_ITEM()
RATIONAL_B_SPLINE_CURVE((1.0000000000,1.0000000000))
REPRESENTATION_ITEM('')
);

#8702=EDGE_CURVE('',#603,#7058,#8697,.T.);
#8703=ORIENTED_EDGE('',*,*,#8702,.T.);
#8711=ORIENTED_EDGE('',*,*,#7059,.F.);
#8712=(
BOUNDED_CURVE()
B_SPLINE_CURVE(1,(#7051,#609),.UNSPECIFIED.,.F.,.F.)
B_SPLINE_CURVE_WITH_KNOTS((2,2),(0.000,1.000),.UNSPECIFIED.)
CURVE()
GEOMETRIC_REPRESENTATION_ITEM()
RATIONAL_B_SPLINE_CURVE((1.0000000000,1.0000000000))
REPRESENTATION_ITEM('')
);

#8715=EDGE_CURVE('',#7052,#611,#8712,.T.);
#8716=ORIENTED_EDGE('',*,*,#8715,.T.);
#8717=EDGE_LOOP('',(#8696,#8703,#8711,#8716));
#8718=FACE_OUTER_BOUND('',#8717,.T.);
#8719=ADVANCED_FACE('',(#8718),#8680,.T.);
#8720=COLOUR_RGB('',0.39,0.39,0.39);
#8721=FILL_AREA_STYLE_COLOUR('',#8720);
#8722=FILL_AREA_STYLE('',(#8721));
#8723=SURFACE_STYLE_FILL_AREA(#8722);
#8724=SURFACE_STYLE_TRANSPARENT(0.00);
#8725=SURFACE_STYLE_RENDERING_WITH_PROPERTIES(.NORMAL_SHADING.,#8720,(#8724));
#8726=SURFACE_SIDE_STYLE('',(#8723, #8725));
#8727=SURFACE_STYLE_USAGE(.BOTH.,#8726);
#8728=PRESENTATION_STYLE_ASSIGNMENT((#8727));
#8729=STYLED_ITEM('',(#8728),#8719);

#8731=CARTESIAN_POINT('',(-11.14041,-6.30000,-15.60997));
#8733=CARTESIAN_POINT('',(-12.14041,-6.30000,-15.60997));
#8730=(
BOUNDED_SURFACE()
B_SPLINE_SURFACE(2,1,((#8731,#7064),(#8733,#7063),(#8681,#7056)),.UNSPECIFIED.,.F.,.F.,.F.)
B_SPLINE_SURFACE_WITH_KNOTS((3,3),(2,2),(0.000,1.000),(0.000,1.000),.UNSPECIFIED.)
GEOMETRIC_REPRESENTATION_ITEM()
RATIONAL_B_SPLINE_SURFACE(((1.0000000000,1.0000000000),(0.7071067812,0.7071067812),(1.0000000000,1.0000000000)))
REPRESENTATION_ITEM('')
SURFACE()
);

#8746=ORIENTED_EDGE('',*,*,#604,.F.);
#8747=(
BOUNDED_CURVE()
B_SPLINE_CURVE(1,(#596,#7064),.UNSPECIFIED.,.F.,.F.)
B_SPLINE_CURVE_WITH_KNOTS((2,2),(0.000,1.000),.UNSPECIFIED.)
CURVE()
GEOMETRIC_REPRESENTATION_ITEM()
RATIONAL_B_SPLINE_CURVE((1.0000000000,1.0000000000))
REPRESENTATION_ITEM('')
);

#8752=EDGE_CURVE('',#597,#7066,#8747,.T.);
#8753=ORIENTED_EDGE('',*,*,#8752,.T.);
#8761=ORIENTED_EDGE('',*,*,#7067,.F.);
#8766=ORIENTED_EDGE('',*,*,#8702,.F.);
#8767=EDGE_LOOP('',(#8746,#8753,#8761,#8766));
#8768=FACE_OUTER_BOUND('',#8767,.T.);
#8769=ADVANCED_FACE('',(#8768),#8730,.T.);
#8770=COLOUR_RGB('',0.39,0.39,0.39);
#8771=FILL_AREA_STYLE_COLOUR('',#8770);
#8772=FILL_AREA_STYLE('',(#8771));
#8773=SURFACE_STYLE_FILL_AREA(#8772);
#8774=SURFACE_STYLE_TRANSPARENT(0.00);
#8775=SURFACE_STYLE_RENDERING_WITH_PROPERTIES(.NORMAL_SHADING.,#8770,(#8774));
#8776=SURFACE_SIDE_STYLE('',(#8773, #8775));
#8777=SURFACE_STYLE_USAGE(.BOTH.,#8776);
#8778=PRESENTATION_STYLE_ASSIGNMENT((#8777));
#8779=STYLED_ITEM('',(#8778),#8769);

#8781=CARTESIAN_POINT('',(-10.14041,-6.30000,-16.60997));
#8783=CARTESIAN_POINT('',(-10.14041,-6.30000,-15.60997));
#8780=(
BOUNDED_SURFACE()
B_SPLINE_SURFACE(2,1,((#8781,#7072),(#8783,#7071),(#8731,#7064)),.UNSPECIFIED.,.F.,.F.,.F.)
B_SPLINE_SURFACE_WITH_KNOTS((3,3),(2,2),(0.000,1.000),(0.000,1.000),.UNSPECIFIED.)
GEOMETRIC_REPRESENTATION_ITEM()
RATIONAL_B_SPLINE_SURFACE(((1.0000000000,1.0000000000),(0.7071067812,0.7071067812),(1.0000000000,1.0000000000)))
REPRESENTATION_ITEM('')
SURFACE()
);

#8796=ORIENTED_EDGE('',*,*,#626,.F.);
#8797=(
BOUNDED_CURVE()
B_SPLINE_CURVE(1,(#617,#7072),.UNSPECIFIED.,.F.,.F.)
B_SPLINE_CURVE_WITH_KNOTS((2,2),(0.000,1.000),.UNSPECIFIED.)
CURVE()
GEOMETRIC_REPRESENTATION_ITEM()
RATIONAL_B_SPLINE_CURVE((1.0000000000,1.0000000000))
REPRESENTATION_ITEM('')
);

#8802=EDGE_CURVE('',#619,#7074,#8797,.T.);
#8803=ORIENTED_EDGE('',*,*,#8802,.T.);
#8811=ORIENTED_EDGE('',*,*,#7075,.F.);
#8816=ORIENTED_EDGE('',*,*,#8752,.F.);
#8817=EDGE_LOOP('',(#8796,#8803,#8811,#8816));
#8818=FACE_OUTER_BOUND('',#8817,.T.);
#8819=ADVANCED_FACE('',(#8818),#8780,.T.);
#8820=COLOUR_RGB('',0.39,0.39,0.39);
#8821=FILL_AREA_STYLE_COLOUR('',#8820);
#8822=FILL_AREA_STYLE('',(#8821));
#8823=SURFACE_STYLE_FILL_AREA(#8822);
#8824=SURFACE_STYLE_TRANSPARENT(0.00);
#8825=SURFACE_STYLE_RENDERING_WITH_PROPERTIES(.NORMAL_SHADING.,#8820,(#8824));
#8826=SURFACE_SIDE_STYLE('',(#8823, #8825));
#8827=SURFACE_STYLE_USAGE(.BOTH.,#8826);
#8828=PRESENTATION_STYLE_ASSIGNMENT((#8827));
#8829=STYLED_ITEM('',(#8828),#8819);

#8833=CARTESIAN_POINT('',(-10.14041,-6.30000,-17.60997));
#8830=(
BOUNDED_SURFACE()
B_SPLINE_SURFACE(2,1,((#8685,#7051),(#8833,#7079),(#8781,#7072)),.UNSPECIFIED.,.F.,.F.,.F.)
B_SPLINE_SURFACE_WITH_KNOTS((3,3),(2,2),(0.000,1.000),(0.000,1.000),.UNSPECIFIED.)
GEOMETRIC_REPRESENTATION_ITEM()
RATIONAL_B_SPLINE_SURFACE(((1.0000000000,1.0000000000),(0.7071067812,0.7071067812),(1.0000000000,1.0000000000)))
REPRESENTATION_ITEM('')
SURFACE()
);

#8846=ORIENTED_EDGE('',*,*,#620,.F.);
#8853=ORIENTED_EDGE('',*,*,#8715,.F.);
#8861=ORIENTED_EDGE('',*,*,#7081,.F.);
#8866=ORIENTED_EDGE('',*,*,#8802,.F.);
#8867=EDGE_LOOP('',(#8846,#8853,#8861,#8866));
#8868=FACE_OUTER_BOUND('',#8867,.T.);
#8869=ADVANCED_FACE('',(#8868),#8830,.T.);
#8870=COLOUR_RGB('',0.39,0.39,0.39);
#8871=FILL_AREA_STYLE_COLOUR('',#8870);
#8872=FILL_AREA_STYLE('',(#8871));
#8873=SURFACE_STYLE_FILL_AREA(#8872);
#8874=SURFACE_STYLE_TRANSPARENT(0.00);
#8875=SURFACE_STYLE_RENDERING_WITH_PROPERTIES(.NORMAL_SHADING.,#8870,(#8874));
#8876=SURFACE_SIDE_STYLE('',(#8873, #8875));
#8877=SURFACE_STYLE_USAGE(.BOTH.,#8876);
#8878=PRESENTATION_STYLE_ASSIGNMENT((#8877));
#8879=STYLED_ITEM('',(#8878),#8869);

#8881=CARTESIAN_POINT('',(-7.46183,-6.30000,-18.92735));
#8883=CARTESIAN_POINT('',(-7.46183,-6.30000,-19.92735));
#8885=CARTESIAN_POINT('',(-6.46183,-6.30000,-19.92735));
#8880=(
BOUNDED_SURFACE()
B_SPLINE_SURFACE(2,1,((#8881,#7090),(#8883,#7089),(#8885,#7085)),.UNSPECIFIED.,.F.,.F.,.F.)
B_SPLINE_SURFACE_WITH_KNOTS((3,3),(2,2),(0.000,1.000),(0.000,1.000),.UNSPECIFIED.)
GEOMETRIC_REPRESENTATION_ITEM()
RATIONAL_B_SPLINE_SURFACE(((1.0000000000,1.0000000000),(0.7071067812,0.7071067812),(1.0000000000,1.0000000000)))
REPRESENTATION_ITEM('')
SURFACE()
);

#8896=ORIENTED_EDGE('',*,*,#646,.F.);
#8897=(
BOUNDED_CURVE()
B_SPLINE_CURVE(1,(#635,#7090),.UNSPECIFIED.,.F.,.F.)
B_SPLINE_CURVE_WITH_KNOTS((2,2),(0.000,1.000),.UNSPECIFIED.)
CURVE()
GEOMETRIC_REPRESENTATION_ITEM()
RATIONAL_B_SPLINE_CURVE((1.0000000000,1.0000000000))
REPRESENTATION_ITEM('')
);

#8902=EDGE_CURVE('',#637,#7092,#8897,.T.);
#8903=ORIENTED_EDGE('',*,*,#8902,.T.);
#8911=ORIENTED_EDGE('',*,*,#7093,.F.);
#8912=(
BOUNDED_CURVE()
B_SPLINE_CURVE(1,(#7085,#643),.UNSPECIFIED.,.F.,.F.)
B_SPLINE_CURVE_WITH_KNOTS((2,2),(0.000,1.000),.UNSPECIFIED.)
CURVE()
GEOMETRIC_REPRESENTATION_ITEM()
RATIONAL_B_SPLINE_CURVE((1.0000000000,1.0000000000))
REPRESENTATION_ITEM('')
);

#8915=EDGE_CURVE('',#7086,#645,#8912,.T.);
#8916=ORIENTED_EDGE('',*,*,#8915,.T.);
#8917=EDGE_LOOP('',(#8896,#8903,#8911,#8916));
#8918=FACE_OUTER_BOUND('',#8917,.T.);
#8919=ADVANCED_FACE('',(#8918),#8880,.T.);
#8920=COLOUR_RGB('',0.39,0.39,0.39);
#8921=FILL_AREA_STYLE_COLOUR('',#8920);
#8922=FILL_AREA_STYLE('',(#8921));
#8923=SURFACE_STYLE_FILL_AREA(#8922);
#8924=SURFACE_STYLE_TRANSPARENT(0.00);
#8925=SURFACE_STYLE_RENDERING_WITH_PROPERTIES(.NORMAL_SHADING.,#8920,(#8924));
#8926=SURFACE_SIDE_STYLE('',(#8923, #8925));
#8927=SURFACE_STYLE_USAGE(.BOTH.,#8926);
#8928=PRESENTATION_STYLE_ASSIGNMENT((#8927));
#8929=STYLED_ITEM('',(#8928),#8919);

#8931=CARTESIAN_POINT('',(-6.46183,-6.30000,-17.92735));
#8933=CARTESIAN_POINT('',(-7.46183,-6.30000,-17.92735));
#8930=(
BOUNDED_SURFACE()
B_SPLINE_SURFACE(2,1,((#8931,#7098),(#8933,#7097),(#8881,#7090)),.UNSPECIFIED.,.F.,.F.,.F.)
B_SPLINE_SURFACE_WITH_KNOTS((3,3),(2,2),(0.000,1.000),(0.000,1.000),.UNSPECIFIED.)
GEOMETRIC_REPRESENTATION_ITEM()
RATIONAL_B_SPLINE_SURFACE(((1.0000000000,1.0000000000),(0.7071067812,0.7071067812),(1.0000000000,1.0000000000)))
REPRESENTATION_ITEM('')
SURFACE()
);

#8946=ORIENTED_EDGE('',*,*,#638,.F.);
#8947=(
BOUNDED_CURVE()
B_SPLINE_CURVE(1,(#630,#7098),.UNSPECIFIED.,.F.,.F.)
B_SPLINE_CURVE_WITH_KNOTS((2,2),(0.000,1.000),.UNSPECIFIED.)
CURVE()
GEOMETRIC_REPRESENTATION_ITEM()
RATIONAL_B_SPLINE_CURVE((1.0000000000,1.0000000000))
REPRESENTATION_ITEM('')
);

#8952=EDGE_CURVE('',#631,#7100,#8947,.T.);
#8953=ORIENTED_EDGE('',*,*,#8952,.T.);
#8961=ORIENTED_EDGE('',*,*,#7101,.F.);
#8966=ORIENTED_EDGE('',*,*,#8902,.F.);
#8967=EDGE_LOOP('',(#8946,#8953,#8961,#8966));
#8968=FACE_OUTER_BOUND('',#8967,.T.);
#8969=ADVANCED_FACE('',(#8968),#8930,.T.);
#8970=COLOUR_RGB('',0.39,0.39,0.39);
#8971=FILL_AREA_STYLE_COLOUR('',#8970);
#8972=FILL_AREA_STYLE('',(#8971));
#8973=SURFACE_STYLE_FILL_AREA(#8972);
#8974=SURFACE_STYLE_TRANSPARENT(0.00);
#8975=SURFACE_STYLE_RENDERING_WITH_PROPERTIES(.NORMAL_SHADING.,#8970,(#8974));
#8976=SURFACE_SIDE_STYLE('',(#8973, #8975));
#8977=SURFACE_STYLE_USAGE(.BOTH.,#8976);
#8978=PRESENTATION_STYLE_ASSIGNMENT((#8977));
#8979=STYLED_ITEM('',(#8978),#8969);

#8981=CARTESIAN_POINT('',(-5.46183,-6.30000,-18.92735));
#8983=CARTESIAN_POINT('',(-5.46183,-6.30000,-17.92735));
#8980=(
BOUNDED_SURFACE()
B_SPLINE_SURFACE(2,1,((#8981,#7106),(#8983,#7105),(#8931,#7098)),.UNSPECIFIED.,.F.,.F.,.F.)
B_SPLINE_SURFACE_WITH_KNOTS((3,3),(2,2),(0.000,1.000),(0.000,1.000),.UNSPECIFIED.)
GEOMETRIC_REPRESENTATION_ITEM()
RATIONAL_B_SPLINE_SURFACE(((1.0000000000,1.0000000000),(0.7071067812,0.7071067812),(1.0000000000,1.0000000000)))
REPRESENTATION_ITEM('')
SURFACE()
);

#8996=ORIENTED_EDGE('',*,*,#660,.F.);
#8997=(
BOUNDED_CURVE()
B_SPLINE_CURVE(1,(#651,#7106),.UNSPECIFIED.,.F.,.F.)
B_SPLINE_CURVE_WITH_KNOTS((2,2),(0.000,1.000),.UNSPECIFIED.)
CURVE()
GEOMETRIC_REPRESENTATION_ITEM()
RATIONAL_B_SPLINE_CURVE((1.0000000000,1.0000000000))
REPRESENTATION_ITEM('')
);

#9002=EDGE_CURVE('',#653,#7108,#8997,.T.);
#9003=ORIENTED_EDGE('',*,*,#9002,.T.);
#9011=ORIENTED_EDGE('',*,*,#7109,.F.);
#9016=ORIENTED_EDGE('',*,*,#8952,.F.);
#9017=EDGE_LOOP('',(#8996,#9003,#9011,#9016));
#9018=FACE_OUTER_BOUND('',#9017,.T.);
#9019=ADVANCED_FACE('',(#9018),#8980,.T.);
#9020=COLOUR_RGB('',0.39,0.39,0.39);
#9021=FILL_AREA_STYLE_COLOUR('',#9020);
#9022=FILL_AREA_STYLE('',(#9021));
#9023=SURFACE_STYLE_FILL_AREA(#9022);
#9024=SURFACE_STYLE_TRANSPARENT(0.00);
#9025=SURFACE_STYLE_RENDERING_WITH_PROPERTIES(.NORMAL_SHADING.,#9020,(#9024));
#9026=SURFACE_SIDE_STYLE('',(#9023, #9025));
#9027=SURFACE_STYLE_USAGE(.BOTH.,#9026);
#9028=PRESENTATION_STYLE_ASSIGNMENT((#9027));
#9029=STYLED_ITEM('',(#9028),#9019);

#9033=CARTESIAN_POINT('',(-5.46183,-6.30000,-19.92735));
#9030=(
BOUNDED_SURFACE()
B_SPLINE_SURFACE(2,1,((#8885,#7085),(#9033,#7113),(#8981,#7106)),.UNSPECIFIED.,.F.,.F.,.F.)
B_SPLINE_SURFACE_WITH_KNOTS((3,3),(2,2),(0.000,1.000),(0.000,1.000),.UNSPECIFIED.)
GEOMETRIC_REPRESENTATION_ITEM()
RATIONAL_B_SPLINE_SURFACE(((1.0000000000,1.0000000000),(0.7071067812,0.7071067812),(1.0000000000,1.0000000000)))
REPRESENTATION_ITEM('')
SURFACE()
);

#9046=ORIENTED_EDGE('',*,*,#654,.F.);
#9053=ORIENTED_EDGE('',*,*,#8915,.F.);
#9061=ORIENTED_EDGE('',*,*,#7115,.F.);
#9066=ORIENTED_EDGE('',*,*,#9002,.F.);
#9067=EDGE_LOOP('',(#9046,#9053,#9061,#9066));
#9068=FACE_OUTER_BOUND('',#9067,.T.);
#9069=ADVANCED_FACE('',(#9068),#9030,.T.);
#9070=COLOUR_RGB('',0.39,0.39,0.39);
#9071=FILL_AREA_STYLE_COLOUR('',#9070);
#9072=FILL_AREA_STYLE('',(#9071));
#9073=SURFACE_STYLE_FILL_AREA(#9072);
#9074=SURFACE_STYLE_TRANSPARENT(0.00);
#9075=SURFACE_STYLE_RENDERING_WITH_PROPERTIES(.NORMAL_SHADING.,#9070,(#9074));
#9076=SURFACE_SIDE_STYLE('',(#9073, #9075));
#9077=SURFACE_STYLE_USAGE(.BOTH.,#9076);
#9078=PRESENTATION_STYLE_ASSIGNMENT((#9077));
#9079=STYLED_ITEM('',(#9078),#9069);

#9081=CARTESIAN_POINT('',(-2.34289,-6.30000,-19.95487));
#9083=CARTESIAN_POINT('',(-2.34289,-6.30000,-20.95487));
#9085=CARTESIAN_POINT('',(-1.34289,-6.30000,-20.95487));
#9080=(
BOUNDED_SURFACE()
B_SPLINE_SURFACE(2,1,((#9081,#7124),(#9083,#7123),(#9085,#7119)),.UNSPECIFIED.,.F.,.F.,.F.)
B_SPLINE_SURFACE_WITH_KNOTS((3,3),(2,2),(0.000,1.000),(0.000,1.000),.UNSPECIFIED.)
GEOMETRIC_REPRESENTATION_ITEM()
RATIONAL_B_SPLINE_SURFACE(((1.0000000000,1.0000000000),(0.7071067812,0.7071067812),(1.0000000000,1.0000000000)))
REPRESENTATION_ITEM('')
SURFACE()
);

#9096=ORIENTED_EDGE('',*,*,#680,.F.);
#9097=(
BOUNDED_CURVE()
B_SPLINE_CURVE(1,(#669,#7124),.UNSPECIFIED.,.F.,.F.)
B_SPLINE_CURVE_WITH_KNOTS((2,2),(0.000,1.000),.UNSPECIFIED.)
CURVE()
GEOMETRIC_REPRESENTATION_ITEM()
RATIONAL_B_SPLINE_CURVE((1.0000000000,1.0000000000))
REPRESENTATION_ITEM('')
);

#9102=EDGE_CURVE('',#671,#7126,#9097,.T.);
#9103=ORIENTED_EDGE('',*,*,#9102,.T.);
#9111=ORIENTED_EDGE('',*,*,#7127,.F.);
#9112=(
BOUNDED_CURVE()
B_SPLINE_CURVE(1,(#7119,#677),.UNSPECIFIED.,.F.,.F.)
B_SPLINE_CURVE_WITH_KNOTS((2,2),(0.000,1.000),.UNSPECIFIED.)
CURVE()
GEOMETRIC_REPRESENTATION_ITEM()
RATIONAL_B_SPLINE_CURVE((1.0000000000,1.0000000000))
REPRESENTATION_ITEM('')
);

#9115=EDGE_CURVE('',#7120,#679,#9112,.T.);
#9116=ORIENTED_EDGE('',*,*,#9115,.T.);
#9117=EDGE_LOOP('',(#9096,#9103,#9111,#9116));
#9118=FACE_OUTER_BOUND('',#9117,.T.);
#9119=ADVANCED_FACE('',(#9118),#9080,.T.);
#9120=COLOUR_RGB('',0.39,0.39,0.39);
#9121=FILL_AREA_STYLE_COLOUR('',#9120);
#9122=FILL_AREA_STYLE('',(#9121));
#9123=SURFACE_STYLE_FILL_AREA(#9122);
#9124=SURFACE_STYLE_TRANSPARENT(0.00);
#9125=SURFACE_STYLE_RENDERING_WITH_PROPERTIES(.NORMAL_SHADING.,#9120,(#9124));
#9126=SURFACE_SIDE_STYLE('',(#9123, #9125));
#9127=SURFACE_STYLE_USAGE(.BOTH.,#9126);
#9128=PRESENTATION_STYLE_ASSIGNMENT((#9127));
#9129=STYLED_ITEM('',(#9128),#9119);

#9131=CARTESIAN_POINT('',(-1.34289,-6.30000,-18.95487));
#9133=CARTESIAN_POINT('',(-2.34289,-6.30000,-18.95487));
#9130=(
BOUNDED_SURFACE()
B_SPLINE_SURFACE(2,1,((#9131,#7132),(#9133,#7131),(#9081,#7124)),.UNSPECIFIED.,.F.,.F.,.F.)
B_SPLINE_SURFACE_WITH_KNOTS((3,3),(2,2),(0.000,1.000),(0.000,1.000),.UNSPECIFIED.)
GEOMETRIC_REPRESENTATION_ITEM()
RATIONAL_B_SPLINE_SURFACE(((1.0000000000,1.0000000000),(0.7071067812,0.7071067812),(1.0000000000,1.0000000000)))
REPRESENTATION_ITEM('')
SURFACE()
);

#9146=ORIENTED_EDGE('',*,*,#672,.F.);
#9147=(
BOUNDED_CURVE()
B_SPLINE_CURVE(1,(#664,#7132),.UNSPECIFIED.,.F.,.F.)
B_SPLINE_CURVE_WITH_KNOTS((2,2),(0.000,1.000),.UNSPECIFIED.)
CURVE()
GEOMETRIC_REPRESENTATION_ITEM()
RATIONAL_B_SPLINE_CURVE((1.0000000000,1.0000000000))
REPRESENTATION_ITEM('')
);

#9152=EDGE_CURVE('',#665,#7134,#9147,.T.);
#9153=ORIENTED_EDGE('',*,*,#9152,.T.);
#9161=ORIENTED_EDGE('',*,*,#7135,.F.);
#9166=ORIENTED_EDGE('',*,*,#9102,.F.);
#9167=EDGE_LOOP('',(#9146,#9153,#9161,#9166));
#9168=FACE_OUTER_BOUND('',#9167,.T.);
#9169=ADVANCED_FACE('',(#9168),#9130,.T.);
#9170=COLOUR_RGB('',0.39,0.39,0.39);
#9171=FILL_AREA_STYLE_COLOUR('',#9170);
#9172=FILL_AREA_STYLE('',(#9171));
#9173=SURFACE_STYLE_FILL_AREA(#9172);
#9174=SURFACE_STYLE_TRANSPARENT(0.00);
#9175=SURFACE_STYLE_RENDERING_WITH_PROPERTIES(.NORMAL_SHADING.,#9170,(#9174));
#9176=SURFACE_SIDE_STYLE('',(#9173, #9175));
#9177=SURFACE_STYLE_USAGE(.BOTH.,#9176);
#9178=PRESENTATION_STYLE_ASSIGNMENT((#9177));
#9179=STYLED_ITEM('',(#9178),#9169);

#9181=CARTESIAN_POINT('',(-0.34289,-6.30000,-19.95487));
#9183=CARTESIAN_POINT('',(-0.34289,-6.30000,-18.95487));
#9180=(
BOUNDED_SURFACE()
B_SPLINE_SURFACE(2,1,((#9181,#7140),(#9183,#7139),(#9131,#7132)),.UNSPECIFIED.,.F.,.F.,.F.)
B_SPLINE_SURFACE_WITH_KNOTS((3,3),(2,2),(0.000,1.000),(0.000,1.000),.UNSPECIFIED.)
GEOMETRIC_REPRESENTATION_ITEM()
RATIONAL_B_SPLINE_SURFACE(((1.0000000000,1.0000000000),(0.7071067812,0.7071067812),(1.0000000000,1.0000000000)))
REPRESENTATION_ITEM('')
SURFACE()
);

#9196=ORIENTED_EDGE('',*,*,#694,.F.);
#9197=(
BOUNDED_CURVE()
B_SPLINE_CURVE(1,(#685,#7140),.UNSPECIFIED.,.F.,.F.)
B_SPLINE_CURVE_WITH_KNOTS((2,2),(0.000,1.000),.UNSPECIFIED.)
CURVE()
GEOMETRIC_REPRESENTATION_ITEM()
RATIONAL_B_SPLINE_CURVE((1.0000000000,1.0000000000))
REPRESENTATION_ITEM('')
);

#9202=EDGE_CURVE('',#687,#7142,#9197,.T.);
#9203=ORIENTED_EDGE('',*,*,#9202,.T.);
#9211=ORIENTED_EDGE('',*,*,#7143,.F.);
#9216=ORIENTED_EDGE('',*,*,#9152,.F.);
#9217=EDGE_LOOP('',(#9196,#9203,#9211,#9216));
#9218=FACE_OUTER_BOUND('',#9217,.T.);
#9219=ADVANCED_FACE('',(#9218),#9180,.T.);
#9220=COLOUR_RGB('',0.39,0.39,0.39);
#9221=FILL_AREA_STYLE_COLOUR('',#9220);
#9222=FILL_AREA_STYLE('',(#9221));
#9223=SURFACE_STYLE_FILL_AREA(#9222);
#9224=SURFACE_STYLE_TRANSPARENT(0.00);
#9225=SURFACE_STYLE_RENDERING_WITH_PROPERTIES(.NORMAL_SHADING.,#9220,(#9224));
#9226=SURFACE_SIDE_STYLE('',(#9223, #9225));
#9227=SURFACE_STYLE_USAGE(.BOTH.,#9226);
#9228=PRESENTATION_STYLE_ASSIGNMENT((#9227));
#9229=STYLED_ITEM('',(#9228),#9219);

#9233=CARTESIAN_POINT('',(-0.34289,-6.30000,-20.95487));
#9230=(
BOUNDED_SURFACE()
B_SPLINE_SURFACE(2,1,((#9085,#7119),(#9233,#7147),(#9181,#7140)),.UNSPECIFIED.,.F.,.F.,.F.)
B_SPLINE_SURFACE_WITH_KNOTS((3,3),(2,2),(0.000,1.000),(0.000,1.000),.UNSPECIFIED.)
GEOMETRIC_REPRESENTATION_ITEM()
RATIONAL_B_SPLINE_SURFACE(((1.0000000000,1.0000000000),(0.7071067812,0.7071067812),(1.0000000000,1.0000000000)))
REPRESENTATION_ITEM('')
SURFACE()
);

#9246=ORIENTED_EDGE('',*,*,#688,.F.);
#9253=ORIENTED_EDGE('',*,*,#9115,.F.);
#9261=ORIENTED_EDGE('',*,*,#7149,.F.);
#9266=ORIENTED_EDGE('',*,*,#9202,.F.);
#9267=EDGE_LOOP('',(#9246,#9253,#9261,#9266));
#9268=FACE_OUTER_BOUND('',#9267,.T.);
#9269=ADVANCED_FACE('',(#9268),#9230,.T.);
#9270=COLOUR_RGB('',0.39,0.39,0.39);
#9271=FILL_AREA_STYLE_COLOUR('',#9270);
#9272=FILL_AREA_STYLE('',(#9271));
#9273=SURFACE_STYLE_FILL_AREA(#9272);
#9274=SURFACE_STYLE_TRANSPARENT(0.00);
#9275=SURFACE_STYLE_RENDERING_WITH_PROPERTIES(.NORMAL_SHADING.,#9270,(#9274));
#9276=SURFACE_SIDE_STYLE('',(#9273, #9275));
#9277=SURFACE_STYLE_USAGE(.BOTH.,#9276);
#9278=PRESENTATION_STYLE_ASSIGNMENT((#9277));
#9279=STYLED_ITEM('',(#9278),#9269);

#9281=CARTESIAN_POINT('',(2.86756,-6.30000,-19.62249));
#9283=CARTESIAN_POINT('',(2.86756,-6.30000,-20.62249));
#9285=CARTESIAN_POINT('',(3.86756,-6.30000,-20.62249));
#9280=(
BOUNDED_SURFACE()
B_SPLINE_SURFACE(2,1,((#9281,#7158),(#9283,#7157),(#9285,#7153)),.UNSPECIFIED.,.F.,.F.,.F.)
B_SPLINE_SURFACE_WITH_KNOTS((3,3),(2,2),(0.000,1.000),(0.000,1.000),.UNSPECIFIED.)
GEOMETRIC_REPRESENTATION_ITEM()
RATIONAL_B_SPLINE_SURFACE(((1.0000000000,1.0000000000),(0.7071067812,0.7071067812),(1.0000000000,1.0000000000)))
REPRESENTATION_ITEM('')
SURFACE()
);

#9296=ORIENTED_EDGE('',*,*,#714,.F.);
#9297=(
BOUNDED_CURVE()
B_SPLINE_CURVE(1,(#703,#7158),.UNSPECIFIED.,.F.,.F.)
B_SPLINE_CURVE_WITH_KNOTS((2,2),(0.000,1.000),.UNSPECIFIED.)
CURVE()
GEOMETRIC_REPRESENTATION_ITEM()
RATIONAL_B_SPLINE_CURVE((1.0000000000,1.0000000000))
REPRESENTATION_ITEM('')
);

#9302=EDGE_CURVE('',#705,#7160,#9297,.T.);
#9303=ORIENTED_EDGE('',*,*,#9302,.T.);
#9311=ORIENTED_EDGE('',*,*,#7161,.F.);
#9312=(
BOUNDED_CURVE()
B_SPLINE_CURVE(1,(#7153,#711),.UNSPECIFIED.,.F.,.F.)
B_SPLINE_CURVE_WITH_KNOTS((2,2),(0.000,1.000),.UNSPECIFIED.)
CURVE()
GEOMETRIC_REPRESENTATION_ITEM()
RATIONAL_B_SPLINE_CURVE((1.0000000000,1.0000000000))
REPRESENTATION_ITEM('')
);

#9315=EDGE_CURVE('',#7154,#713,#9312,.T.);
#9316=ORIENTED_EDGE('',*,*,#9315,.T.);
#9317=EDGE_LOOP('',(#9296,#9303,#9311,#9316));
#9318=FACE_OUTER_BOUND('',#9317,.T.);
#9319=ADVANCED_FACE('',(#9318),#9280,.T.);
#9320=COLOUR_RGB('',0.39,0.39,0.39);
#9321=FILL_AREA_STYLE_COLOUR('',#9320);
#9322=FILL_AREA_STYLE('',(#9321));
#9323=SURFACE_STYLE_FILL_AREA(#9322);
#9324=SURFACE_STYLE_TRANSPARENT(0.00);
#9325=SURFACE_STYLE_RENDERING_WITH_PROPERTIES(.NORMAL_SHADING.,#9320,(#9324));
#9326=SURFACE_SIDE_STYLE('',(#9323, #9325));
#9327=SURFACE_STYLE_USAGE(.BOTH.,#9326);
#9328=PRESENTATION_STYLE_ASSIGNMENT((#9327));
#9329=STYLED_ITEM('',(#9328),#9319);

#9331=CARTESIAN_POINT('',(3.86756,-6.30000,-18.62249));
#9333=CARTESIAN_POINT('',(2.86756,-6.30000,-18.62249));
#9330=(
BOUNDED_SURFACE()
B_SPLINE_SURFACE(2,1,((#9331,#7166),(#9333,#7165),(#9281,#7158)),.UNSPECIFIED.,.F.,.F.,.F.)
B_SPLINE_SURFACE_WITH_KNOTS((3,3),(2,2),(0.000,1.000),(0.000,1.000),.UNSPECIFIED.)
GEOMETRIC_REPRESENTATION_ITEM()
RATIONAL_B_SPLINE_SURFACE(((1.0000000000,1.0000000000),(0.7071067812,0.7071067812),(1.0000000000,1.0000000000)))
REPRESENTATION_ITEM('')
SURFACE()
);

#9346=ORIENTED_EDGE('',*,*,#706,.F.);
#9347=(
BOUNDED_CURVE()
B_SPLINE_CURVE(1,(#698,#7166),.UNSPECIFIED.,.F.,.F.)
B_SPLINE_CURVE_WITH_KNOTS((2,2),(0.000,1.000),.UNSPECIFIED.)
CURVE()
GEOMETRIC_REPRESENTATION_ITEM()
RATIONAL_B_SPLINE_CURVE((1.0000000000,1.0000000000))
REPRESENTATION_ITEM('')
);

#9352=EDGE_CURVE('',#699,#7168,#9347,.T.);
#9353=ORIENTED_EDGE('',*,*,#9352,.T.);
#9361=ORIENTED_EDGE('',*,*,#7169,.F.);
#9366=ORIENTED_EDGE('',*,*,#9302,.F.);
#9367=EDGE_LOOP('',(#9346,#9353,#9361,#9366));
#9368=FACE_OUTER_BOUND('',#9367,.T.);
#9369=ADVANCED_FACE('',(#9368),#9330,.T.);
#9370=COLOUR_RGB('',0.39,0.39,0.39);
#9371=FILL_AREA_STYLE_COLOUR('',#9370);
#9372=FILL_AREA_STYLE('',(#9371));
#9373=SURFACE_STYLE_FILL_AREA(#9372);
#9374=SURFACE_STYLE_TRANSPARENT(0.00);
#9375=SURFACE_STYLE_RENDERING_WITH_PROPERTIES(.NORMAL_SHADING.,#9370,(#9374));
#9376=SURFACE_SIDE_STYLE('',(#9373, #9375));
#9377=SURFACE_STYLE_USAGE(.BOTH.,#9376);
#9378=PRESENTATION_STYLE_ASSIGNMENT((#9377));
#9379=STYLED_ITEM('',(#9378),#9369);

#9381=CARTESIAN_POINT('',(4.86756,-6.30000,-19.62249));
#9383=CARTESIAN_POINT('',(4.86756,-6.30000,-18.62249));
#9380=(
BOUNDED_SURFACE()
B_SPLINE_SURFACE(2,1,((#9381,#7174),(#9383,#7173),(#9331,#7166)),.UNSPECIFIED.,.F.,.F.,.F.)
B_SPLINE_SURFACE_WITH_KNOTS((3,3),(2,2),(0.000,1.000),(0.000,1.000),.UNSPECIFIED.)
GEOMETRIC_REPRESENTATION_ITEM()
RATIONAL_B_SPLINE_SURFACE(((1.0000000000,1.0000000000),(0.7071067812,0.7071067812),(1.0000000000,1.0000000000)))
REPRESENTATION_ITEM('')
SURFACE()
);

#9396=ORIENTED_EDGE('',*,*,#728,.F.);
#9397=(
BOUNDED_CURVE()
B_SPLINE_CURVE(1,(#719,#7174),.UNSPECIFIED.,.F.,.F.)
B_SPLINE_CURVE_WITH_KNOTS((2,2),(0.000,1.000),.UNSPECIFIED.)
CURVE()
GEOMETRIC_REPRESENTATION_ITEM()
RATIONAL_B_SPLINE_CURVE((1.0000000000,1.0000000000))
REPRESENTATION_ITEM('')
);

#9402=EDGE_CURVE('',#721,#7176,#9397,.T.);
#9403=ORIENTED_EDGE('',*,*,#9402,.T.);
#9411=ORIENTED_EDGE('',*,*,#7177,.F.);
#9416=ORIENTED_EDGE('',*,*,#9352,.F.);
#9417=EDGE_LOOP('',(#9396,#9403,#9411,#9416));
#9418=FACE_OUTER_BOUND('',#9417,.T.);
#9419=ADVANCED_FACE('',(#9418),#9380,.T.);
#9420=COLOUR_RGB('',0.39,0.39,0.39);
#9421=FILL_AREA_STYLE_COLOUR('',#9420);
#9422=FILL_AREA_STYLE('',(#9421));
#9423=SURFACE_STYLE_FILL_AREA(#9422);
#9424=SURFACE_STYLE_TRANSPARENT(0.00);
#9425=SURFACE_STYLE_RENDERING_WITH_PROPERTIES(.NORMAL_SHADING.,#9420,(#9424));
#9426=SURFACE_SIDE_STYLE('',(#9423, #9425));
#9427=SURFACE_STYLE_USAGE(.BOTH.,#9426);
#9428=PRESENTATION_STYLE_ASSIGNMENT((#9427));
#9429=STYLED_ITEM('',(#9428),#9419);

#9433=CARTESIAN_POINT('',(4.86756,-6.30000,-20.62249));
#9430=(
BOUNDED_SURFACE()
B_SPLINE_SURFACE(2,1,((#9285,#7153),(#9433,#7181),(#9381,#7174)),.UNSPECIFIED.,.F.,.F.,.F.)
B_SPLINE_SURFACE_WITH_KNOTS((3,3),(2,2),(0.000,1.000),(0.000,1.000),.UNSPECIFIED.)
GEOMETRIC_REPRESENTATION_ITEM()
RATIONAL_B_SPLINE_SURFACE(((1.0000000000,1.0000000000),(0.7071067812,0.7071067812),(1.0000000000,1.0000000000)))
REPRESENTATION_ITEM('')
SURFACE()
);

#9446=ORIENTED_EDGE('',*,*,#722,.F.);
#9453=ORIENTED_EDGE('',*,*,#9315,.F.);
#9461=ORIENTED_EDGE('',*,*,#7183,.F.);
#9466=ORIENTED_EDGE('',*,*,#9402,.F.);
#9467=EDGE_LOOP('',(#9446,#9453,#9461,#9466));
#9468=FACE_OUTER_BOUND('',#9467,.T.);
#9469=ADVANCED_FACE('',(#9468),#9430,.T.);
#9470=COLOUR_RGB('',0.39,0.39,0.39);
#9471=FILL_AREA_STYLE_COLOUR('',#9470);
#9472=FILL_AREA_STYLE('',(#9471));
#9473=SURFACE_STYLE_FILL_AREA(#9472);
#9474=SURFACE_STYLE_TRANSPARENT(0.00);
#9475=SURFACE_STYLE_RENDERING_WITH_PROPERTIES(.NORMAL_SHADING.,#9470,(#9474));
#9476=SURFACE_SIDE_STYLE('',(#9473, #9475));
#9477=SURFACE_STYLE_USAGE(.BOTH.,#9476);
#9478=PRESENTATION_STYLE_ASSIGNMENT((#9477));
#9479=STYLED_ITEM('',(#9478),#9469);

#9481=CARTESIAN_POINT('',(7.81445,-6.30000,-17.95287));
#9483=CARTESIAN_POINT('',(7.81445,-6.30000,-18.95287));
#9485=CARTESIAN_POINT('',(8.81445,-6.30000,-18.95287));
#9480=(
BOUNDED_SURFACE()
B_SPLINE_SURFACE(2,1,((#9481,#7192),(#9483,#7191),(#9485,#7187)),.UNSPECIFIED.,.F.,.F.,.F.)
B_SPLINE_SURFACE_WITH_KNOTS((3,3),(2,2),(0.000,1.000),(0.000,1.000),.UNSPECIFIED.)
GEOMETRIC_REPRESENTATION_ITEM()
RATIONAL_B_SPLINE_SURFACE(((1.0000000000,1.0000000000),(0.7071067812,0.7071067812),(1.0000000000,1.0000000000)))
REPRESENTATION_ITEM('')
SURFACE()
);

#9496=ORIENTED_EDGE('',*,*,#748,.F.);
#9497=(
BOUNDED_CURVE()
B_SPLINE_CURVE(1,(#737,#7192),.UNSPECIFIED.,.F.,.F.)
B_SPLINE_CURVE_WITH_KNOTS((2,2),(0.000,1.000),.UNSPECIFIED.)
CURVE()
GEOMETRIC_REPRESENTATION_ITEM()
RATIONAL_B_SPLINE_CURVE((1.0000000000,1.0000000000))
REPRESENTATION_ITEM('')
);

#9502=EDGE_CURVE('',#739,#7194,#9497,.T.);
#9503=ORIENTED_EDGE('',*,*,#9502,.T.);
#9511=ORIENTED_EDGE('',*,*,#7195,.F.);
#9512=(
BOUNDED_CURVE()
B_SPLINE_CURVE(1,(#7187,#745),.UNSPECIFIED.,.F.,.F.)
B_SPLINE_CURVE_WITH_KNOTS((2,2),(0.000,1.000),.UNSPECIFIED.)
CURVE()
GEOMETRIC_REPRESENTATION_ITEM()
RATIONAL_B_SPLINE_CURVE((1.0000000000,1.0000000000))
REPRESENTATION_ITEM('')
);

#9515=EDGE_CURVE('',#7188,#747,#9512,.T.);
#9516=ORIENTED_EDGE('',*,*,#9515,.T.);
#9517=EDGE_LOOP('',(#9496,#9503,#9511,#9516));
#9518=FACE_OUTER_BOUND('',#9517,.T.);
#9519=ADVANCED_FACE('',(#9518),#9480,.T.);
#9520=COLOUR_RGB('',0.39,0.39,0.39);
#9521=FILL_AREA_STYLE_COLOUR('',#9520);
#9522=FILL_AREA_STYLE('',(#9521));
#9523=SURFACE_STYLE_FILL_AREA(#9522);
#9524=SURFACE_STYLE_TRANSPARENT(0.00);
#9525=SURFACE_STYLE_RENDERING_WITH_PROPERTIES(.NORMAL_SHADING.,#9520,(#9524));
#9526=SURFACE_SIDE_STYLE('',(#9523, #9525));
#9527=SURFACE_STYLE_USAGE(.BOTH.,#9526);
#9528=PRESENTATION_STYLE_ASSIGNMENT((#9527));
#9529=STYLED_ITEM('',(#9528),#9519);

#9531=CARTESIAN_POINT('',(8.81445,-6.30000,-16.95287));
#9533=CARTESIAN_POINT('',(7.81445,-6.30000,-16.95287));
#9530=(
BOUNDED_SURFACE()
B_SPLINE_SURFACE(2,1,((#9531,#7200),(#9533,#7199),(#9481,#7192)),.UNSPECIFIED.,.F.,.F.,.F.)
B_SPLINE_SURFACE_WITH_KNOTS((3,3),(2,2),(0.000,1.000),(0.000,1.000),.UNSPECIFIED.)
GEOMETRIC_REPRESENTATION_ITEM()
RATIONAL_B_SPLINE_SURFACE(((1.0000000000,1.0000000000),(0.7071067812,0.7071067812),(1.0000000000,1.0000000000)))
REPRESENTATION_ITEM('')
SURFACE()
);

#9546=ORIENTED_EDGE('',*,*,#740,.F.);
#9547=(
BOUNDED_CURVE()
B_SPLINE_CURVE(1,(#732,#7200),.UNSPECIFIED.,.F.,.F.)
B_SPLINE_CURVE_WITH_KNOTS((2,2),(0.000,1.000),.UNSPECIFIED.)
CURVE()
GEOMETRIC_REPRESENTATION_ITEM()
RATIONAL_B_SPLINE_CURVE((1.0000000000,1.0000000000))
REPRESENTATION_ITEM('')
);

#9552=EDGE_CURVE('',#733,#7202,#9547,.T.);
#9553=ORIENTED_EDGE('',*,*,#9552,.T.);
#9561=ORIENTED_EDGE('',*,*,#7203,.F.);
#9566=ORIENTED_EDGE('',*,*,#9502,.F.);
#9567=EDGE_LOOP('',(#9546,#9553,#9561,#9566));
#9568=FACE_OUTER_BOUND('',#9567,.T.);
#9569=ADVANCED_FACE('',(#9568),#9530,.T.);
#9570=COLOUR_RGB('',0.39,0.39,0.39);
#9571=FILL_AREA_STYLE_COLOUR('',#9570);
#9572=FILL_AREA_STYLE('',(#9571));
#9573=SURFACE_STYLE_FILL_AREA(#9572);
#9574=SURFACE_STYLE_TRANSPARENT(0.00);
#9575=SURFACE_STYLE_RENDERING_WITH_PROPERTIES(.NORMAL_SHADING.,#9570,(#9574));
#9576=SURFACE_SIDE_STYLE('',(#9573, #9575));
#9577=SURFACE_STYLE_USAGE(.BOTH.,#9576);
#9578=PRESENTATION_STYLE_ASSIGNMENT((#9577));
#9579=STYLED_ITEM('',(#9578),#9569);

#9581=CARTESIAN_POINT('',(9.81445,-6.30000,-17.95287));
#9583=CARTESIAN_POINT('',(9.81445,-6.30000,-16.95287));
#9580=(
BOUNDED_SURFACE()
B_SPLINE_SURFACE(2,1,((#9581,#7208),(#9583,#7207),(#9531,#7200)),.UNSPECIFIED.,.F.,.F.,.F.)
B_SPLINE_SURFACE_WITH_KNOTS((3,3),(2,2),(0.000,1.000),(0.000,1.000),.UNSPECIFIED.)
GEOMETRIC_REPRESENTATION_ITEM()
RATIONAL_B_SPLINE_SURFACE(((1.0000000000,1.0000000000),(0.7071067812,0.7071067812),(1.0000000000,1.0000000000)))
REPRESENTATION_ITEM('')
SURFACE()
);

#9596=ORIENTED_EDGE('',*,*,#762,.F.);
#9597=(
BOUNDED_CURVE()
B_SPLINE_CURVE(1,(#753,#7208),.UNSPECIFIED.,.F.,.F.)
B_SPLINE_CURVE_WITH_KNOTS((2,2),(0.000,1.000),.UNSPECIFIED.)
CURVE()
GEOMETRIC_REPRESENTATION_ITEM()
RATIONAL_B_SPLINE_CURVE((1.0000000000,1.0000000000))
REPRESENTATION_ITEM('')
);

#9602=EDGE_CURVE('',#755,#7210,#9597,.T.);
#9603=ORIENTED_EDGE('',*,*,#9602,.T.);
#9611=ORIENTED_EDGE('',*,*,#7211,.F.);
#9616=ORIENTED_EDGE('',*,*,#9552,.F.);
#9617=EDGE_LOOP('',(#9596,#9603,#9611,#9616));
#9618=FACE_OUTER_BOUND('',#9617,.T.);
#9619=ADVANCED_FACE('',(#9618),#9580,.T.);
#9620=COLOUR_RGB('',0.39,0.39,0.39);
#9621=FILL_AREA_STYLE_COLOUR('',#9620);
#9622=FILL_AREA_STYLE('',(#9621));
#9623=SURFACE_STYLE_FILL_AREA(#9622);
#9624=SURFACE_STYLE_TRANSPARENT(0.00);
#9625=SURFACE_STYLE_RENDERING_WITH_PROPERTIES(.NORMAL_SHADING.,#9620,(#9624));
#9626=SURFACE_SIDE_STYLE('',(#9623, #9625));
#9627=SURFACE_STYLE_USAGE(.BOTH.,#9626);
#9628=PRESENTATION_STYLE_ASSIGNMENT((#9627));
#9629=STYLED_ITEM('',(#9628),#9619);

#9633=CARTESIAN_POINT('',(9.81445,-6.30000,-18.95287));
#9630=(
BOUNDED_SURFACE()
B_SPLINE_SURFACE(2,1,((#9485,#7187),(#9633,#7215),(#9581,#7208)),.UNSPECIFIED.,.F.,.F.,.F.)
B_SPLINE_SURFACE_WITH_KNOTS((3,3),(2,2),(0.000,1.000),(0.000,1.000),.UNSPECIFIED.)
GEOMETRIC_REPRESENTATION_ITEM()
RATIONAL_B_SPLINE_SURFACE(((1.0000000000,1.0000000000),(0.7071067812,0.7071067812),(1.0000000000,1.0000000000)))
REPRESENTATION_ITEM('')
SURFACE()
);

#9646=ORIENTED_EDGE('',*,*,#756,.F.);
#9653=ORIENTED_EDGE('',*,*,#9515,.F.);
#9661=ORIENTED_EDGE('',*,*,#7217,.F.);
#9666=ORIENTED_EDGE('',*,*,#9602,.F.);
#9667=EDGE_LOOP('',(#9646,#9653,#9661,#9666));
#9668=FACE_OUTER_BOUND('',#9667,.T.);
#9669=ADVANCED_FACE('',(#9668),#9630,.T.);
#9670=COLOUR_RGB('',0.39,0.39,0.39);
#9671=FILL_AREA_STYLE_COLOUR('',#9670);
#9672=FILL_AREA_STYLE('',(#9671));
#9673=SURFACE_STYLE_FILL_AREA(#9672);
#9674=SURFACE_STYLE_TRANSPARENT(0.00);
#9675=SURFACE_STYLE_RENDERING_WITH_PROPERTIES(.NORMAL_SHADING.,#9670,(#9674));
#9676=SURFACE_SIDE_STYLE('',(#9673, #9675));
#9677=SURFACE_STYLE_USAGE(.BOTH.,#9676);
#9678=PRESENTATION_STYLE_ASSIGNMENT((#9677));
#9679=STYLED_ITEM('',(#9678),#9669);

#9681=CARTESIAN_POINT('',(14.05979,-6.30000,-13.16065));
#9683=CARTESIAN_POINT('',(14.05979,-6.30000,-14.16065));
#9685=CARTESIAN_POINT('',(15.05979,-6.30000,-14.16065));
#9680=(
BOUNDED_SURFACE()
B_SPLINE_SURFACE(2,1,((#9681,#7226),(#9683,#7225),(#9685,#7221)),.UNSPECIFIED.,.F.,.F.,.F.)
B_SPLINE_SURFACE_WITH_KNOTS((3,3),(2,2),(0.000,1.000),(0.000,1.000),.UNSPECIFIED.)
GEOMETRIC_REPRESENTATION_ITEM()
RATIONAL_B_SPLINE_SURFACE(((1.0000000000,1.0000000000),(0.7071067812,0.7071067812),(1.0000000000,1.0000000000)))
REPRESENTATION_ITEM('')
SURFACE()
);

#9696=ORIENTED_EDGE('',*,*,#782,.F.);
#9697=(
BOUNDED_CURVE()
B_SPLINE_CURVE(1,(#771,#7226),.UNSPECIFIED.,.F.,.F.)
B_SPLINE_CURVE_WITH_KNOTS((2,2),(0.000,1.000),.UNSPECIFIED.)
CURVE()
GEOMETRIC_REPRESENTATION_ITEM()
RATIONAL_B_SPLINE_CURVE((1.0000000000,1.0000000000))
REPRESENTATION_ITEM('')
);

#9702=EDGE_CURVE('',#773,#7228,#9697,.T.);
#9703=ORIENTED_EDGE('',*,*,#9702,.T.);
#9711=ORIENTED_EDGE('',*,*,#7229,.F.);
#9712=(
BOUNDED_CURVE()
B_SPLINE_CURVE(1,(#7221,#779),.UNSPECIFIED.,.F.,.F.)
B_SPLINE_CURVE_WITH_KNOTS((2,2),(0.000,1.000),.UNSPECIFIED.)
CURVE()
GEOMETRIC_REPRESENTATION_ITEM()
RATIONAL_B_SPLINE_CURVE((1.0000000000,1.0000000000))
REPRESENTATION_ITEM('')
);

#9715=EDGE_CURVE('',#7222,#781,#9712,.T.);
#9716=ORIENTED_EDGE('',*,*,#9715,.T.);
#9717=EDGE_LOOP('',(#9696,#9703,#9711,#9716));
#9718=FACE_OUTER_BOUND('',#9717,.T.);
#9719=ADVANCED_FACE('',(#9718),#9680,.T.);
#9720=COLOUR_RGB('',0.39,0.39,0.39);
#9721=FILL_AREA_STYLE_COLOUR('',#9720);
#9722=FILL_AREA_STYLE('',(#9721));
#9723=SURFACE_STYLE_FILL_AREA(#9722);
#9724=SURFACE_STYLE_TRANSPARENT(0.00);
#9725=SURFACE_STYLE_RENDERING_WITH_PROPERTIES(.NORMAL_SHADING.,#9720,(#9724));
#9726=SURFACE_SIDE_STYLE('',(#9723, #9725));
#9727=SURFACE_STYLE_USAGE(.BOTH.,#9726);
#9728=PRESENTATION_STYLE_ASSIGNMENT((#9727));
#9729=STYLED_ITEM('',(#9728),#9719);

#9731=CARTESIAN_POINT('',(15.05979,-6.30000,-12.16065));
#9733=CARTESIAN_POINT('',(14.05979,-6.30000,-12.16065));
#9730=(
BOUNDED_SURFACE()
B_SPLINE_SURFACE(2,1,((#9731,#7234),(#9733,#7233),(#9681,#7226)),.UNSPECIFIED.,.F.,.F.,.F.)
B_SPLINE_SURFACE_WITH_KNOTS((3,3),(2,2),(0.000,1.000),(0.000,1.000),.UNSPECIFIED.)
GEOMETRIC_REPRESENTATION_ITEM()
RATIONAL_B_SPLINE_SURFACE(((1.0000000000,1.0000000000),(0.7071067812,0.7071067812),(1.0000000000,1.0000000000)))
REPRESENTATION_ITEM('')
SURFACE()
);

#9746=ORIENTED_EDGE('',*,*,#774,.F.);
#9747=(
BOUNDED_CURVE()
B_SPLINE_CURVE(1,(#766,#7234),.UNSPECIFIED.,.F.,.F.)
B_SPLINE_CURVE_WITH_KNOTS((2,2),(0.000,1.000),.UNSPECIFIED.)
CURVE()
GEOMETRIC_REPRESENTATION_ITEM()
RATIONAL_B_SPLINE_CURVE((1.0000000000,1.0000000000))
REPRESENTATION_ITEM('')
);

#9752=EDGE_CURVE('',#767,#7236,#9747,.T.);
#9753=ORIENTED_EDGE('',*,*,#9752,.T.);
#9761=ORIENTED_EDGE('',*,*,#7237,.F.);
#9766=ORIENTED_EDGE('',*,*,#9702,.F.);
#9767=EDGE_LOOP('',(#9746,#9753,#9761,#9766));
#9768=FACE_OUTER_BOUND('',#9767,.T.);
#9769=ADVANCED_FACE('',(#9768),#9730,.T.);
#9770=COLOUR_RGB('',0.39,0.39,0.39);
#9771=FILL_AREA_STYLE_COLOUR('',#9770);
#9772=FILL_AREA_STYLE('',(#9771));
#9773=SURFACE_STYLE_FILL_AREA(#9772);
#9774=SURFACE_STYLE_TRANSPARENT(0.00);
#9775=SURFACE_STYLE_RENDERING_WITH_PROPERTIES(.NORMAL_SHADING.,#9770,(#9774));
#9776=SURFACE_SIDE_STYLE('',(#9773, #9775));
#9777=SURFACE_STYLE_USAGE(.BOTH.,#9776);
#9778=PRESENTATION_STYLE_ASSIGNMENT((#9777));
#9779=STYLED_ITEM('',(#9778),#9769);

#9781=CARTESIAN_POINT('',(16.05979,-6.30000,-13.16065));
#9783=CARTESIAN_POINT('',(16.05979,-6.30000,-12.16065));
#9780=(
BOUNDED_SURFACE()
B_SPLINE_SURFACE(2,1,((#9781,#7242),(#9783,#7241),(#9731,#7234)),.UNSPECIFIED.,.F.,.F.,.F.)
B_SPLINE_SURFACE_WITH_KNOTS((3,3),(2,2),(0.000,1.000),(0.000,1.000),.UNSPECIFIED.)
GEOMETRIC_REPRESENTATION_ITEM()
RATIONAL_B_SPLINE_SURFACE(((1.0000000000,1.0000000000),(0.7071067812,0.7071067812),(1.0000000000,1.0000000000)))
REPRESENTATION_ITEM('')
SURFACE()
);

#9796=ORIENTED_EDGE('',*,*,#796,.F.);
#9797=(
BOUNDED_CURVE()
B_SPLINE_CURVE(1,(#787,#7242),.UNSPECIFIED.,.F.,.F.)
B_SPLINE_CURVE_WITH_KNOTS((2,2),(0.000,1.000),.UNSPECIFIED.)
CURVE()
GEOMETRIC_REPRESENTATION_ITEM()
RATIONAL_B_SPLINE_CURVE((1.0000000000,1.0000000000))
REPRESENTATION_ITEM('')
);

#9802=EDGE_CURVE('',#789,#7244,#9797,.T.);
#9803=ORIENTED_EDGE('',*,*,#9802,.T.);
#9811=ORIENTED_EDGE('',*,*,#7245,.F.);
#9816=ORIENTED_EDGE('',*,*,#9752,.F.);
#9817=EDGE_LOOP('',(#9796,#9803,#9811,#9816));
#9818=FACE_OUTER_BOUND('',#9817,.T.);
#9819=ADVANCED_FACE('',(#9818),#9780,.T.);
#9820=COLOUR_RGB('',0.39,0.39,0.39);
#9821=FILL_AREA_STYLE_COLOUR('',#9820);
#9822=FILL_AREA_STYLE('',(#9821));
#9823=SURFACE_STYLE_FILL_AREA(#9822);
#9824=SURFACE_STYLE_TRANSPARENT(0.00);
#9825=SURFACE_STYLE_RENDERING_WITH_PROPERTIES(.NORMAL_SHADING.,#9820,(#9824));
#9826=SURFACE_SIDE_STYLE('',(#9823, #9825));
#9827=SURFACE_STYLE_USAGE(.BOTH.,#9826);
#9828=PRESENTATION_STYLE_ASSIGNMENT((#9827));
#9829=STYLED_ITEM('',(#9828),#9819);

#9833=CARTESIAN_POINT('',(16.05979,-6.30000,-14.16065));
#9830=(
BOUNDED_SURFACE()
B_SPLINE_SURFACE(2,1,((#9685,#7221),(#9833,#7249),(#9781,#7242)),.UNSPECIFIED.,.F.,.F.,.F.)
B_SPLINE_SURFACE_WITH_KNOTS((3,3),(2,2),(0.000,1.000),(0.000,1.000),.UNSPECIFIED.)
GEOMETRIC_REPRESENTATION_ITEM()
RATIONAL_B_SPLINE_SURFACE(((1.0000000000,1.0000000000),(0.7071067812,0.7071067812),(1.0000000000,1.0000000000)))
REPRESENTATION_ITEM('')
SURFACE()
);

#9846=ORIENTED_EDGE('',*,*,#790,.F.);
#9853=ORIENTED_EDGE('',*,*,#9715,.F.);
#9861=ORIENTED_EDGE('',*,*,#7251,.F.);
#9866=ORIENTED_EDGE('',*,*,#9802,.F.);
#9867=EDGE_LOOP('',(#9846,#9853,#9861,#9866));
#9868=FACE_OUTER_BOUND('',#9867,.T.);
#9869=ADVANCED_FACE('',(#9868),#9830,.T.);
#9870=COLOUR_RGB('',0.39,0.39,0.39);
#9871=FILL_AREA_STYLE_COLOUR('',#9870);
#9872=FILL_AREA_STYLE('',(#9871));
#9873=SURFACE_STYLE_FILL_AREA(#9872);
#9874=SURFACE_STYLE_TRANSPARENT(0.00);
#9875=SURFACE_STYLE_RENDERING_WITH_PROPERTIES(.NORMAL_SHADING.,#9870,(#9874));
#9876=SURFACE_SIDE_STYLE('',(#9873, #9875));
#9877=SURFACE_STYLE_USAGE(.BOTH.,#9876);
#9878=PRESENTATION_STYLE_ASSIGNMENT((#9877));
#9879=STYLED_ITEM('',(#9878),#9869);

#9881=CARTESIAN_POINT('',(16.95287,-6.30000,-8.81445));
#9883=CARTESIAN_POINT('',(16.95287,-6.30000,-9.81445));
#9885=CARTESIAN_POINT('',(17.95287,-6.30000,-9.81445));
#9880=(
BOUNDED_SURFACE()
B_SPLINE_SURFACE(2,1,((#9881,#7260),(#9883,#7259),(#9885,#7255)),.UNSPECIFIED.,.F.,.F.,.F.)
B_SPLINE_SURFACE_WITH_KNOTS((3,3),(2,2),(0.000,1.000),(0.000,1.000),.UNSPECIFIED.)
GEOMETRIC_REPRESENTATION_ITEM()
RATIONAL_B_SPLINE_SURFACE(((1.0000000000,1.0000000000),(0.7071067812,0.7071067812),(1.0000000000,1.0000000000)))
REPRESENTATION_ITEM('')
SURFACE()
);

#9896=ORIENTED_EDGE('',*,*,#816,.F.);
#9897=(
BOUNDED_CURVE()
B_SPLINE_CURVE(1,(#805,#7260),.UNSPECIFIED.,.F.,.F.)
B_SPLINE_CURVE_WITH_KNOTS((2,2),(0.000,1.000),.UNSPECIFIED.)
CURVE()
GEOMETRIC_REPRESENTATION_ITEM()
RATIONAL_B_SPLINE_CURVE((1.0000000000,1.0000000000))
REPRESENTATION_ITEM('')
);

#9902=EDGE_CURVE('',#807,#7262,#9897,.T.);
#9903=ORIENTED_EDGE('',*,*,#9902,.T.);
#9911=ORIENTED_EDGE('',*,*,#7263,.F.);
#9912=(
BOUNDED_CURVE()
B_SPLINE_CURVE(1,(#7255,#813),.UNSPECIFIED.,.F.,.F.)
B_SPLINE_CURVE_WITH_KNOTS((2,2),(0.000,1.000),.UNSPECIFIED.)
CURVE()
GEOMETRIC_REPRESENTATION_ITEM()
RATIONAL_B_SPLINE_CURVE((1.0000000000,1.0000000000))
REPRESENTATION_ITEM('')
);

#9915=EDGE_CURVE('',#7256,#815,#9912,.T.);
#9916=ORIENTED_EDGE('',*,*,#9915,.T.);
#9917=EDGE_LOOP('',(#9896,#9903,#9911,#9916));
#9918=FACE_OUTER_BOUND('',#9917,.T.);
#9919=ADVANCED_FACE('',(#9918),#9880,.T.);
#9920=COLOUR_RGB('',0.39,0.39,0.39);
#9921=FILL_AREA_STYLE_COLOUR('',#9920);
#9922=FILL_AREA_STYLE('',(#9921));
#9923=SURFACE_STYLE_FILL_AREA(#9922);
#9924=SURFACE_STYLE_TRANSPARENT(0.00);
#9925=SURFACE_STYLE_RENDERING_WITH_PROPERTIES(.NORMAL_SHADING.,#9920,(#9924));
#9926=SURFACE_SIDE_STYLE('',(#9923, #9925));
#9927=SURFACE_STYLE_USAGE(.BOTH.,#9926);
#9928=PRESENTATION_STYLE_ASSIGNMENT((#9927));
#9929=STYLED_ITEM('',(#9928),#9919);

#9931=CARTESIAN_POINT('',(17.95287,-6.30000,-7.81445));
#9933=CARTESIAN_POINT('',(16.95287,-6.30000,-7.81445));
#9930=(
BOUNDED_SURFACE()
B_SPLINE_SURFACE(2,1,((#9931,#7268),(#9933,#7267),(#9881,#7260)),.UNSPECIFIED.,.F.,.F.,.F.)
B_SPLINE_SURFACE_WITH_KNOTS((3,3),(2,2),(0.000,1.000),(0.000,1.000),.UNSPECIFIED.)
GEOMETRIC_REPRESENTATION_ITEM()
RATIONAL_B_SPLINE_SURFACE(((1.0000000000,1.0000000000),(0.7071067812,0.7071067812),(1.0000000000,1.0000000000)))
REPRESENTATION_ITEM('')
SURFACE()
);

#9946=ORIENTED_EDGE('',*,*,#808,.F.);
#9947=(
BOUNDED_CURVE()
B_SPLINE_CURVE(1,(#800,#7268),.UNSPECIFIED.,.F.,.F.)
B_SPLINE_CURVE_WITH_KNOTS((2,2),(0.000,1.000),.UNSPECIFIED.)
CURVE()
GEOMETRIC_REPRESENTATION_ITEM()
RATIONAL_B_SPLINE_CURVE((1.0000000000,1.0000000000))
REPRESENTATION_ITEM('')
);

#9952=EDGE_CURVE('',#801,#7270,#9947,.T.);
#9953=ORIENTED_EDGE('',*,*,#9952,.T.);
#9961=ORIENTED_EDGE('',*,*,#7271,.F.);
#9966=ORIENTED_EDGE('',*,*,#9902,.F.);
#9967=EDGE_LOOP('',(#9946,#9953,#9961,#9966));
#9968=FACE_OUTER_BOUND('',#9967,.T.);
#9969=ADVANCED_FACE('',(#9968),#9930,.T.);
#9970=COLOUR_RGB('',0.39,0.39,0.39);
#9971=FILL_AREA_STYLE_COLOUR('',#9970);
#9972=FILL_AREA_STYLE('',(#9971));
#9973=SURFACE_STYLE_FILL_AREA(#9972);
#9974=SURFACE_STYLE_TRANSPARENT(0.00);
#9975=SURFACE_STYLE_RENDERING_WITH_PROPERTIES(.NORMAL_SHADING.,#9970,(#9974));
#9976=SURFACE_SIDE_STYLE('',(#9973, #9975));
#9977=SURFACE_STYLE_USAGE(.BOTH.,#9976);
#9978=PRESENTATION_STYLE_ASSIGNMENT((#9977));
#9979=STYLED_ITEM('',(#9978),#9969);

#9981=CARTESIAN_POINT('',(18.95287,-6.30000,-8.81445));
#9983=CARTESIAN_POINT('',(18.95287,-6.30000,-7.81445));
#9980=(
BOUNDED_SURFACE()
B_SPLINE_SURFACE(2,1,((#9981,#7276),(#9983,#7275),(#9931,#7268)),.UNSPECIFIED.,.F.,.F.,.F.)
B_SPLINE_SURFACE_WITH_KNOTS((3,3),(2,2),(0.000,1.000),(0.000,1.000),.UNSPECIFIED.)
GEOMETRIC_REPRESENTATION_ITEM()
RATIONAL_B_SPLINE_SURFACE(((1.0000000000,1.0000000000),(0.7071067812,0.7071067812),(1.0000000000,1.0000000000)))
REPRESENTATION_ITEM('')
SURFACE()
);

#9996=ORIENTED_EDGE('',*,*,#830,.F.);
#9997=(
BOUNDED_CURVE()
B_SPLINE_CURVE(1,(#821,#7276),.UNSPECIFIED.,.F.,.F.)
B_SPLINE_CURVE_WITH_KNOTS((2,2),(0.000,1.000),.UNSPECIFIED.)
CURVE()
GEOMETRIC_REPRESENTATION_ITEM()
RATIONAL_B_SPLINE_CURVE((1.0000000000,1.0000000000))
REPRESENTATION_ITEM('')
);

#10002=EDGE_CURVE('',#823,#7278,#9997,.T.);
#10003=ORIENTED_EDGE('',*,*,#10002,.T.);
#10011=ORIENTED_EDGE('',*,*,#7279,.F.);
#10016=ORIENTED_EDGE('',*,*,#9952,.F.);
#10017=EDGE_LOOP('',(#9996,#10003,#10011,#10016));
#10018=FACE_OUTER_BOUND('',#10017,.T.);
#10019=ADVANCED_FACE('',(#10018),#9980,.T.);
#10020=COLOUR_RGB('',0.39,0.39,0.39);
#10021=FILL_AREA_STYLE_COLOUR('',#10020);
#10022=FILL_AREA_STYLE('',(#10021));
#10023=SURFACE_STYLE_FILL_AREA(#10022);
#10024=SURFACE_STYLE_TRANSPARENT(0.00);
#10025=SURFACE_STYLE_RENDERING_WITH_PROPERTIES(.NORMAL_SHADING.,#10020,(#10024));
#10026=SURFACE_SIDE_STYLE('',(#10023, #10025));
#10027=SURFACE_STYLE_USAGE(.BOTH.,#10026);
#10028=PRESENTATION_STYLE_ASSIGNMENT((#10027));
#10029=STYLED_ITEM('',(#10028),#10019);

#10033=CARTESIAN_POINT('',(18.95287,-6.30000,-9.81445));
#10030=(
BOUNDED_SURFACE()
B_SPLINE_SURFACE(2,1,((#9885,#7255),(#10033,#7283),(#9981,#7276)),.UNSPECIFIED.,.F.,.F.,.F.)
B_SPLINE_SURFACE_WITH_KNOTS((3,3),(2,2),(0.000,1.000),(0.000,1.000),.UNSPECIFIED.)
GEOMETRIC_REPRESENTATION_ITEM()
RATIONAL_B_SPLINE_SURFACE(((1.0000000000,1.0000000000),(0.7071067812,0.7071067812),(1.0000000000,1.0000000000)))
REPRESENTATION_ITEM('')
SURFACE()
);

#10046=ORIENTED_EDGE('',*,*,#824,.F.);
#10053=ORIENTED_EDGE('',*,*,#9915,.F.);
#10061=ORIENTED_EDGE('',*,*,#7285,.F.);
#10066=ORIENTED_EDGE('',*,*,#10002,.F.);
#10067=EDGE_LOOP('',(#10046,#10053,#10061,#10066));
#10068=FACE_OUTER_BOUND('',#10067,.T.);
#10069=ADVANCED_FACE('',(#10068),#10030,.T.);
#10070=COLOUR_RGB('',0.39,0.39,0.39);
#10071=FILL_AREA_STYLE_COLOUR('',#10070);
#10072=FILL_AREA_STYLE('',(#10071));
#10073=SURFACE_STYLE_FILL_AREA(#10072);
#10074=SURFACE_STYLE_TRANSPARENT(0.00);
#10075=SURFACE_STYLE_RENDERING_WITH_PROPERTIES(.NORMAL_SHADING.,#10070,(#10074));
#10076=SURFACE_SIDE_STYLE('',(#10073, #10075));
#10077=SURFACE_STYLE_USAGE(.BOTH.,#10076);
#10078=PRESENTATION_STYLE_ASSIGNMENT((#10077));
#10079=STYLED_ITEM('',(#10078),#10069);

#10081=CARTESIAN_POINT('',(18.62249,-6.30000,-3.86756));
#10083=CARTESIAN_POINT('',(18.62249,-6.30000,-4.86756));
#10085=CARTESIAN_POINT('',(19.62249,-6.30000,-4.86756));
#10080=(
BOUNDED_SURFACE()
B_SPLINE_SURFACE(2,1,((#10081,#7294),(#10083,#7293),(#10085,#7289)),.UNSPECIFIED.,.F.,.F.,.F.)
B_SPLINE_SURFACE_WITH_KNOTS((3,3),(2,2),(0.000,1.000),(0.000,1.000),.UNSPECIFIED.)
GEOMETRIC_REPRESENTATION_ITEM()
RATIONAL_B_SPLINE_SURFACE(((1.0000000000,1.0000000000),(0.7071067812,0.7071067812),(1.0000000000,1.0000000000)))
REPRESENTATION_ITEM('')
SURFACE()
);

#10096=ORIENTED_EDGE('',*,*,#850,.F.);
#10097=(
BOUNDED_CURVE()
B_SPLINE_CURVE(1,(#839,#7294),.UNSPECIFIED.,.F.,.F.)
B_SPLINE_CURVE_WITH_KNOTS((2,2),(0.000,1.000),.UNSPECIFIED.)
CURVE()
GEOMETRIC_REPRESENTATION_ITEM()
RATIONAL_B_SPLINE_CURVE((1.0000000000,1.0000000000))
REPRESENTATION_ITEM('')
);

#10102=EDGE_CURVE('',#841,#7296,#10097,.T.);
#10103=ORIENTED_EDGE('',*,*,#10102,.T.);
#10111=ORIENTED_EDGE('',*,*,#7297,.F.);
#10112=(
BOUNDED_CURVE()
B_SPLINE_CURVE(1,(#7289,#847),.UNSPECIFIED.,.F.,.F.)
B_SPLINE_CURVE_WITH_KNOTS((2,2),(0.000,1.000),.UNSPECIFIED.)
CURVE()
GEOMETRIC_REPRESENTATION_ITEM()
RATIONAL_B_SPLINE_CURVE((1.0000000000,1.0000000000))
REPRESENTATION_ITEM('')
);

#10115=EDGE_CURVE('',#7290,#849,#10112,.T.);
#10116=ORIENTED_EDGE('',*,*,#10115,.T.);
#10117=EDGE_LOOP('',(#10096,#10103,#10111,#10116));
#10118=FACE_OUTER_BOUND('',#10117,.T.);
#10119=ADVANCED_FACE('',(#10118),#10080,.T.);
#10120=COLOUR_RGB('',0.39,0.39,0.39);
#10121=FILL_AREA_STYLE_COLOUR('',#10120);
#10122=FILL_AREA_STYLE('',(#10121));
#10123=SURFACE_STYLE_FILL_AREA(#10122);
#10124=SURFACE_STYLE_TRANSPARENT(0.00);
#10125=SURFACE_STYLE_RENDERING_WITH_PROPERTIES(.NORMAL_SHADING.,#10120,(#10124));
#10126=SURFACE_SIDE_STYLE('',(#10123, #10125));
#10127=SURFACE_STYLE_USAGE(.BOTH.,#10126);
#10128=PRESENTATION_STYLE_ASSIGNMENT((#10127));
#10129=STYLED_ITEM('',(#10128),#10119);

#10131=CARTESIAN_POINT('',(19.62249,-6.30000,-2.86756));
#10133=CARTESIAN_POINT('',(18.62249,-6.30000,-2.86756));
#10130=(
BOUNDED_SURFACE()
B_SPLINE_SURFACE(2,1,((#10131,#7302),(#10133,#7301),(#10081,#7294)),.UNSPECIFIED.,.F.,.F.,.F.)
B_SPLINE_SURFACE_WITH_KNOTS((3,3),(2,2),(0.000,1.000),(0.000,1.000),.UNSPECIFIED.)
GEOMETRIC_REPRESENTATION_ITEM()
RATIONAL_B_SPLINE_SURFACE(((1.0000000000,1.0000000000),(0.7071067812,0.7071067812),(1.0000000000,1.0000000000)))
REPRESENTATION_ITEM('')
SURFACE()
);

#10146=ORIENTED_EDGE('',*,*,#842,.F.);
#10147=(
BOUNDED_CURVE()
B_SPLINE_CURVE(1,(#834,#7302),.UNSPECIFIED.,.F.,.F.)
B_SPLINE_CURVE_WITH_KNOTS((2,2),(0.000,1.000),.UNSPECIFIED.)
CURVE()
GEOMETRIC_REPRESENTATION_ITEM()
RATIONAL_B_SPLINE_CURVE((1.0000000000,1.0000000000))
REPRESENTATION_ITEM('')
);

#10152=EDGE_CURVE('',#835,#7304,#10147,.T.);
#10153=ORIENTED_EDGE('',*,*,#10152,.T.);
#10161=ORIENTED_EDGE('',*,*,#7305,.F.);
#10166=ORIENTED_EDGE('',*,*,#10102,.F.);
#10167=EDGE_LOOP('',(#10146,#10153,#10161,#10166));
#10168=FACE_OUTER_BOUND('',#10167,.T.);
#10169=ADVANCED_FACE('',(#10168),#10130,.T.);
#10170=COLOUR_RGB('',0.39,0.39,0.39);
#10171=FILL_AREA_STYLE_COLOUR('',#10170);
#10172=FILL_AREA_STYLE('',(#10171));
#10173=SURFACE_STYLE_FILL_AREA(#10172);
#10174=SURFACE_STYLE_TRANSPARENT(0.00);
#10175=SURFACE_STYLE_RENDERING_WITH_PROPERTIES(.NORMAL_SHADING.,#10170,(#10174));
#10176=SURFACE_SIDE_STYLE('',(#10173, #10175));
#10177=SURFACE_STYLE_USAGE(.BOTH.,#10176);
#10178=PRESENTATION_STYLE_ASSIGNMENT((#10177));
#10179=STYLED_ITEM('',(#10178),#10169);

#10181=CARTESIAN_POINT('',(20.62249,-6.30000,-3.86756));
#10183=CARTESIAN_POINT('',(20.62249,-6.30000,-2.86756));
#10180=(
BOUNDED_SURFACE()
B_SPLINE_SURFACE(2,1,((#10181,#7310),(#10183,#7309),(#10131,#7302)),.UNSPECIFIED.,.F.,.F.,.F.)
B_SPLINE_SURFACE_WITH_KNOTS((3,3),(2,2),(0.000,1.000),(0.000,1.000),.UNSPECIFIED.)
GEOMETRIC_REPRESENTATION_ITEM()
RATIONAL_B_SPLINE_SURFACE(((1.0000000000,1.0000000000),(0.7071067812,0.7071067812),(1.0000000000,1.0000000000)))
REPRESENTATION_ITEM('')
SURFACE()
);

#10196=ORIENTED_EDGE('',*,*,#864,.F.);
#10197=(
BOUNDED_CURVE()
B_SPLINE_CURVE(1,(#855,#7310),.UNSPECIFIED.,.F.,.F.)
B_SPLINE_CURVE_WITH_KNOTS((2,2),(0.000,1.000),.UNSPECIFIED.)
CURVE()
GEOMETRIC_REPRESENTATION_ITEM()
RATIONAL_B_SPLINE_CURVE((1.0000000000,1.0000000000))
REPRESENTATION_ITEM('')
);

#10202=EDGE_CURVE('',#857,#7312,#10197,.T.);
#10203=ORIENTED_EDGE('',*,*,#10202,.T.);
#10211=ORIENTED_EDGE('',*,*,#7313,.F.);
#10216=ORIENTED_EDGE('',*,*,#10152,.F.);
#10217=EDGE_LOOP('',(#10196,#10203,#10211,#10216));
#10218=FACE_OUTER_BOUND('',#10217,.T.);
#10219=ADVANCED_FACE('',(#10218),#10180,.T.);
#10220=COLOUR_RGB('',0.39,0.39,0.39);
#10221=FILL_AREA_STYLE_COLOUR('',#10220);
#10222=FILL_AREA_STYLE('',(#10221));
#10223=SURFACE_STYLE_FILL_AREA(#10222);
#10224=SURFACE_STYLE_TRANSPARENT(0.00);
#10225=SURFACE_STYLE_RENDERING_WITH_PROPERTIES(.NORMAL_SHADING.,#10220,(#10224));
#10226=SURFACE_SIDE_STYLE('',(#10223, #10225));
#10227=SURFACE_STYLE_USAGE(.BOTH.,#10226);
#10228=PRESENTATION_STYLE_ASSIGNMENT((#10227));
#10229=STYLED_ITEM('',(#10228),#10219);

#10233=CARTESIAN_POINT('',(20.62249,-6.30000,-4.86756));
#10230=(
BOUNDED_SURFACE()
B_SPLINE_SURFACE(2,1,((#10085,#7289),(#10233,#7317),(#10181,#7310)),.UNSPECIFIED.,.F.,.F.,.F.)
B_SPLINE_SURFACE_WITH_KNOTS((3,3),(2,2),(0.000,1.000),(0.000,1.000),.UNSPECIFIED.)
GEOMETRIC_REPRESENTATION_ITEM()
RATIONAL_B_SPLINE_SURFACE(((1.0000000000,1.0000000000),(0.7071067812,0.7071067812),(1.0000000000,1.0000000000)))
REPRESENTATION_ITEM('')
SURFACE()
);

#10246=ORIENTED_EDGE('',*,*,#858,.F.);
#10253=ORIENTED_EDGE('',*,*,#10115,.F.);
#10261=ORIENTED_EDGE('',*,*,#7319,.F.);
#10266=ORIENTED_EDGE('',*,*,#10202,.F.);
#10267=EDGE_LOOP('',(#10246,#10253,#10261,#10266));
#10268=FACE_OUTER_BOUND('',#10267,.T.);
#10269=ADVANCED_FACE('',(#10268),#10230,.T.);
#10270=COLOUR_RGB('',0.39,0.39,0.39);
#10271=FILL_AREA_STYLE_COLOUR('',#10270);
#10272=FILL_AREA_STYLE('',(#10271));
#10273=SURFACE_STYLE_FILL_AREA(#10272);
#10274=SURFACE_STYLE_TRANSPARENT(0.00);
#10275=SURFACE_STYLE_RENDERING_WITH_PROPERTIES(.NORMAL_SHADING.,#10270,(#10274));
#10276=SURFACE_SIDE_STYLE('',(#10273, #10275));
#10277=SURFACE_STYLE_USAGE(.BOTH.,#10276);
#10278=PRESENTATION_STYLE_ASSIGNMENT((#10277));
#10279=STYLED_ITEM('',(#10278),#10269);

#10281=CARTESIAN_POINT('',(18.95487,-6.30000,1.34289));
#10283=CARTESIAN_POINT('',(18.95487,-6.30000,0.34289));
#10285=CARTESIAN_POINT('',(19.95487,-6.30000,0.34289));
#10280=(
BOUNDED_SURFACE()
B_SPLINE_SURFACE(2,1,((#10281,#7328),(#10283,#7327),(#10285,#7323)),.UNSPECIFIED.,.F.,.F.,.F.)
B_SPLINE_SURFACE_WITH_KNOTS((3,3),(2,2),(0.000,1.000),(0.000,1.000),.UNSPECIFIED.)
GEOMETRIC_REPRESENTATION_ITEM()
RATIONAL_B_SPLINE_SURFACE(((1.0000000000,1.0000000000),(0.7071067812,0.7071067812),(1.0000000000,1.0000000000)))
REPRESENTATION_ITEM('')
SURFACE()
);

#10296=ORIENTED_EDGE('',*,*,#884,.F.);
#10297=(
BOUNDED_CURVE()
B_SPLINE_CURVE(1,(#873,#7328),.UNSPECIFIED.,.F.,.F.)
B_SPLINE_CURVE_WITH_KNOTS((2,2),(0.000,1.000),.UNSPECIFIED.)
CURVE()
GEOMETRIC_REPRESENTATION_ITEM()
RATIONAL_B_SPLINE_CURVE((1.0000000000,1.0000000000))
REPRESENTATION_ITEM('')
);

#10302=EDGE_CURVE('',#875,#7330,#10297,.T.);
#10303=ORIENTED_EDGE('',*,*,#10302,.T.);
#10311=ORIENTED_EDGE('',*,*,#7331,.F.);
#10312=(
BOUNDED_CURVE()
B_SPLINE_CURVE(1,(#7323,#881),.UNSPECIFIED.,.F.,.F.)
B_SPLINE_CURVE_WITH_KNOTS((2,2),(0.000,1.000),.UNSPECIFIED.)
CURVE()
GEOMETRIC_REPRESENTATION_ITEM()
RATIONAL_B_SPLINE_CURVE((1.0000000000,1.0000000000))
REPRESENTATION_ITEM('')
);

#10315=EDGE_CURVE('',#7324,#883,#10312,.T.);
#10316=ORIENTED_EDGE('',*,*,#10315,.T.);
#10317=EDGE_LOOP('',(#10296,#10303,#10311,#10316));
#10318=FACE_OUTER_BOUND('',#10317,.T.);
#10319=ADVANCED_FACE('',(#10318),#10280,.T.);
#10320=COLOUR_RGB('',0.39,0.39,0.39);
#10321=FILL_AREA_STYLE_COLOUR('',#10320);
#10322=FILL_AREA_STYLE('',(#10321));
#10323=SURFACE_STYLE_FILL_AREA(#10322);
#10324=SURFACE_STYLE_TRANSPARENT(0.00);
#10325=SURFACE_STYLE_RENDERING_WITH_PROPERTIES(.NORMAL_SHADING.,#10320,(#10324));
#10326=SURFACE_SIDE_STYLE('',(#10323, #10325));
#10327=SURFACE_STYLE_USAGE(.BOTH.,#10326);
#10328=PRESENTATION_STYLE_ASSIGNMENT((#10327));
#10329=STYLED_ITEM('',(#10328),#10319);

#10331=CARTESIAN_POINT('',(19.95487,-6.30000,2.34289));
#10333=CARTESIAN_POINT('',(18.95487,-6.30000,2.34289));
#10330=(
BOUNDED_SURFACE()
B_SPLINE_SURFACE(2,1,((#10331,#7336),(#10333,#7335),(#10281,#7328)),.UNSPECIFIED.,.F.,.F.,.F.)
B_SPLINE_SURFACE_WITH_KNOTS((3,3),(2,2),(0.000,1.000),(0.000,1.000),.UNSPECIFIED.)
GEOMETRIC_REPRESENTATION_ITEM()
RATIONAL_B_SPLINE_SURFACE(((1.0000000000,1.0000000000),(0.7071067812,0.7071067812),(1.0000000000,1.0000000000)))
REPRESENTATION_ITEM('')
SURFACE()
);

#10346=ORIENTED_EDGE('',*,*,#876,.F.);
#10347=(
BOUNDED_CURVE()
B_SPLINE_CURVE(1,(#868,#7336),.UNSPECIFIED.,.F.,.F.)
B_SPLINE_CURVE_WITH_KNOTS((2,2),(0.000,1.000),.UNSPECIFIED.)
CURVE()
GEOMETRIC_REPRESENTATION_ITEM()
RATIONAL_B_SPLINE_CURVE((1.0000000000,1.0000000000))
REPRESENTATION_ITEM('')
);

#10352=EDGE_CURVE('',#869,#7338,#10347,.T.);
#10353=ORIENTED_EDGE('',*,*,#10352,.T.);
#10361=ORIENTED_EDGE('',*,*,#7339,.F.);
#10366=ORIENTED_EDGE('',*,*,#10302,.F.);
#10367=EDGE_LOOP('',(#10346,#10353,#10361,#10366));
#10368=FACE_OUTER_BOUND('',#10367,.T.);
#10369=ADVANCED_FACE('',(#10368),#10330,.T.);
#10370=COLOUR_RGB('',0.39,0.39,0.39);
#10371=FILL_AREA_STYLE_COLOUR('',#10370);
#10372=FILL_AREA_STYLE('',(#10371));
#10373=SURFACE_STYLE_FILL_AREA(#10372);
#10374=SURFACE_STYLE_TRANSPARENT(0.00);
#10375=SURFACE_STYLE_RENDERING_WITH_PROPERTIES(.NORMAL_SHADING.,#10370,(#10374));
#10376=SURFACE_SIDE_STYLE('',(#10373, #10375));
#10377=SURFACE_STYLE_USAGE(.BOTH.,#10376);
#10378=PRESENTATION_STYLE_ASSIGNMENT((#10377));
#10379=STYLED_ITEM('',(#10378),#10369);

#10381=CARTESIAN_POINT('',(20.95487,-6.30000,1.34289));
#10383=CARTESIAN_POINT('',(20.95487,-6.30000,2.34289));
#10380=(
BOUNDED_SURFACE()
B_SPLINE_SURFACE(2,1,((#10381,#7344),(#10383,#7343),(#10331,#7336)),.UNSPECIFIED.,.F.,.F.,.F.)
B_SPLINE_SURFACE_WITH_KNOTS((3,3),(2,2),(0.000,1.000),(0.000,1.000),.UNSPECIFIED.)
GEOMETRIC_REPRESENTATION_ITEM()
RATIONAL_B_SPLINE_SURFACE(((1.0000000000,1.0000000000),(0.7071067812,0.7071067812),(1.0000000000,1.0000000000)))
REPRESENTATION_ITEM('')
SURFACE()
);

#10396=ORIENTED_EDGE('',*,*,#898,.F.);
#10397=(
BOUNDED_CURVE()
B_SPLINE_CURVE(1,(#889,#7344),.UNSPECIFIED.,.F.,.F.)
B_SPLINE_CURVE_WITH_KNOTS((2,2),(0.000,1.000),.UNSPECIFIED.)
CURVE()
GEOMETRIC_REPRESENTATION_ITEM()
RATIONAL_B_SPLINE_CURVE((1.0000000000,1.0000000000))
REPRESENTATION_ITEM('')
);

#10402=EDGE_CURVE('',#891,#7346,#10397,.T.);
#10403=ORIENTED_EDGE('',*,*,#10402,.T.);
#10411=ORIENTED_EDGE('',*,*,#7347,.F.);
#10416=ORIENTED_EDGE('',*,*,#10352,.F.);
#10417=EDGE_LOOP('',(#10396,#10403,#10411,#10416));
#10418=FACE_OUTER_BOUND('',#10417,.T.);
#10419=ADVANCED_FACE('',(#10418),#10380,.T.);
#10420=COLOUR_RGB('',0.39,0.39,0.39);
#10421=FILL_AREA_STYLE_COLOUR('',#10420);
#10422=FILL_AREA_STYLE('',(#10421));
#10423=SURFACE_STYLE_FILL_AREA(#10422);
#10424=SURFACE_STYLE_TRANSPARENT(0.00);
#10425=SURFACE_STYLE_RENDERING_WITH_PROPERTIES(.NORMAL_SHADING.,#10420,(#10424));
#10426=SURFACE_SIDE_STYLE('',(#10423, #10425));
#10427=SURFACE_STYLE_USAGE(.BOTH.,#10426);
#10428=PRESENTATION_STYLE_ASSIGNMENT((#10427));
#10429=STYLED_ITEM('',(#10428),#10419);

#10433=CARTESIAN_POINT('',(20.95487,-6.30000,0.34289));
#10430=(
BOUNDED_SURFACE()
B_SPLINE_SURFACE(2,1,((#10285,#7323),(#10433,#7351),(#10381,#7344)),.UNSPECIFIED.,.F.,.F.,.F.)
B_SPLINE_SURFACE_WITH_KNOTS((3,3),(2,2),(0.000,1.000),(0.000,1.000),.UNSPECIFIED.)
GEOMETRIC_REPRESENTATION_ITEM()
RATIONAL_B_SPLINE_SURFACE(((1.0000000000,1.0000000000),(0.7071067812,0.7071067812),(1.0000000000,1.0000000000)))
REPRESENTATION_ITEM('')
SURFACE()
);

#10446=ORIENTED_EDGE('',*,*,#892,.F.);
#10453=ORIENTED_EDGE('',*,*,#10315,.F.);
#10461=ORIENTED_EDGE('',*,*,#7353,.F.);
#10466=ORIENTED_EDGE('',*,*,#10402,.F.);
#10467=EDGE_LOOP('',(#10446,#10453,#10461,#10466));
#10468=FACE_OUTER_BOUND('',#10467,.T.);
#10469=ADVANCED_FACE('',(#10468),#10430,.T.);
#10470=COLOUR_RGB('',0.39,0.39,0.39);
#10471=FILL_AREA_STYLE_COLOUR('',#10470);
#10472=FILL_AREA_STYLE('',(#10471));
#10473=SURFACE_STYLE_FILL_AREA(#10472);
#10474=SURFACE_STYLE_TRANSPARENT(0.00);
#10475=SURFACE_STYLE_RENDERING_WITH_PROPERTIES(.NORMAL_SHADING.,#10470,(#10474));
#10476=SURFACE_SIDE_STYLE('',(#10473, #10475));
#10477=SURFACE_STYLE_USAGE(.BOTH.,#10476);
#10478=PRESENTATION_STYLE_ASSIGNMENT((#10477));
#10479=STYLED_ITEM('',(#10478),#10469);

#10481=CARTESIAN_POINT('',(17.92735,-6.30000,6.46183));
#10483=CARTESIAN_POINT('',(17.92735,-6.30000,5.46183));
#10485=CARTESIAN_POINT('',(18.92735,-6.30000,5.46183));
#10480=(
BOUNDED_SURFACE()
B_SPLINE_SURFACE(2,1,((#10481,#7362),(#10483,#7361),(#10485,#7357)),.UNSPECIFIED.,.F.,.F.,.F.)
B_SPLINE_SURFACE_WITH_KNOTS((3,3),(2,2),(0.000,1.000),(0.000,1.000),.UNSPECIFIED.)
GEOMETRIC_REPRESENTATION_ITEM()
RATIONAL_B_SPLINE_SURFACE(((1.0000000000,1.0000000000),(0.7071067812,0.7071067812),(1.0000000000,1.0000000000)))
REPRESENTATION_ITEM('')
SURFACE()
);

#10496=ORIENTED_EDGE('',*,*,#918,.F.);
#10497=(
BOUNDED_CURVE()
B_SPLINE_CURVE(1,(#907,#7362),.UNSPECIFIED.,.F.,.F.)
B_SPLINE_CURVE_WITH_KNOTS((2,2),(0.000,1.000),.UNSPECIFIED.)
CURVE()
GEOMETRIC_REPRESENTATION_ITEM()
RATIONAL_B_SPLINE_CURVE((1.0000000000,1.0000000000))
REPRESENTATION_ITEM('')
);

#10502=EDGE_CURVE('',#909,#7364,#10497,.T.);
#10503=ORIENTED_EDGE('',*,*,#10502,.T.);
#10511=ORIENTED_EDGE('',*,*,#7365,.F.);
#10512=(
BOUNDED_CURVE()
B_SPLINE_CURVE(1,(#7357,#915),.UNSPECIFIED.,.F.,.F.)
B_SPLINE_CURVE_WITH_KNOTS((2,2),(0.000,1.000),.UNSPECIFIED.)
CURVE()
GEOMETRIC_REPRESENTATION_ITEM()
RATIONAL_B_SPLINE_CURVE((1.0000000000,1.0000000000))
REPRESENTATION_ITEM('')
);

#10515=EDGE_CURVE('',#7358,#917,#10512,.T.);
#10516=ORIENTED_EDGE('',*,*,#10515,.T.);
#10517=EDGE_LOOP('',(#10496,#10503,#10511,#10516));
#10518=FACE_OUTER_BOUND('',#10517,.T.);
#10519=ADVANCED_FACE('',(#10518),#10480,.T.);
#10520=COLOUR_RGB('',0.39,0.39,0.39);
#10521=FILL_AREA_STYLE_COLOUR('',#10520);
#10522=FILL_AREA_STYLE('',(#10521));
#10523=SURFACE_STYLE_FILL_AREA(#10522);
#10524=SURFACE_STYLE_TRANSPARENT(0.00);
#10525=SURFACE_STYLE_RENDERING_WITH_PROPERTIES(.NORMAL_SHADING.,#10520,(#10524));
#10526=SURFACE_SIDE_STYLE('',(#10523, #10525));
#10527=SURFACE_STYLE_USAGE(.BOTH.,#10526);
#10528=PRESENTATION_STYLE_ASSIGNMENT((#10527));
#10529=STYLED_ITEM('',(#10528),#10519);

#10531=CARTESIAN_POINT('',(18.92735,-6.30000,7.46183));
#10533=CARTESIAN_POINT('',(17.92735,-6.30000,7.46183));
#10530=(
BOUNDED_SURFACE()
B_SPLINE_SURFACE(2,1,((#10531,#7370),(#10533,#7369),(#10481,#7362)),.UNSPECIFIED.,.F.,.F.,.F.)
B_SPLINE_SURFACE_WITH_KNOTS((3,3),(2,2),(0.000,1.000),(0.000,1.000),.UNSPECIFIED.)
GEOMETRIC_REPRESENTATION_ITEM()
RATIONAL_B_SPLINE_SURFACE(((1.0000000000,1.0000000000),(0.7071067812,0.7071067812),(1.0000000000,1.0000000000)))
REPRESENTATION_ITEM('')
SURFACE()
);

#10546=ORIENTED_EDGE('',*,*,#910,.F.);
#10547=(
BOUNDED_CURVE()
B_SPLINE_CURVE(1,(#902,#7370),.UNSPECIFIED.,.F.,.F.)
B_SPLINE_CURVE_WITH_KNOTS((2,2),(0.000,1.000),.UNSPECIFIED.)
CURVE()
GEOMETRIC_REPRESENTATION_ITEM()
RATIONAL_B_SPLINE_CURVE((1.0000000000,1.0000000000))
REPRESENTATION_ITEM('')
);

#10552=EDGE_CURVE('',#903,#7372,#10547,.T.);
#10553=ORIENTED_EDGE('',*,*,#10552,.T.);
#10561=ORIENTED_EDGE('',*,*,#7373,.F.);
#10566=ORIENTED_EDGE('',*,*,#10502,.F.);
#10567=EDGE_LOOP('',(#10546,#10553,#10561,#10566));
#10568=FACE_OUTER_BOUND('',#10567,.T.);
#10569=ADVANCED_FACE('',(#10568),#10530,.T.);
#10570=COLOUR_RGB('',0.39,0.39,0.39);
#10571=FILL_AREA_STYLE_COLOUR('',#10570);
#10572=FILL_AREA_STYLE('',(#10571));
#10573=SURFACE_STYLE_FILL_AREA(#10572);
#10574=SURFACE_STYLE_TRANSPARENT(0.00);
#10575=SURFACE_STYLE_RENDERING_WITH_PROPERTIES(.NORMAL_SHADING.,#10570,(#10574));
#10576=SURFACE_SIDE_STYLE('',(#10573, #10575));
#10577=SURFACE_STYLE_USAGE(.BOTH.,#10576);
#10578=PRESENTATION_STYLE_ASSIGNMENT((#10577));
#10579=STYLED_ITEM('',(#10578),#10569);

#10581=CARTESIAN_POINT('',(19.92735,-6.30000,6.46183));
#10583=CARTESIAN_POINT('',(19.92735,-6.30000,7.46183));
#10580=(
BOUNDED_SURFACE()
B_SPLINE_SURFACE(2,1,((#10581,#7378),(#10583,#7377),(#10531,#7370)),.UNSPECIFIED.,.F.,.F.,.F.)
B_SPLINE_SURFACE_WITH_KNOTS((3,3),(2,2),(0.000,1.000),(0.000,1.000),.UNSPECIFIED.)
GEOMETRIC_REPRESENTATION_ITEM()
RATIONAL_B_SPLINE_SURFACE(((1.0000000000,1.0000000000),(0.7071067812,0.7071067812),(1.0000000000,1.0000000000)))
REPRESENTATION_ITEM('')
SURFACE()
);

#10596=ORIENTED_EDGE('',*,*,#932,.F.);
#10597=(
BOUNDED_CURVE()
B_SPLINE_CURVE(1,(#923,#7378),.UNSPECIFIED.,.F.,.F.)
B_SPLINE_CURVE_WITH_KNOTS((2,2),(0.000,1.000),.UNSPECIFIED.)
CURVE()
GEOMETRIC_REPRESENTATION_ITEM()
RATIONAL_B_SPLINE_CURVE((1.0000000000,1.0000000000))
REPRESENTATION_ITEM('')
);

#10602=EDGE_CURVE('',#925,#7380,#10597,.T.);
#10603=ORIENTED_EDGE('',*,*,#10602,.T.);
#10611=ORIENTED_EDGE('',*,*,#7381,.F.);
#10616=ORIENTED_EDGE('',*,*,#10552,.F.);
#10617=EDGE_LOOP('',(#10596,#10603,#10611,#10616));
#10618=FACE_OUTER_BOUND('',#10617,.T.);
#10619=ADVANCED_FACE('',(#10618),#10580,.T.);
#10620=COLOUR_RGB('',0.39,0.39,0.39);
#10621=FILL_AREA_STYLE_COLOUR('',#10620);
#10622=FILL_AREA_STYLE('',(#10621));
#10623=SURFACE_STYLE_FILL_AREA(#10622);
#10624=SURFACE_STYLE_TRANSPARENT(0.00);
#10625=SURFACE_STYLE_RENDERING_WITH_PROPERTIES(.NORMAL_SHADING.,#10620,(#10624));
#10626=SURFACE_SIDE_STYLE('',(#10623, #10625));
#10627=SURFACE_STYLE_USAGE(.BOTH.,#10626);
#10628=PRESENTATION_STYLE_ASSIGNMENT((#10627));
#10629=STYLED_ITEM('',(#10628),#10619);

#10633=CARTESIAN_POINT('',(19.92735,-6.30000,5.46183));
#10630=(
BOUNDED_SURFACE()
B_SPLINE_SURFACE(2,1,((#10485,#7357),(#10633,#7385),(#10581,#7378)),.UNSPECIFIED.,.F.,.F.,.F.)
B_SPLINE_SURFACE_WITH_KNOTS((3,3),(2,2),(0.000,1.000),(0.000,1.000),.UNSPECIFIED.)
GEOMETRIC_REPRESENTATION_ITEM()
RATIONAL_B_SPLINE_SURFACE(((1.0000000000,1.0000000000),(0.7071067812,0.7071067812),(1.0000000000,1.0000000000)))
REPRESENTATION_ITEM('')
SURFACE()
);

#10646=ORIENTED_EDGE('',*,*,#926,.F.);
#10653=ORIENTED_EDGE('',*,*,#10515,.F.);
#10661=ORIENTED_EDGE('',*,*,#7387,.F.);
#10666=ORIENTED_EDGE('',*,*,#10602,.F.);
#10667=EDGE_LOOP('',(#10646,#10653,#10661,#10666));
#10668=FACE_OUTER_BOUND('',#10667,.T.);
#10669=ADVANCED_FACE('',(#10668),#10630,.T.);
#10670=COLOUR_RGB('',0.39,0.39,0.39);
#10671=FILL_AREA_STYLE_COLOUR('',#10670);
#10672=FILL_AREA_STYLE('',(#10671));
#10673=SURFACE_STYLE_FILL_AREA(#10672);
#10674=SURFACE_STYLE_TRANSPARENT(0.00);
#10675=SURFACE_STYLE_RENDERING_WITH_PROPERTIES(.NORMAL_SHADING.,#10670,(#10674));
#10676=SURFACE_SIDE_STYLE('',(#10673, #10675));
#10677=SURFACE_STYLE_USAGE(.BOTH.,#10676);
#10678=PRESENTATION_STYLE_ASSIGNMENT((#10677));
#10679=STYLED_ITEM('',(#10678),#10669);

#10681=CARTESIAN_POINT('',(15.60997,-6.30000,11.14041));
#10683=CARTESIAN_POINT('',(15.60997,-6.30000,10.14041));
#10685=CARTESIAN_POINT('',(16.60997,-6.30000,10.14041));
#10680=(
BOUNDED_SURFACE()
B_SPLINE_SURFACE(2,1,((#10681,#7396),(#10683,#7395),(#10685,#7391)),.UNSPECIFIED.,.F.,.F.,.F.)
B_SPLINE_SURFACE_WITH_KNOTS((3,3),(2,2),(0.000,1.000),(0.000,1.000),.UNSPECIFIED.)
GEOMETRIC_REPRESENTATION_ITEM()
RATIONAL_B_SPLINE_SURFACE(((1.0000000000,1.0000000000),(0.7071067812,0.7071067812),(1.0000000000,1.0000000000)))
REPRESENTATION_ITEM('')
SURFACE()
);

#10696=ORIENTED_EDGE('',*,*,#952,.F.);
#10697=(
BOUNDED_CURVE()
B_SPLINE_CURVE(1,(#941,#7396),.UNSPECIFIED.,.F.,.F.)
B_SPLINE_CURVE_WITH_KNOTS((2,2),(0.000,1.000),.UNSPECIFIED.)
CURVE()
GEOMETRIC_REPRESENTATION_ITEM()
RATIONAL_B_SPLINE_CURVE((1.0000000000,1.0000000000))
REPRESENTATION_ITEM('')
);

#10702=EDGE_CURVE('',#943,#7398,#10697,.T.);
#10703=ORIENTED_EDGE('',*,*,#10702,.T.);
#10711=ORIENTED_EDGE('',*,*,#7399,.F.);
#10712=(
BOUNDED_CURVE()
B_SPLINE_CURVE(1,(#7391,#949),.UNSPECIFIED.,.F.,.F.)
B_SPLINE_CURVE_WITH_KNOTS((2,2),(0.000,1.000),.UNSPECIFIED.)
CURVE()
GEOMETRIC_REPRESENTATION_ITEM()
RATIONAL_B_SPLINE_CURVE((1.0000000000,1.0000000000))
REPRESENTATION_ITEM('')
);

#10715=EDGE_CURVE('',#7392,#951,#10712,.T.);
#10716=ORIENTED_EDGE('',*,*,#10715,.T.);
#10717=EDGE_LOOP('',(#10696,#10703,#10711,#10716));
#10718=FACE_OUTER_BOUND('',#10717,.T.);
#10719=ADVANCED_FACE('',(#10718),#10680,.T.);
#10720=COLOUR_RGB('',0.39,0.39,0.39);
#10721=FILL_AREA_STYLE_COLOUR('',#10720);
#10722=FILL_AREA_STYLE('',(#10721));
#10723=SURFACE_STYLE_FILL_AREA(#10722);
#10724=SURFACE_STYLE_TRANSPARENT(0.00);
#10725=SURFACE_STYLE_RENDERING_WITH_PROPERTIES(.NORMAL_SHADING.,#10720,(#10724));
#10726=SURFACE_SIDE_STYLE('',(#10723, #10725));
#10727=SURFACE_STYLE_USAGE(.BOTH.,#10726);
#10728=PRESENTATION_STYLE_ASSIGNMENT((#10727));
#10729=STYLED_ITEM('',(#10728),#10719);

#10731=CARTESIAN_POINT('',(16.60997,-6.30000,12.14041));
#10733=CARTESIAN_POINT('',(15.60997,-6.30000,12.14041));
#10730=(
BOUNDED_SURFACE()
B_SPLINE_SURFACE(2,1,((#10731,#7404),(#10733,#7403),(#10681,#7396)),.UNSPECIFIED.,.F.,.F.,.F.)
B_SPLINE_SURFACE_WITH_KNOTS((3,3),(2,2),(0.000,1.000),(0.000,1.000),.UNSPECIFIED.)
GEOMETRIC_REPRESENTATION_ITEM()
RATIONAL_B_SPLINE_SURFACE(((1.0000000000,1.0000000000),(0.7071067812,0.7071067812),(1.0000000000,1.0000000000)))
REPRESENTATION_ITEM('')
SURFACE()
);

#10746=ORIENTED_EDGE('',*,*,#944,.F.);
#10747=(
BOUNDED_CURVE()
B_SPLINE_CURVE(1,(#936,#7404),.UNSPECIFIED.,.F.,.F.)
B_SPLINE_CURVE_WITH_KNOTS((2,2),(0.000,1.000),.UNSPECIFIED.)
CURVE()
GEOMETRIC_REPRESENTATION_ITEM()
RATIONAL_B_SPLINE_CURVE((1.0000000000,1.0000000000))
REPRESENTATION_ITEM('')
);

#10752=EDGE_CURVE('',#937,#7406,#10747,.T.);
#10753=ORIENTED_EDGE('',*,*,#10752,.T.);
#10761=ORIENTED_EDGE('',*,*,#7407,.F.);
#10766=ORIENTED_EDGE('',*,*,#10702,.F.);
#10767=EDGE_LOOP('',(#10746,#10753,#10761,#10766));
#10768=FACE_OUTER_BOUND('',#10767,.T.);
#10769=ADVANCED_FACE('',(#10768),#10730,.T.);
#10770=COLOUR_RGB('',0.39,0.39,0.39);
#10771=FILL_AREA_STYLE_COLOUR('',#10770);
#10772=FILL_AREA_STYLE('',(#10771));
#10773=SURFACE_STYLE_FILL_AREA(#10772);
#10774=SURFACE_STYLE_TRANSPARENT(0.00);
#10775=SURFACE_STYLE_RENDERING_WITH_PROPERTIES(.NORMAL_SHADING.,#10770,(#10774));
#10776=SURFACE_SIDE_STYLE('',(#10773, #10775));
#10777=SURFACE_STYLE_USAGE(.BOTH.,#10776);
#10778=PRESENTATION_STYLE_ASSIGNMENT((#10777));
#10779=STYLED_ITEM('',(#10778),#10769);

#10781=CARTESIAN_POINT('',(17.60997,-6.30000,11.14041));
#10783=CARTESIAN_POINT('',(17.60997,-6.30000,12.14041));
#10780=(
BOUNDED_SURFACE()
B_SPLINE_SURFACE(2,1,((#10781,#7412),(#10783,#7411),(#10731,#7404)),.UNSPECIFIED.,.F.,.F.,.F.)
B_SPLINE_SURFACE_WITH_KNOTS((3,3),(2,2),(0.000,1.000),(0.000,1.000),.UNSPECIFIED.)
GEOMETRIC_REPRESENTATION_ITEM()
RATIONAL_B_SPLINE_SURFACE(((1.0000000000,1.0000000000),(0.7071067812,0.7071067812),(1.0000000000,1.0000000000)))
REPRESENTATION_ITEM('')
SURFACE()
);

#10796=ORIENTED_EDGE('',*,*,#966,.F.);
#10797=(
BOUNDED_CURVE()
B_SPLINE_CURVE(1,(#957,#7412),.UNSPECIFIED.,.F.,.F.)
B_SPLINE_CURVE_WITH_KNOTS((2,2),(0.000,1.000),.UNSPECIFIED.)
CURVE()
GEOMETRIC_REPRESENTATION_ITEM()
RATIONAL_B_SPLINE_CURVE((1.0000000000,1.0000000000))
REPRESENTATION_ITEM('')
);

#10802=EDGE_CURVE('',#959,#7414,#10797,.T.);
#10803=ORIENTED_EDGE('',*,*,#10802,.T.);
#10811=ORIENTED_EDGE('',*,*,#7415,.F.);
#10816=ORIENTED_EDGE('',*,*,#10752,.F.);
#10817=EDGE_LOOP('',(#10796,#10803,#10811,#10816));
#10818=FACE_OUTER_BOUND('',#10817,.T.);
#10819=ADVANCED_FACE('',(#10818),#10780,.T.);
#10820=COLOUR_RGB('',0.39,0.39,0.39);
#10821=FILL_AREA_STYLE_COLOUR('',#10820);
#10822=FILL_AREA_STYLE('',(#10821));
#10823=SURFACE_STYLE_FILL_AREA(#10822);
#10824=SURFACE_STYLE_TRANSPARENT(0.00);
#10825=SURFACE_STYLE_RENDERING_WITH_PROPERTIES(.NORMAL_SHADING.,#10820,(#10824));
#10826=SURFACE_SIDE_STYLE('',(#10823, #10825));
#10827=SURFACE_STYLE_USAGE(.BOTH.,#10826);
#10828=PRESENTATION_STYLE_ASSIGNMENT((#10827));
#10829=STYLED_ITEM('',(#10828),#10819);

#10833=CARTESIAN_POINT('',(17.60997,-6.30000,10.14041));
#10830=(
BOUNDED_SURFACE()
B_SPLINE_SURFACE(2,1,((#10685,#7391),(#10833,#7419),(#10781,#7412)),.UNSPECIFIED.,.F.,.F.,.F.)
B_SPLINE_SURFACE_WITH_KNOTS((3,3),(2,2),(0.000,1.000),(0.000,1.000),.UNSPECIFIED.)
GEOMETRIC_REPRESENTATION_ITEM()
RATIONAL_B_SPLINE_SURFACE(((1.0000000000,1.0000000000),(0.7071067812,0.7071067812),(1.0000000000,1.0000000000)))
REPRESENTATION_ITEM('')
SURFACE()
);

#10846=ORIENTED_EDGE('',*,*,#960,.F.);
#10853=ORIENTED_EDGE('',*,*,#10715,.F.);
#10861=ORIENTED_EDGE('',*,*,#7421,.F.);
#10866=ORIENTED_EDGE('',*,*,#10802,.F.);
#10867=EDGE_LOOP('',(#10846,#10853,#10861,#10866));
#10868=FACE_OUTER_BOUND('',#10867,.T.);
#10869=ADVANCED_FACE('',(#10868),#10830,.T.);
#10870=COLOUR_RGB('',0.39,0.39,0.39);
#10871=FILL_AREA_STYLE_COLOUR('',#10870);
#10872=FILL_AREA_STYLE('',(#10871));
#10873=SURFACE_STYLE_FILL_AREA(#10872);
#10874=SURFACE_STYLE_TRANSPARENT(0.00);
#10875=SURFACE_STYLE_RENDERING_WITH_PROPERTIES(.NORMAL_SHADING.,#10870,(#10874));
#10876=SURFACE_SIDE_STYLE('',(#10873, #10875));
#10877=SURFACE_STYLE_USAGE(.BOTH.,#10876);
#10878=PRESENTATION_STYLE_ASSIGNMENT((#10877));
#10879=STYLED_ITEM('',(#10878),#10869);

#10881=CARTESIAN_POINT('',(12.16065,-6.30000,15.05979));
#10883=CARTESIAN_POINT('',(12.16065,-6.30000,14.05979));
#10885=CARTESIAN_POINT('',(13.16065,-6.30000,14.05979));
#10880=(
BOUNDED_SURFACE()
B_SPLINE_SURFACE(2,1,((#10881,#7430),(#10883,#7429),(#10885,#7425)),.UNSPECIFIED.,.F.,.F.,.F.)
B_SPLINE_SURFACE_WITH_KNOTS((3,3),(2,2),(0.000,1.000),(0.000,1.000),.UNSPECIFIED.)
GEOMETRIC_REPRESENTATION_ITEM()
RATIONAL_B_SPLINE_SURFACE(((1.0000000000,1.0000000000),(0.7071067812,0.7071067812),(1.0000000000,1.0000000000)))
REPRESENTATION_ITEM('')
SURFACE()
);

#10896=ORIENTED_EDGE('',*,*,#986,.F.);
#10897=(
BOUNDED_CURVE()
B_SPLINE_CURVE(1,(#975,#7430),.UNSPECIFIED.,.F.,.F.)
B_SPLINE_CURVE_WITH_KNOTS((2,2),(0.000,1.000),.UNSPECIFIED.)
CURVE()
GEOMETRIC_REPRESENTATION_ITEM()
RATIONAL_B_SPLINE_CURVE((1.0000000000,1.0000000000))
REPRESENTATION_ITEM('')
);

#10902=EDGE_CURVE('',#977,#7432,#10897,.T.);
#10903=ORIENTED_EDGE('',*,*,#10902,.T.);
#10911=ORIENTED_EDGE('',*,*,#7433,.F.);
#10912=(
BOUNDED_CURVE()
B_SPLINE_CURVE(1,(#7425,#983),.UNSPECIFIED.,.F.,.F.)
B_SPLINE_CURVE_WITH_KNOTS((2,2),(0.000,1.000),.UNSPECIFIED.)
CURVE()
GEOMETRIC_REPRESENTATION_ITEM()
RATIONAL_B_SPLINE_CURVE((1.0000000000,1.0000000000))
REPRESENTATION_ITEM('')
);

#10915=EDGE_CURVE('',#7426,#985,#10912,.T.);
#10916=ORIENTED_EDGE('',*,*,#10915,.T.);
#10917=EDGE_LOOP('',(#10896,#10903,#10911,#10916));
#10918=FACE_OUTER_BOUND('',#10917,.T.);
#10919=ADVANCED_FACE('',(#10918),#10880,.T.);
#10920=COLOUR_RGB('',0.39,0.39,0.39);
#10921=FILL_AREA_STYLE_COLOUR('',#10920);
#10922=FILL_AREA_STYLE('',(#10921));
#10923=SURFACE_STYLE_FILL_AREA(#10922);
#10924=SURFACE_STYLE_TRANSPARENT(0.00);
#10925=SURFACE_STYLE_RENDERING_WITH_PROPERTIES(.NORMAL_SHADING.,#10920,(#10924));
#10926=SURFACE_SIDE_STYLE('',(#10923, #10925));
#10927=SURFACE_STYLE_USAGE(.BOTH.,#10926);
#10928=PRESENTATION_STYLE_ASSIGNMENT((#10927));
#10929=STYLED_ITEM('',(#10928),#10919);

#10931=CARTESIAN_POINT('',(13.16065,-6.30000,16.05979));
#10933=CARTESIAN_POINT('',(12.16065,-6.30000,16.05979));
#10930=(
BOUNDED_SURFACE()
B_SPLINE_SURFACE(2,1,((#10931,#7438),(#10933,#7437),(#10881,#7430)),.UNSPECIFIED.,.F.,.F.,.F.)
B_SPLINE_SURFACE_WITH_KNOTS((3,3),(2,2),(0.000,1.000),(0.000,1.000),.UNSPECIFIED.)
GEOMETRIC_REPRESENTATION_ITEM()
RATIONAL_B_SPLINE_SURFACE(((1.0000000000,1.0000000000),(0.7071067812,0.7071067812),(1.0000000000,1.0000000000)))
REPRESENTATION_ITEM('')
SURFACE()
);

#10946=ORIENTED_EDGE('',*,*,#978,.F.);
#10947=(
BOUNDED_CURVE()
B_SPLINE_CURVE(1,(#970,#7438),.UNSPECIFIED.,.F.,.F.)
B_SPLINE_CURVE_WITH_KNOTS((2,2),(0.000,1.000),.UNSPECIFIED.)
CURVE()
GEOMETRIC_REPRESENTATION_ITEM()
RATIONAL_B_SPLINE_CURVE((1.0000000000,1.0000000000))
REPRESENTATION_ITEM('')
);

#10952=EDGE_CURVE('',#971,#7440,#10947,.T.);
#10953=ORIENTED_EDGE('',*,*,#10952,.T.);
#10961=ORIENTED_EDGE('',*,*,#7441,.F.);
#10966=ORIENTED_EDGE('',*,*,#10902,.F.);
#10967=EDGE_LOOP('',(#10946,#10953,#10961,#10966));
#10968=FACE_OUTER_BOUND('',#10967,.T.);
#10969=ADVANCED_FACE('',(#10968),#10930,.T.);
#10970=COLOUR_RGB('',0.39,0.39,0.39);
#10971=FILL_AREA_STYLE_COLOUR('',#10970);
#10972=FILL_AREA_STYLE('',(#10971));
#10973=SURFACE_STYLE_FILL_AREA(#10972);
#10974=SURFACE_STYLE_TRANSPARENT(0.00);
#10975=SURFACE_STYLE_RENDERING_WITH_PROPERTIES(.NORMAL_SHADING.,#10970,(#10974));
#10976=SURFACE_SIDE_STYLE('',(#10973, #10975));
#10977=SURFACE_STYLE_USAGE(.BOTH.,#10976);
#10978=PRESENTATION_STYLE_ASSIGNMENT((#10977));
#10979=STYLED_ITEM('',(#10978),#10969);

#10981=CARTESIAN_POINT('',(14.16065,-6.30000,15.05979));
#10983=CARTESIAN_POINT('',(14.16065,-6.30000,16.05979));
#10980=(
BOUNDED_SURFACE()
B_SPLINE_SURFACE(2,1,((#10981,#7446),(#10983,#7445),(#10931,#7438)),.UNSPECIFIED.,.F.,.F.,.F.)
B_SPLINE_SURFACE_WITH_KNOTS((3,3),(2,2),(0.000,1.000),(0.000,1.000),.UNSPECIFIED.)
GEOMETRIC_REPRESENTATION_ITEM()
RATIONAL_B_SPLINE_SURFACE(((1.0000000000,1.0000000000),(0.7071067812,0.7071067812),(1.0000000000,1.0000000000)))
REPRESENTATION_ITEM('')
SURFACE()
);

#10996=ORIENTED_EDGE('',*,*,#1000,.F.);
#10997=(
BOUNDED_CURVE()
B_SPLINE_CURVE(1,(#991,#7446),.UNSPECIFIED.,.F.,.F.)
B_SPLINE_CURVE_WITH_KNOTS((2,2),(0.000,1.000),.UNSPECIFIED.)
CURVE()
GEOMETRIC_REPRESENTATION_ITEM()
RATIONAL_B_SPLINE_CURVE((1.0000000000,1.0000000000))
REPRESENTATION_ITEM('')
);

#11002=EDGE_CURVE('',#993,#7448,#10997,.T.);
#11003=ORIENTED_EDGE('',*,*,#11002,.T.);
#11011=ORIENTED_EDGE('',*,*,#7449,.F.);
#11016=ORIENTED_EDGE('',*,*,#10952,.F.);
#11017=EDGE_LOOP('',(#10996,#11003,#11011,#11016));
#11018=FACE_OUTER_BOUND('',#11017,.T.);
#11019=ADVANCED_FACE('',(#11018),#10980,.T.);
#11020=COLOUR_RGB('',0.39,0.39,0.39);
#11021=FILL_AREA_STYLE_COLOUR('',#11020);
#11022=FILL_AREA_STYLE('',(#11021));
#11023=SURFACE_STYLE_FILL_AREA(#11022);
#11024=SURFACE_STYLE_TRANSPARENT(0.00);
#11025=SURFACE_STYLE_RENDERING_WITH_PROPERTIES(.NORMAL_SHADING.,#11020,(#11024));
#11026=SURFACE_SIDE_STYLE('',(#11023, #11025));
#11027=SURFACE_STYLE_USAGE(.BOTH.,#11026);
#11028=PRESENTATION_STYLE_ASSIGNMENT((#11027));
#11029=STYLED_ITEM('',(#11028),#11019);

#11033=CARTESIAN_POINT('',(14.16065,-6.30000,14.05979));
#11030=(
BOUNDED_SURFACE()
B_SPLINE_SURFACE(2,1,((#10885,#7425),(#11033,#7453),(#10981,#7446)),.UNSPECIFIED.,.F.,.F.,.F.)
B_SPLINE_SURFACE_WITH_KNOTS((3,3),(2,2),(0.000,1.000),(0.000,1.000),.UNSPECIFIED.)
GEOMETRIC_REPRESENTATION_ITEM()
RATIONAL_B_SPLINE_SURFACE(((1.0000000000,1.0000000000),(0.7071067812,0.7071067812),(1.0000000000,1.0000000000)))
REPRESENTATION_ITEM('')
SURFACE()
);

#11046=ORIENTED_EDGE('',*,*,#994,.F.);
#11053=ORIENTED_EDGE('',*,*,#10915,.F.);
#11061=ORIENTED_EDGE('',*,*,#7455,.F.);
#11066=ORIENTED_EDGE('',*,*,#11002,.F.);
#11067=EDGE_LOOP('',(#11046,#11053,#11061,#11066));
#11068=FACE_OUTER_BOUND('',#11067,.T.);
#11069=ADVANCED_FACE('',(#11068),#11030,.T.);
#11070=COLOUR_RGB('',0.39,0.39,0.39);
#11071=FILL_AREA_STYLE_COLOUR('',#11070);
#11072=FILL_AREA_STYLE('',(#11071));
#11073=SURFACE_STYLE_FILL_AREA(#11072);
#11074=SURFACE_STYLE_TRANSPARENT(0.00);
#11075=SURFACE_STYLE_RENDERING_WITH_PROPERTIES(.NORMAL_SHADING.,#11070,(#11074));
#11076=SURFACE_SIDE_STYLE('',(#11073, #11075));
#11077=SURFACE_STYLE_USAGE(.BOTH.,#11076);
#11078=PRESENTATION_STYLE_ASSIGNMENT((#11077));
#11079=STYLED_ITEM('',(#11078),#11069);

#11081=CARTESIAN_POINT('',(7.81445,-6.30000,17.95287));
#11083=CARTESIAN_POINT('',(7.81445,-6.30000,16.95287));
#11085=CARTESIAN_POINT('',(8.81445,-6.30000,16.95287));
#11080=(
BOUNDED_SURFACE()
B_SPLINE_SURFACE(2,1,((#11081,#7464),(#11083,#7463),(#11085,#7459)),.UNSPECIFIED.,.F.,.F.,.F.)
B_SPLINE_SURFACE_WITH_KNOTS((3,3),(2,2),(0.000,1.000),(0.000,1.000),.UNSPECIFIED.)
GEOMETRIC_REPRESENTATION_ITEM()
RATIONAL_B_SPLINE_SURFACE(((1.0000000000,1.0000000000),(0.7071067812,0.7071067812),(1.0000000000,1.0000000000)))
REPRESENTATION_ITEM('')
SURFACE()
);

#11096=ORIENTED_EDGE('',*,*,#1020,.F.);
#11097=(
BOUNDED_CURVE()
B_SPLINE_CURVE(1,(#1009,#7464),.UNSPECIFIED.,.F.,.F.)
B_SPLINE_CURVE_WITH_KNOTS((2,2),(0.000,1.000),.UNSPECIFIED.)
CURVE()
GEOMETRIC_REPRESENTATION_ITEM()
RATIONAL_B_SPLINE_CURVE((1.0000000000,1.0000000000))
REPRESENTATION_ITEM('')
);

#11102=EDGE_CURVE('',#1011,#7466,#11097,.T.);
#11103=ORIENTED_EDGE('',*,*,#11102,.T.);
#11111=ORIENTED_EDGE('',*,*,#7467,.F.);
#11112=(
BOUNDED_CURVE()
B_SPLINE_CURVE(1,(#7459,#1017),.UNSPECIFIED.,.F.,.F.)
B_SPLINE_CURVE_WITH_KNOTS((2,2),(0.000,1.000),.UNSPECIFIED.)
CURVE()
GEOMETRIC_REPRESENTATION_ITEM()
RATIONAL_B_SPLINE_CURVE((1.0000000000,1.0000000000))
REPRESENTATION_ITEM('')
);

#11115=EDGE_CURVE('',#7460,#1019,#11112,.T.);
#11116=ORIENTED_EDGE('',*,*,#11115,.T.);
#11117=EDGE_LOOP('',(#11096,#11103,#11111,#11116));
#11118=FACE_OUTER_BOUND('',#11117,.T.);
#11119=ADVANCED_FACE('',(#11118),#11080,.T.);
#11120=COLOUR_RGB('',0.39,0.39,0.39);
#11121=FILL_AREA_STYLE_COLOUR('',#11120);
#11122=FILL_AREA_STYLE('',(#11121));
#11123=SURFACE_STYLE_FILL_AREA(#11122);
#11124=SURFACE_STYLE_TRANSPARENT(0.00);
#11125=SURFACE_STYLE_RENDERING_WITH_PROPERTIES(.NORMAL_SHADING.,#11120,(#11124));
#11126=SURFACE_SIDE_STYLE('',(#11123, #11125));
#11127=SURFACE_STYLE_USAGE(.BOTH.,#11126);
#11128=PRESENTATION_STYLE_ASSIGNMENT((#11127));
#11129=STYLED_ITEM('',(#11128),#11119);

#11131=CARTESIAN_POINT('',(8.81445,-6.30000,18.95287));
#11133=CARTESIAN_POINT('',(7.81445,-6.30000,18.95287));
#11130=(
BOUNDED_SURFACE()
B_SPLINE_SURFACE(2,1,((#11131,#7472),(#11133,#7471),(#11081,#7464)),.UNSPECIFIED.,.F.,.F.,.F.)
B_SPLINE_SURFACE_WITH_KNOTS((3,3),(2,2),(0.000,1.000),(0.000,1.000),.UNSPECIFIED.)
GEOMETRIC_REPRESENTATION_ITEM()
RATIONAL_B_SPLINE_SURFACE(((1.0000000000,1.0000000000),(0.7071067812,0.7071067812),(1.0000000000,1.0000000000)))
REPRESENTATION_ITEM('')
SURFACE()
);

#11146=ORIENTED_EDGE('',*,*,#1012,.F.);
#11147=(
BOUNDED_CURVE()
B_SPLINE_CURVE(1,(#1004,#7472),.UNSPECIFIED.,.F.,.F.)
B_SPLINE_CURVE_WITH_KNOTS((2,2),(0.000,1.000),.UNSPECIFIED.)
CURVE()
GEOMETRIC_REPRESENTATION_ITEM()
RATIONAL_B_SPLINE_CURVE((1.0000000000,1.0000000000))
REPRESENTATION_ITEM('')
);

#11152=EDGE_CURVE('',#1005,#7474,#11147,.T.);
#11153=ORIENTED_EDGE('',*,*,#11152,.T.);
#11161=ORIENTED_EDGE('',*,*,#7475,.F.);
#11166=ORIENTED_EDGE('',*,*,#11102,.F.);
#11167=EDGE_LOOP('',(#11146,#11153,#11161,#11166));
#11168=FACE_OUTER_BOUND('',#11167,.T.);
#11169=ADVANCED_FACE('',(#11168),#11130,.T.);
#11170=COLOUR_RGB('',0.39,0.39,0.39);
#11171=FILL_AREA_STYLE_COLOUR('',#11170);
#11172=FILL_AREA_STYLE('',(#11171));
#11173=SURFACE_STYLE_FILL_AREA(#11172);
#11174=SURFACE_STYLE_TRANSPARENT(0.00);
#11175=SURFACE_STYLE_RENDERING_WITH_PROPERTIES(.NORMAL_SHADING.,#11170,(#11174));
#11176=SURFACE_SIDE_STYLE('',(#11173, #11175));
#11177=SURFACE_STYLE_USAGE(.BOTH.,#11176);
#11178=PRESENTATION_STYLE_ASSIGNMENT((#11177));
#11179=STYLED_ITEM('',(#11178),#11169);

#11181=CARTESIAN_POINT('',(9.81445,-6.30000,17.95287));
#11183=CARTESIAN_POINT('',(9.81445,-6.30000,18.95287));
#11180=(
BOUNDED_SURFACE()
B_SPLINE_SURFACE(2,1,((#11181,#7480),(#11183,#7479),(#11131,#7472)),.UNSPECIFIED.,.F.,.F.,.F.)
B_SPLINE_SURFACE_WITH_KNOTS((3,3),(2,2),(0.000,1.000),(0.000,1.000),.UNSPECIFIED.)
GEOMETRIC_REPRESENTATION_ITEM()
RATIONAL_B_SPLINE_SURFACE(((1.0000000000,1.0000000000),(0.7071067812,0.7071067812),(1.0000000000,1.0000000000)))
REPRESENTATION_ITEM('')
SURFACE()
);

#11196=ORIENTED_EDGE('',*,*,#1034,.F.);
#11197=(
BOUNDED_CURVE()
B_SPLINE_CURVE(1,(#1025,#7480),.UNSPECIFIED.,.F.,.F.)
B_SPLINE_CURVE_WITH_KNOTS((2,2),(0.000,1.000),.UNSPECIFIED.)
CURVE()
GEOMETRIC_REPRESENTATION_ITEM()
RATIONAL_B_SPLINE_CURVE((1.0000000000,1.0000000000))
REPRESENTATION_ITEM('')
);

#11202=EDGE_CURVE('',#1027,#7482,#11197,.T.);
#11203=ORIENTED_EDGE('',*,*,#11202,.T.);
#11211=ORIENTED_EDGE('',*,*,#7483,.F.);
#11216=ORIENTED_EDGE('',*,*,#11152,.F.);
#11217=EDGE_LOOP('',(#11196,#11203,#11211,#11216));
#11218=FACE_OUTER_BOUND('',#11217,.T.);
#11219=ADVANCED_FACE('',(#11218),#11180,.T.);
#11220=COLOUR_RGB('',0.39,0.39,0.39);
#11221=FILL_AREA_STYLE_COLOUR('',#11220);
#11222=FILL_AREA_STYLE('',(#11221));
#11223=SURFACE_STYLE_FILL_AREA(#11222);
#11224=SURFACE_STYLE_TRANSPARENT(0.00);
#11225=SURFACE_STYLE_RENDERING_WITH_PROPERTIES(.NORMAL_SHADING.,#11220,(#11224));
#11226=SURFACE_SIDE_STYLE('',(#11223, #11225));
#11227=SURFACE_STYLE_USAGE(.BOTH.,#11226);
#11228=PRESENTATION_STYLE_ASSIGNMENT((#11227));
#11229=STYLED_ITEM('',(#11228),#11219);

#11233=CARTESIAN_POINT('',(9.81445,-6.30000,16.95287));
#11230=(
BOUNDED_SURFACE()
B_SPLINE_SURFACE(2,1,((#11085,#7459),(#11233,#7487),(#11181,#7480)),.UNSPECIFIED.,.F.,.F.,.F.)
B_SPLINE_SURFACE_WITH_KNOTS((3,3),(2,2),(0.000,1.000),(0.000,1.000),.UNSPECIFIED.)
GEOMETRIC_REPRESENTATION_ITEM()
RATIONAL_B_SPLINE_SURFACE(((1.0000000000,1.0000000000),(0.7071067812,0.7071067812),(1.0000000000,1.0000000000)))
REPRESENTATION_ITEM('')
SURFACE()
);

#11246=ORIENTED_EDGE('',*,*,#1028,.F.);
#11253=ORIENTED_EDGE('',*,*,#11115,.F.);
#11261=ORIENTED_EDGE('',*,*,#7489,.F.);
#11266=ORIENTED_EDGE('',*,*,#11202,.F.);
#11267=EDGE_LOOP('',(#11246,#11253,#11261,#11266));
#11268=FACE_OUTER_BOUND('',#11267,.T.);
#11269=ADVANCED_FACE('',(#11268),#11230,.T.);
#11270=COLOUR_RGB('',0.39,0.39,0.39);
#11271=FILL_AREA_STYLE_COLOUR('',#11270);
#11272=FILL_AREA_STYLE('',(#11271));
#11273=SURFACE_STYLE_FILL_AREA(#11272);
#11274=SURFACE_STYLE_TRANSPARENT(0.00);
#11275=SURFACE_STYLE_RENDERING_WITH_PROPERTIES(.NORMAL_SHADING.,#11270,(#11274));
#11276=SURFACE_SIDE_STYLE('',(#11273, #11275));
#11277=SURFACE_STYLE_USAGE(.BOTH.,#11276);
#11278=PRESENTATION_STYLE_ASSIGNMENT((#11277));
#11279=STYLED_ITEM('',(#11278),#11269);

#11281=CARTESIAN_POINT('',(2.86756,-6.30000,19.62249));
#11283=CARTESIAN_POINT('',(2.86756,-6.30000,18.62249));
#11285=CARTESIAN_POINT('',(3.86756,-6.30000,18.62249));
#11280=(
BOUNDED_SURFACE()
B_SPLINE_SURFACE(2,1,((#11281,#7498),(#11283,#7497),(#11285,#7493)),.UNSPECIFIED.,.F.,.F.,.F.)
B_SPLINE_SURFACE_WITH_KNOTS((3,3),(2,2),(0.000,1.000),(0.000,1.000),.UNSPECIFIED.)
GEOMETRIC_REPRESENTATION_ITEM()
RATIONAL_B_SPLINE_SURFACE(((1.0000000000,1.0000000000),(0.7071067812,0.7071067812),(1.0000000000,1.0000000000)))
REPRESENTATION_ITEM('')
SURFACE()
);

#11296=ORIENTED_EDGE('',*,*,#1054,.F.);
#11297=(
BOUNDED_CURVE()
B_SPLINE_CURVE(1,(#1043,#7498),.UNSPECIFIED.,.F.,.F.)
B_SPLINE_CURVE_WITH_KNOTS((2,2),(0.000,1.000),.UNSPECIFIED.)
CURVE()
GEOMETRIC_REPRESENTATION_ITEM()
RATIONAL_B_SPLINE_CURVE((1.0000000000,1.0000000000))
REPRESENTATION_ITEM('')
);

#11302=EDGE_CURVE('',#1045,#7500,#11297,.T.);
#11303=ORIENTED_EDGE('',*,*,#11302,.T.);
#11311=ORIENTED_EDGE('',*,*,#7501,.F.);
#11312=(
BOUNDED_CURVE()
B_SPLINE_CURVE(1,(#7493,#1051),.UNSPECIFIED.,.F.,.F.)
B_SPLINE_CURVE_WITH_KNOTS((2,2),(0.000,1.000),.UNSPECIFIED.)
CURVE()
GEOMETRIC_REPRESENTATION_ITEM()
RATIONAL_B_SPLINE_CURVE((1.0000000000,1.0000000000))
REPRESENTATION_ITEM('')
);

#11315=EDGE_CURVE('',#7494,#1053,#11312,.T.);
#11316=ORIENTED_EDGE('',*,*,#11315,.T.);
#11317=EDGE_LOOP('',(#11296,#11303,#11311,#11316));
#11318=FACE_OUTER_BOUND('',#11317,.T.);
#11319=ADVANCED_FACE('',(#11318),#11280,.T.);
#11320=COLOUR_RGB('',0.39,0.39,0.39);
#11321=FILL_AREA_STYLE_COLOUR('',#11320);
#11322=FILL_AREA_STYLE('',(#11321));
#11323=SURFACE_STYLE_FILL_AREA(#11322);
#11324=SURFACE_STYLE_TRANSPARENT(0.00);
#11325=SURFACE_STYLE_RENDERING_WITH_PROPERTIES(.NORMAL_SHADING.,#11320,(#11324));
#11326=SURFACE_SIDE_STYLE('',(#11323, #11325));
#11327=SURFACE_STYLE_USAGE(.BOTH.,#11326);
#11328=PRESENTATION_STYLE_ASSIGNMENT((#11327));
#11329=STYLED_ITEM('',(#11328),#11319);

#11331=CARTESIAN_POINT('',(3.86756,-6.30000,20.62249));
#11333=CARTESIAN_POINT('',(2.86756,-6.30000,20.62249));
#11330=(
BOUNDED_SURFACE()
B_SPLINE_SURFACE(2,1,((#11331,#7506),(#11333,#7505),(#11281,#7498)),.UNSPECIFIED.,.F.,.F.,.F.)
B_SPLINE_SURFACE_WITH_KNOTS((3,3),(2,2),(0.000,1.000),(0.000,1.000),.UNSPECIFIED.)
GEOMETRIC_REPRESENTATION_ITEM()
RATIONAL_B_SPLINE_SURFACE(((1.0000000000,1.0000000000),(0.7071067812,0.7071067812),(1.0000000000,1.0000000000)))
REPRESENTATION_ITEM('')
SURFACE()
);

#11346=ORIENTED_EDGE('',*,*,#1046,.F.);
#11347=(
BOUNDED_CURVE()
B_SPLINE_CURVE(1,(#1038,#7506),.UNSPECIFIED.,.F.,.F.)
B_SPLINE_CURVE_WITH_KNOTS((2,2),(0.000,1.000),.UNSPECIFIED.)
CURVE()
GEOMETRIC_REPRESENTATION_ITEM()
RATIONAL_B_SPLINE_CURVE((1.0000000000,1.0000000000))
REPRESENTATION_ITEM('')
);

#11352=EDGE_CURVE('',#1039,#7508,#11347,.T.);
#11353=ORIENTED_EDGE('',*,*,#11352,.T.);
#11361=ORIENTED_EDGE('',*,*,#7509,.F.);
#11366=ORIENTED_EDGE('',*,*,#11302,.F.);
#11367=EDGE_LOOP('',(#11346,#11353,#11361,#11366));
#11368=FACE_OUTER_BOUND('',#11367,.T.);
#11369=ADVANCED_FACE('',(#11368),#11330,.T.);
#11370=COLOUR_RGB('',0.39,0.39,0.39);
#11371=FILL_AREA_STYLE_COLOUR('',#11370);
#11372=FILL_AREA_STYLE('',(#11371));
#11373=SURFACE_STYLE_FILL_AREA(#11372);
#11374=SURFACE_STYLE_TRANSPARENT(0.00);
#11375=SURFACE_STYLE_RENDERING_WITH_PROPERTIES(.NORMAL_SHADING.,#11370,(#11374));
#11376=SURFACE_SIDE_STYLE('',(#11373, #11375));
#11377=SURFACE_STYLE_USAGE(.BOTH.,#11376);
#11378=PRESENTATION_STYLE_ASSIGNMENT((#11377));
#11379=STYLED_ITEM('',(#11378),#11369);

#11381=CARTESIAN_POINT('',(4.86756,-6.30000,19.62249));
#11383=CARTESIAN_POINT('',(4.86756,-6.30000,20.62249));
#11380=(
BOUNDED_SURFACE()
B_SPLINE_SURFACE(2,1,((#11381,#7514),(#11383,#7513),(#11331,#7506)),.UNSPECIFIED.,.F.,.F.,.F.)
B_SPLINE_SURFACE_WITH_KNOTS((3,3),(2,2),(0.000,1.000),(0.000,1.000),.UNSPECIFIED.)
GEOMETRIC_REPRESENTATION_ITEM()
RATIONAL_B_SPLINE_SURFACE(((1.0000000000,1.0000000000),(0.7071067812,0.7071067812),(1.0000000000,1.0000000000)))
REPRESENTATION_ITEM('')
SURFACE()
);

#11396=ORIENTED_EDGE('',*,*,#1068,.F.);
#11397=(
BOUNDED_CURVE()
B_SPLINE_CURVE(1,(#1059,#7514),.UNSPECIFIED.,.F.,.F.)
B_SPLINE_CURVE_WITH_KNOTS((2,2),(0.000,1.000),.UNSPECIFIED.)
CURVE()
GEOMETRIC_REPRESENTATION_ITEM()
RATIONAL_B_SPLINE_CURVE((1.0000000000,1.0000000000))
REPRESENTATION_ITEM('')
);

#11402=EDGE_CURVE('',#1061,#7516,#11397,.T.);
#11403=ORIENTED_EDGE('',*,*,#11402,.T.);
#11411=ORIENTED_EDGE('',*,*,#7517,.F.);
#11416=ORIENTED_EDGE('',*,*,#11352,.F.);
#11417=EDGE_LOOP('',(#11396,#11403,#11411,#11416));
#11418=FACE_OUTER_BOUND('',#11417,.T.);
#11419=ADVANCED_FACE('',(#11418),#11380,.T.);
#11420=COLOUR_RGB('',0.39,0.39,0.39);
#11421=FILL_AREA_STYLE_COLOUR('',#11420);
#11422=FILL_AREA_STYLE('',(#11421));
#11423=SURFACE_STYLE_FILL_AREA(#11422);
#11424=SURFACE_STYLE_TRANSPARENT(0.00);
#11425=SURFACE_STYLE_RENDERING_WITH_PROPERTIES(.NORMAL_SHADING.,#11420,(#11424));
#11426=SURFACE_SIDE_STYLE('',(#11423, #11425));
#11427=SURFACE_STYLE_USAGE(.BOTH.,#11426);
#11428=PRESENTATION_STYLE_ASSIGNMENT((#11427));
#11429=STYLED_ITEM('',(#11428),#11419);

#11433=CARTESIAN_POINT('',(4.86756,-6.30000,18.62249));
#11430=(
BOUNDED_SURFACE()
B_SPLINE_SURFACE(2,1,((#11285,#7493),(#11433,#7521),(#11381,#7514)),.UNSPECIFIED.,.F.,.F.,.F.)
B_SPLINE_SURFACE_WITH_KNOTS((3,3),(2,2),(0.000,1.000),(0.000,1.000),.UNSPECIFIED.)
GEOMETRIC_REPRESENTATION_ITEM()
RATIONAL_B_SPLINE_SURFACE(((1.0000000000,1.0000000000),(0.7071067812,0.7071067812),(1.0000000000,1.0000000000)))
REPRESENTATION_ITEM('')
SURFACE()
);

#11446=ORIENTED_EDGE('',*,*,#1062,.F.);
#11453=ORIENTED_EDGE('',*,*,#11315,.F.);
#11461=ORIENTED_EDGE('',*,*,#7523,.F.);
#11466=ORIENTED_EDGE('',*,*,#11402,.F.);
#11467=EDGE_LOOP('',(#11446,#11453,#11461,#11466));
#11468=FACE_OUTER_BOUND('',#11467,.T.);
#11469=ADVANCED_FACE('',(#11468),#11430,.T.);
#11470=COLOUR_RGB('',0.39,0.39,0.39);
#11471=FILL_AREA_STYLE_COLOUR('',#11470);
#11472=FILL_AREA_STYLE('',(#11471));
#11473=SURFACE_STYLE_FILL_AREA(#11472);
#11474=SURFACE_STYLE_TRANSPARENT(0.00);
#11475=SURFACE_STYLE_RENDERING_WITH_PROPERTIES(.NORMAL_SHADING.,#11470,(#11474));
#11476=SURFACE_SIDE_STYLE('',(#11473, #11475));
#11477=SURFACE_STYLE_USAGE(.BOTH.,#11476);
#11478=PRESENTATION_STYLE_ASSIGNMENT((#11477));
#11479=STYLED_ITEM('',(#11478),#11469);

#11481=CARTESIAN_POINT('',(-2.34289,-6.30000,19.95487));
#11483=CARTESIAN_POINT('',(-2.34289,-6.30000,18.95487));
#11485=CARTESIAN_POINT('',(-1.34289,-6.30000,18.95487));
#11480=(
BOUNDED_SURFACE()
B_SPLINE_SURFACE(2,1,((#11481,#7532),(#11483,#7531),(#11485,#7527)),.UNSPECIFIED.,.F.,.F.,.F.)
B_SPLINE_SURFACE_WITH_KNOTS((3,3),(2,2),(0.000,1.000),(0.000,1.000),.UNSPECIFIED.)
GEOMETRIC_REPRESENTATION_ITEM()
RATIONAL_B_SPLINE_SURFACE(((1.0000000000,1.0000000000),(0.7071067812,0.7071067812),(1.0000000000,1.0000000000)))
REPRESENTATION_ITEM('')
SURFACE()
);

#11496=ORIENTED_EDGE('',*,*,#1088,.F.);
#11497=(
BOUNDED_CURVE()
B_SPLINE_CURVE(1,(#1077,#7532),.UNSPECIFIED.,.F.,.F.)
B_SPLINE_CURVE_WITH_KNOTS((2,2),(0.000,1.000),.UNSPECIFIED.)
CURVE()
GEOMETRIC_REPRESENTATION_ITEM()
RATIONAL_B_SPLINE_CURVE((1.0000000000,1.0000000000))
REPRESENTATION_ITEM('')
);

#11502=EDGE_CURVE('',#1079,#7534,#11497,.T.);
#11503=ORIENTED_EDGE('',*,*,#11502,.T.);
#11511=ORIENTED_EDGE('',*,*,#7535,.F.);
#11512=(
BOUNDED_CURVE()
B_SPLINE_CURVE(1,(#7527,#1085),.UNSPECIFIED.,.F.,.F.)
B_SPLINE_CURVE_WITH_KNOTS((2,2),(0.000,1.000),.UNSPECIFIED.)
CURVE()
GEOMETRIC_REPRESENTATION_ITEM()
RATIONAL_B_SPLINE_CURVE((1.0000000000,1.0000000000))
REPRESENTATION_ITEM('')
);

#11515=EDGE_CURVE('',#7528,#1087,#11512,.T.);
#11516=ORIENTED_EDGE('',*,*,#11515,.T.);
#11517=EDGE_LOOP('',(#11496,#11503,#11511,#11516));
#11518=FACE_OUTER_BOUND('',#11517,.T.);
#11519=ADVANCED_FACE('',(#11518),#11480,.T.);
#11520=COLOUR_RGB('',0.39,0.39,0.39);
#11521=FILL_AREA_STYLE_COLOUR('',#11520);
#11522=FILL_AREA_STYLE('',(#11521));
#11523=SURFACE_STYLE_FILL_AREA(#11522);
#11524=SURFACE_STYLE_TRANSPARENT(0.00);
#11525=SURFACE_STYLE_RENDERING_WITH_PROPERTIES(.NORMAL_SHADING.,#11520,(#11524));
#11526=SURFACE_SIDE_STYLE('',(#11523, #11525));
#11527=SURFACE_STYLE_USAGE(.BOTH.,#11526);
#11528=PRESENTATION_STYLE_ASSIGNMENT((#11527));
#11529=STYLED_ITEM('',(#11528),#11519);

#11531=CARTESIAN_POINT('',(-1.34289,-6.30000,20.95487));
#11533=CARTESIAN_POINT('',(-2.34289,-6.30000,20.95487));
#11530=(
BOUNDED_SURFACE()
B_SPLINE_SURFACE(2,1,((#11531,#7540),(#11533,#7539),(#11481,#7532)),.UNSPECIFIED.,.F.,.F.,.F.)
B_SPLINE_SURFACE_WITH_KNOTS((3,3),(2,2),(0.000,1.000),(0.000,1.000),.UNSPECIFIED.)
GEOMETRIC_REPRESENTATION_ITEM()
RATIONAL_B_SPLINE_SURFACE(((1.0000000000,1.0000000000),(0.7071067812,0.7071067812),(1.0000000000,1.0000000000)))
REPRESENTATION_ITEM('')
SURFACE()
);

#11546=ORIENTED_EDGE('',*,*,#1080,.F.);
#11547=(
BOUNDED_CURVE()
B_SPLINE_CURVE(1,(#1072,#7540),.UNSPECIFIED.,.F.,.F.)
B_SPLINE_CURVE_WITH_KNOTS((2,2),(0.000,1.000),.UNSPECIFIED.)
CURVE()
GEOMETRIC_REPRESENTATION_ITEM()
RATIONAL_B_SPLINE_CURVE((1.0000000000,1.0000000000))
REPRESENTATION_ITEM('')
);

#11552=EDGE_CURVE('',#1073,#7542,#11547,.T.);
#11553=ORIENTED_EDGE('',*,*,#11552,.T.);
#11561=ORIENTED_EDGE('',*,*,#7543,.F.);
#11566=ORIENTED_EDGE('',*,*,#11502,.F.);
#11567=EDGE_LOOP('',(#11546,#11553,#11561,#11566));
#11568=FACE_OUTER_BOUND('',#11567,.T.);
#11569=ADVANCED_FACE('',(#11568),#11530,.T.);
#11570=COLOUR_RGB('',0.39,0.39,0.39);
#11571=FILL_AREA_STYLE_COLOUR('',#11570);
#11572=FILL_AREA_STYLE('',(#11571));
#11573=SURFACE_STYLE_FILL_AREA(#11572);
#11574=SURFACE_STYLE_TRANSPARENT(0.00);
#11575=SURFACE_STYLE_RENDERING_WITH_PROPERTIES(.NORMAL_SHADING.,#11570,(#11574));
#11576=SURFACE_SIDE_STYLE('',(#11573, #11575));
#11577=SURFACE_STYLE_USAGE(.BOTH.,#11576);
#11578=PRESENTATION_STYLE_ASSIGNMENT((#11577));
#11579=STYLED_ITEM('',(#11578),#11569);

#11581=CARTESIAN_POINT('',(-0.34289,-6.30000,19.95487));
#11583=CARTESIAN_POINT('',(-0.34289,-6.30000,20.95487));
#11580=(
BOUNDED_SURFACE()
B_SPLINE_SURFACE(2,1,((#11581,#7548),(#11583,#7547),(#11531,#7540)),.UNSPECIFIED.,.F.,.F.,.F.)
B_SPLINE_SURFACE_WITH_KNOTS((3,3),(2,2),(0.000,1.000),(0.000,1.000),.UNSPECIFIED.)
GEOMETRIC_REPRESENTATION_ITEM()
RATIONAL_B_SPLINE_SURFACE(((1.0000000000,1.0000000000),(0.7071067812,0.7071067812),(1.0000000000,1.0000000000)))
REPRESENTATION_ITEM('')
SURFACE()
);

#11596=ORIENTED_EDGE('',*,*,#1102,.F.);
#11597=(
BOUNDED_CURVE()
B_SPLINE_CURVE(1,(#1093,#7548),.UNSPECIFIED.,.F.,.F.)
B_SPLINE_CURVE_WITH_KNOTS((2,2),(0.000,1.000),.UNSPECIFIED.)
CURVE()
GEOMETRIC_REPRESENTATION_ITEM()
RATIONAL_B_SPLINE_CURVE((1.0000000000,1.0000000000))
REPRESENTATION_ITEM('')
);

#11602=EDGE_CURVE('',#1095,#7550,#11597,.T.);
#11603=ORIENTED_EDGE('',*,*,#11602,.T.);
#11611=ORIENTED_EDGE('',*,*,#7551,.F.);
#11616=ORIENTED_EDGE('',*,*,#11552,.F.);
#11617=EDGE_LOOP('',(#11596,#11603,#11611,#11616));
#11618=FACE_OUTER_BOUND('',#11617,.T.);
#11619=ADVANCED_FACE('',(#11618),#11580,.T.);
#11620=COLOUR_RGB('',0.39,0.39,0.39);
#11621=FILL_AREA_STYLE_COLOUR('',#11620);
#11622=FILL_AREA_STYLE('',(#11621));
#11623=SURFACE_STYLE_FILL_AREA(#11622);
#11624=SURFACE_STYLE_TRANSPARENT(0.00);
#11625=SURFACE_STYLE_RENDERING_WITH_PROPERTIES(.NORMAL_SHADING.,#11620,(#11624));
#11626=SURFACE_SIDE_STYLE('',(#11623, #11625));
#11627=SURFACE_STYLE_USAGE(.BOTH.,#11626);
#11628=PRESENTATION_STYLE_ASSIGNMENT((#11627));
#11629=STYLED_ITEM('',(#11628),#11619);

#11633=CARTESIAN_POINT('',(-0.34289,-6.30000,18.95487));
#11630=(
BOUNDED_SURFACE()
B_SPLINE_SURFACE(2,1,((#11485,#7527),(#11633,#7555),(#11581,#7548)),.UNSPECIFIED.,.F.,.F.,.F.)
B_SPLINE_SURFACE_WITH_KNOTS((3,3),(2,2),(0.000,1.000),(0.000,1.000),.UNSPECIFIED.)
GEOMETRIC_REPRESENTATION_ITEM()
RATIONAL_B_SPLINE_SURFACE(((1.0000000000,1.0000000000),(0.7071067812,0.7071067812),(1.0000000000,1.0000000000)))
REPRESENTATION_ITEM('')
SURFACE()
);

#11646=ORIENTED_EDGE('',*,*,#1096,.F.);
#11653=ORIENTED_EDGE('',*,*,#11515,.F.);
#11661=ORIENTED_EDGE('',*,*,#7557,.F.);
#11666=ORIENTED_EDGE('',*,*,#11602,.F.);
#11667=EDGE_LOOP('',(#11646,#11653,#11661,#11666));
#11668=FACE_OUTER_BOUND('',#11667,.T.);
#11669=ADVANCED_FACE('',(#11668),#11630,.T.);
#11670=COLOUR_RGB('',0.39,0.39,0.39);
#11671=FILL_AREA_STYLE_COLOUR('',#11670);
#11672=FILL_AREA_STYLE('',(#11671));
#11673=SURFACE_STYLE_FILL_AREA(#11672);
#11674=SURFACE_STYLE_TRANSPARENT(0.00);
#11675=SURFACE_STYLE_RENDERING_WITH_PROPERTIES(.NORMAL_SHADING.,#11670,(#11674));
#11676=SURFACE_SIDE_STYLE('',(#11673, #11675));
#11677=SURFACE_STYLE_USAGE(.BOTH.,#11676);
#11678=PRESENTATION_STYLE_ASSIGNMENT((#11677));
#11679=STYLED_ITEM('',(#11678),#11669);

#11681=CARTESIAN_POINT('',(-7.46183,-6.30000,18.92735));
#11683=CARTESIAN_POINT('',(-7.46183,-6.30000,17.92735));
#11685=CARTESIAN_POINT('',(-6.46183,-6.30000,17.92735));
#11680=(
BOUNDED_SURFACE()
B_SPLINE_SURFACE(2,1,((#11681,#7566),(#11683,#7565),(#11685,#7561)),.UNSPECIFIED.,.F.,.F.,.F.)
B_SPLINE_SURFACE_WITH_KNOTS((3,3),(2,2),(0.000,1.000),(0.000,1.000),.UNSPECIFIED.)
GEOMETRIC_REPRESENTATION_ITEM()
RATIONAL_B_SPLINE_SURFACE(((1.0000000000,1.0000000000),(0.7071067812,0.7071067812),(1.0000000000,1.0000000000)))
REPRESENTATION_ITEM('')
SURFACE()
);

#11696=ORIENTED_EDGE('',*,*,#1122,.F.);
#11697=(
BOUNDED_CURVE()
B_SPLINE_CURVE(1,(#1111,#7566),.UNSPECIFIED.,.F.,.F.)
B_SPLINE_CURVE_WITH_KNOTS((2,2),(0.000,1.000),.UNSPECIFIED.)
CURVE()
GEOMETRIC_REPRESENTATION_ITEM()
RATIONAL_B_SPLINE_CURVE((1.0000000000,1.0000000000))
REPRESENTATION_ITEM('')
);

#11702=EDGE_CURVE('',#1113,#7568,#11697,.T.);
#11703=ORIENTED_EDGE('',*,*,#11702,.T.);
#11711=ORIENTED_EDGE('',*,*,#7569,.F.);
#11712=(
BOUNDED_CURVE()
B_SPLINE_CURVE(1,(#7561,#1119),.UNSPECIFIED.,.F.,.F.)
B_SPLINE_CURVE_WITH_KNOTS((2,2),(0.000,1.000),.UNSPECIFIED.)
CURVE()
GEOMETRIC_REPRESENTATION_ITEM()
RATIONAL_B_SPLINE_CURVE((1.0000000000,1.0000000000))
REPRESENTATION_ITEM('')
);

#11715=EDGE_CURVE('',#7562,#1121,#11712,.T.);
#11716=ORIENTED_EDGE('',*,*,#11715,.T.);
#11717=EDGE_LOOP('',(#11696,#11703,#11711,#11716));
#11718=FACE_OUTER_BOUND('',#11717,.T.);
#11719=ADVANCED_FACE('',(#11718),#11680,.T.);
#11720=COLOUR_RGB('',0.39,0.39,0.39);
#11721=FILL_AREA_STYLE_COLOUR('',#11720);
#11722=FILL_AREA_STYLE('',(#11721));
#11723=SURFACE_STYLE_FILL_AREA(#11722);
#11724=SURFACE_STYLE_TRANSPARENT(0.00);
#11725=SURFACE_STYLE_RENDERING_WITH_PROPERTIES(.NORMAL_SHADING.,#11720,(#11724));
#11726=SURFACE_SIDE_STYLE('',(#11723, #11725));
#11727=SURFACE_STYLE_USAGE(.BOTH.,#11726);
#11728=PRESENTATION_STYLE_ASSIGNMENT((#11727));
#11729=STYLED_ITEM('',(#11728),#11719);

#11731=CARTESIAN_POINT('',(-6.46183,-6.30000,19.92735));
#11733=CARTESIAN_POINT('',(-7.46183,-6.30000,19.92735));
#11730=(
BOUNDED_SURFACE()
B_SPLINE_SURFACE(2,1,((#11731,#7574),(#11733,#7573),(#11681,#7566)),.UNSPECIFIED.,.F.,.F.,.F.)
B_SPLINE_SURFACE_WITH_KNOTS((3,3),(2,2),(0.000,1.000),(0.000,1.000),.UNSPECIFIED.)
GEOMETRIC_REPRESENTATION_ITEM()
RATIONAL_B_SPLINE_SURFACE(((1.0000000000,1.0000000000),(0.7071067812,0.7071067812),(1.0000000000,1.0000000000)))
REPRESENTATION_ITEM('')
SURFACE()
);

#11746=ORIENTED_EDGE('',*,*,#1114,.F.);
#11747=(
BOUNDED_CURVE()
B_SPLINE_CURVE(1,(#1106,#7574),.UNSPECIFIED.,.F.,.F.)
B_SPLINE_CURVE_WITH_KNOTS((2,2),(0.000,1.000),.UNSPECIFIED.)
CURVE()
GEOMETRIC_REPRESENTATION_ITEM()
RATIONAL_B_SPLINE_CURVE((1.0000000000,1.0000000000))
REPRESENTATION_ITEM('')
);

#11752=EDGE_CURVE('',#1107,#7576,#11747,.T.);
#11753=ORIENTED_EDGE('',*,*,#11752,.T.);
#11761=ORIENTED_EDGE('',*,*,#7577,.F.);
#11766=ORIENTED_EDGE('',*,*,#11702,.F.);
#11767=EDGE_LOOP('',(#11746,#11753,#11761,#11766));
#11768=FACE_OUTER_BOUND('',#11767,.T.);
#11769=ADVANCED_FACE('',(#11768),#11730,.T.);
#11770=COLOUR_RGB('',0.39,0.39,0.39);
#11771=FILL_AREA_STYLE_COLOUR('',#11770);
#11772=FILL_AREA_STYLE('',(#11771));
#11773=SURFACE_STYLE_FILL_AREA(#11772);
#11774=SURFACE_STYLE_TRANSPARENT(0.00);
#11775=SURFACE_STYLE_RENDERING_WITH_PROPERTIES(.NORMAL_SHADING.,#11770,(#11774));
#11776=SURFACE_SIDE_STYLE('',(#11773, #11775));
#11777=SURFACE_STYLE_USAGE(.BOTH.,#11776);
#11778=PRESENTATION_STYLE_ASSIGNMENT((#11777));
#11779=STYLED_ITEM('',(#11778),#11769);

#11781=CARTESIAN_POINT('',(-5.46183,-6.30000,18.92735));
#11783=CARTESIAN_POINT('',(-5.46183,-6.30000,19.92735));
#11780=(
BOUNDED_SURFACE()
B_SPLINE_SURFACE(2,1,((#11781,#7582),(#11783,#7581),(#11731,#7574)),.UNSPECIFIED.,.F.,.F.,.F.)
B_SPLINE_SURFACE_WITH_KNOTS((3,3),(2,2),(0.000,1.000),(0.000,1.000),.UNSPECIFIED.)
GEOMETRIC_REPRESENTATION_ITEM()
RATIONAL_B_SPLINE_SURFACE(((1.0000000000,1.0000000000),(0.7071067812,0.7071067812),(1.0000000000,1.0000000000)))
REPRESENTATION_ITEM('')
SURFACE()
);

#11796=ORIENTED_EDGE('',*,*,#1136,.F.);
#11797=(
BOUNDED_CURVE()
B_SPLINE_CURVE(1,(#1127,#7582),.UNSPECIFIED.,.F.,.F.)
B_SPLINE_CURVE_WITH_KNOTS((2,2),(0.000,1.000),.UNSPECIFIED.)
CURVE()
GEOMETRIC_REPRESENTATION_ITEM()
RATIONAL_B_SPLINE_CURVE((1.0000000000,1.0000000000))
REPRESENTATION_ITEM('')
);

#11802=EDGE_CURVE('',#1129,#7584,#11797,.T.);
#11803=ORIENTED_EDGE('',*,*,#11802,.T.);
#11811=ORIENTED_EDGE('',*,*,#7585,.F.);
#11816=ORIENTED_EDGE('',*,*,#11752,.F.);
#11817=EDGE_LOOP('',(#11796,#11803,#11811,#11816));
#11818=FACE_OUTER_BOUND('',#11817,.T.);
#11819=ADVANCED_FACE('',(#11818),#11780,.T.);
#11820=COLOUR_RGB('',0.39,0.39,0.39);
#11821=FILL_AREA_STYLE_COLOUR('',#11820);
#11822=FILL_AREA_STYLE('',(#11821));
#11823=SURFACE_STYLE_FILL_AREA(#11822);
#11824=SURFACE_STYLE_TRANSPARENT(0.00);
#11825=SURFACE_STYLE_RENDERING_WITH_PROPERTIES(.NORMAL_SHADING.,#11820,(#11824));
#11826=SURFACE_SIDE_STYLE('',(#11823, #11825));
#11827=SURFACE_STYLE_USAGE(.BOTH.,#11826);
#11828=PRESENTATION_STYLE_ASSIGNMENT((#11827));
#11829=STYLED_ITEM('',(#11828),#11819);

#11833=CARTESIAN_POINT('',(-5.46183,-6.30000,17.92735));
#11830=(
BOUNDED_SURFACE()
B_SPLINE_SURFACE(2,1,((#11685,#7561),(#11833,#7589),(#11781,#7582)),.UNSPECIFIED.,.F.,.F.,.F.)
B_SPLINE_SURFACE_WITH_KNOTS((3,3),(2,2),(0.000,1.000),(0.000,1.000),.UNSPECIFIED.)
GEOMETRIC_REPRESENTATION_ITEM()
RATIONAL_B_SPLINE_SURFACE(((1.0000000000,1.0000000000),(0.7071067812,0.7071067812),(1.0000000000,1.0000000000)))
REPRESENTATION_ITEM('')
SURFACE()
);

#11846=ORIENTED_EDGE('',*,*,#1130,.F.);
#11853=ORIENTED_EDGE('',*,*,#11715,.F.);
#11861=ORIENTED_EDGE('',*,*,#7591,.F.);
#11866=ORIENTED_EDGE('',*,*,#11802,.F.);
#11867=EDGE_LOOP('',(#11846,#11853,#11861,#11866));
#11868=FACE_OUTER_BOUND('',#11867,.T.);
#11869=ADVANCED_FACE('',(#11868),#11830,.T.);
#11870=COLOUR_RGB('',0.39,0.39,0.39);
#11871=FILL_AREA_STYLE_COLOUR('',#11870);
#11872=FILL_AREA_STYLE('',(#11871));
#11873=SURFACE_STYLE_FILL_AREA(#11872);
#11874=SURFACE_STYLE_TRANSPARENT(0.00);
#11875=SURFACE_STYLE_RENDERING_WITH_PROPERTIES(.NORMAL_SHADING.,#11870,(#11874));
#11876=SURFACE_SIDE_STYLE('',(#11873, #11875));
#11877=SURFACE_STYLE_USAGE(.BOTH.,#11876);
#11878=PRESENTATION_STYLE_ASSIGNMENT((#11877));
#11879=STYLED_ITEM('',(#11878),#11869);

#11881=CARTESIAN_POINT('',(-12.14041,-6.30000,16.60997));
#11883=CARTESIAN_POINT('',(-12.14041,-6.30000,15.60997));
#11885=CARTESIAN_POINT('',(-11.14041,-6.30000,15.60997));
#11880=(
BOUNDED_SURFACE()
B_SPLINE_SURFACE(2,1,((#11881,#7600),(#11883,#7599),(#11885,#7595)),.UNSPECIFIED.,.F.,.F.,.F.)
B_SPLINE_SURFACE_WITH_KNOTS((3,3),(2,2),(0.000,1.000),(0.000,1.000),.UNSPECIFIED.)
GEOMETRIC_REPRESENTATION_ITEM()
RATIONAL_B_SPLINE_SURFACE(((1.0000000000,1.0000000000),(0.7071067812,0.7071067812),(1.0000000000,1.0000000000)))
REPRESENTATION_ITEM('')
SURFACE()
);

#11896=ORIENTED_EDGE('',*,*,#1156,.F.);
#11897=(
BOUNDED_CURVE()
B_SPLINE_CURVE(1,(#1145,#7600),.UNSPECIFIED.,.F.,.F.)
B_SPLINE_CURVE_WITH_KNOTS((2,2),(0.000,1.000),.UNSPECIFIED.)
CURVE()
GEOMETRIC_REPRESENTATION_ITEM()
RATIONAL_B_SPLINE_CURVE((1.0000000000,1.0000000000))
REPRESENTATION_ITEM('')
);

#11902=EDGE_CURVE('',#1147,#7602,#11897,.T.);
#11903=ORIENTED_EDGE('',*,*,#11902,.T.);
#11911=ORIENTED_EDGE('',*,*,#7603,.F.);
#11912=(
BOUNDED_CURVE()
B_SPLINE_CURVE(1,(#7595,#1153),.UNSPECIFIED.,.F.,.F.)
B_SPLINE_CURVE_WITH_KNOTS((2,2),(0.000,1.000),.UNSPECIFIED.)
CURVE()
GEOMETRIC_REPRESENTATION_ITEM()
RATIONAL_B_SPLINE_CURVE((1.0000000000,1.0000000000))
REPRESENTATION_ITEM('')
);

#11915=EDGE_CURVE('',#7596,#1155,#11912,.T.);
#11916=ORIENTED_EDGE('',*,*,#11915,.T.);
#11917=EDGE_LOOP('',(#11896,#11903,#11911,#11916));
#11918=FACE_OUTER_BOUND('',#11917,.T.);
#11919=ADVANCED_FACE('',(#11918),#11880,.T.);
#11920=COLOUR_RGB('',0.39,0.39,0.39);
#11921=FILL_AREA_STYLE_COLOUR('',#11920);
#11922=FILL_AREA_STYLE('',(#11921));
#11923=SURFACE_STYLE_FILL_AREA(#11922);
#11924=SURFACE_STYLE_TRANSPARENT(0.00);
#11925=SURFACE_STYLE_RENDERING_WITH_PROPERTIES(.NORMAL_SHADING.,#11920,(#11924));
#11926=SURFACE_SIDE_STYLE('',(#11923, #11925));
#11927=SURFACE_STYLE_USAGE(.BOTH.,#11926);
#11928=PRESENTATION_STYLE_ASSIGNMENT((#11927));
#11929=STYLED_ITEM('',(#11928),#11919);

#11931=CARTESIAN_POINT('',(-11.14041,-6.30000,17.60997));
#11933=CARTESIAN_POINT('',(-12.14041,-6.30000,17.60997));
#11930=(
BOUNDED_SURFACE()
B_SPLINE_SURFACE(2,1,((#11931,#7608),(#11933,#7607),(#11881,#7600)),.UNSPECIFIED.,.F.,.F.,.F.)
B_SPLINE_SURFACE_WITH_KNOTS((3,3),(2,2),(0.000,1.000),(0.000,1.000),.UNSPECIFIED.)
GEOMETRIC_REPRESENTATION_ITEM()
RATIONAL_B_SPLINE_SURFACE(((1.0000000000,1.0000000000),(0.7071067812,0.7071067812),(1.0000000000,1.0000000000)))
REPRESENTATION_ITEM('')
SURFACE()
);

#11946=ORIENTED_EDGE('',*,*,#1148,.F.);
#11947=(
BOUNDED_CURVE()
B_SPLINE_CURVE(1,(#1140,#7608),.UNSPECIFIED.,.F.,.F.)
B_SPLINE_CURVE_WITH_KNOTS((2,2),(0.000,1.000),.UNSPECIFIED.)
CURVE()
GEOMETRIC_REPRESENTATION_ITEM()
RATIONAL_B_SPLINE_CURVE((1.0000000000,1.0000000000))
REPRESENTATION_ITEM('')
);

#11952=EDGE_CURVE('',#1141,#7610,#11947,.T.);
#11953=ORIENTED_EDGE('',*,*,#11952,.T.);
#11961=ORIENTED_EDGE('',*,*,#7611,.F.);
#11966=ORIENTED_EDGE('',*,*,#11902,.F.);
#11967=EDGE_LOOP('',(#11946,#11953,#11961,#11966));
#11968=FACE_OUTER_BOUND('',#11967,.T.);
#11969=ADVANCED_FACE('',(#11968),#11930,.T.);
#11970=COLOUR_RGB('',0.39,0.39,0.39);
#11971=FILL_AREA_STYLE_COLOUR('',#11970);
#11972=FILL_AREA_STYLE('',(#11971));
#11973=SURFACE_STYLE_FILL_AREA(#11972);
#11974=SURFACE_STYLE_TRANSPARENT(0.00);
#11975=SURFACE_STYLE_RENDERING_WITH_PROPERTIES(.NORMAL_SHADING.,#11970,(#11974));
#11976=SURFACE_SIDE_STYLE('',(#11973, #11975));
#11977=SURFACE_STYLE_USAGE(.BOTH.,#11976);
#11978=PRESENTATION_STYLE_ASSIGNMENT((#11977));
#11979=STYLED_ITEM('',(#11978),#11969);

#11981=CARTESIAN_POINT('',(-10.14041,-6.30000,16.60997));
#11983=CARTESIAN_POINT('',(-10.14041,-6.30000,17.60997));
#11980=(
BOUNDED_SURFACE()
B_SPLINE_SURFACE(2,1,((#11981,#7616),(#11983,#7615),(#11931,#7608)),.UNSPECIFIED.,.F.,.F.,.F.)
B_SPLINE_SURFACE_WITH_KNOTS((3,3),(2,2),(0.000,1.000),(0.000,1.000),.UNSPECIFIED.)
GEOMETRIC_REPRESENTATION_ITEM()
RATIONAL_B_SPLINE_SURFACE(((1.0000000000,1.0000000000),(0.7071067812,0.7071067812),(1.0000000000,1.0000000000)))
REPRESENTATION_ITEM('')
SURFACE()
);

#11996=ORIENTED_EDGE('',*,*,#1170,.F.);
#11997=(
BOUNDED_CURVE()
B_SPLINE_CURVE(1,(#1161,#7616),.UNSPECIFIED.,.F.,.F.)
B_SPLINE_CURVE_WITH_KNOTS((2,2),(0.000,1.000),.UNSPECIFIED.)
CURVE()
GEOMETRIC_REPRESENTATION_ITEM()
RATIONAL_B_SPLINE_CURVE((1.0000000000,1.0000000000))
REPRESENTATION_ITEM('')
);

#12002=EDGE_CURVE('',#1163,#7618,#11997,.T.);
#12003=ORIENTED_EDGE('',*,*,#12002,.T.);
#12011=ORIENTED_EDGE('',*,*,#7619,.F.);
#12016=ORIENTED_EDGE('',*,*,#11952,.F.);
#12017=EDGE_LOOP('',(#11996,#12003,#12011,#12016));
#12018=FACE_OUTER_BOUND('',#12017,.T.);
#12019=ADVANCED_FACE('',(#12018),#11980,.T.);
#12020=COLOUR_RGB('',0.39,0.39,0.39);
#12021=FILL_AREA_STYLE_COLOUR('',#12020);
#12022=FILL_AREA_STYLE('',(#12021));
#12023=SURFACE_STYLE_FILL_AREA(#12022);
#12024=SURFACE_STYLE_TRANSPARENT(0.00);
#12025=SURFACE_STYLE_RENDERING_WITH_PROPERTIES(.NORMAL_SHADING.,#12020,(#12024));
#12026=SURFACE_SIDE_STYLE('',(#12023, #12025));
#12027=SURFACE_STYLE_USAGE(.BOTH.,#12026);
#12028=PRESENTATION_STYLE_ASSIGNMENT((#12027));
#12029=STYLED_ITEM('',(#12028),#12019);

#12033=CARTESIAN_POINT('',(-10.14041,-6.30000,15.60997));
#12030=(
BOUNDED_SURFACE()
B_SPLINE_SURFACE(2,1,((#11885,#7595),(#12033,#7623),(#11981,#7616)),.UNSPECIFIED.,.F.,.F.,.F.)
B_SPLINE_SURFACE_WITH_KNOTS((3,3),(2,2),(0.000,1.000),(0.000,1.000),.UNSPECIFIED.)
GEOMETRIC_REPRESENTATION_ITEM()
RATIONAL_B_SPLINE_SURFACE(((1.0000000000,1.0000000000),(0.7071067812,0.7071067812),(1.0000000000,1.0000000000)))
REPRESENTATION_ITEM('')
SURFACE()
);

#12046=ORIENTED_EDGE('',*,*,#1164,.F.);
#12053=ORIENTED_EDGE('',*,*,#11915,.F.);
#12061=ORIENTED_EDGE('',*,*,#7625,.F.);
#12066=ORIENTED_EDGE('',*,*,#12002,.F.);
#12067=EDGE_LOOP('',(#12046,#12053,#12061,#12066));
#12068=FACE_OUTER_BOUND('',#12067,.T.);
#12069=ADVANCED_FACE('',(#12068),#12030,.T.);
#12070=COLOUR_RGB('',0.39,0.39,0.39);
#12071=FILL_AREA_STYLE_COLOUR('',#12070);
#12072=FILL_AREA_STYLE('',(#12071));
#12073=SURFACE_STYLE_FILL_AREA(#12072);
#12074=SURFACE_STYLE_TRANSPARENT(0.00);
#12075=SURFACE_STYLE_RENDERING_WITH_PROPERTIES(.NORMAL_SHADING.,#12070,(#12074));
#12076=SURFACE_SIDE_STYLE('',(#12073, #12075));
#12077=SURFACE_STYLE_USAGE(.BOTH.,#12076);
#12078=PRESENTATION_STYLE_ASSIGNMENT((#12077));
#12079=STYLED_ITEM('',(#12078),#12069);

#12081=CARTESIAN_POINT('',(-16.05979,-6.30000,13.16065));
#12083=CARTESIAN_POINT('',(-16.05979,-6.30000,12.16065));
#12085=CARTESIAN_POINT('',(-15.05979,-6.30000,12.16065));
#12080=(
BOUNDED_SURFACE()
B_SPLINE_SURFACE(2,1,((#12081,#7634),(#12083,#7633),(#12085,#7629)),.UNSPECIFIED.,.F.,.F.,.F.)
B_SPLINE_SURFACE_WITH_KNOTS((3,3),(2,2),(0.000,1.000),(0.000,1.000),.UNSPECIFIED.)
GEOMETRIC_REPRESENTATION_ITEM()
RATIONAL_B_SPLINE_SURFACE(((1.0000000000,1.0000000000),(0.7071067812,0.7071067812),(1.0000000000,1.0000000000)))
REPRESENTATION_ITEM('')
SURFACE()
);

#12096=ORIENTED_EDGE('',*,*,#1190,.F.);
#12097=(
BOUNDED_CURVE()
B_SPLINE_CURVE(1,(#1179,#7634),.UNSPECIFIED.,.F.,.F.)
B_SPLINE_CURVE_WITH_KNOTS((2,2),(0.000,1.000),.UNSPECIFIED.)
CURVE()
GEOMETRIC_REPRESENTATION_ITEM()
RATIONAL_B_SPLINE_CURVE((1.0000000000,1.0000000000))
REPRESENTATION_ITEM('')
);

#12102=EDGE_CURVE('',#1181,#7636,#12097,.T.);
#12103=ORIENTED_EDGE('',*,*,#12102,.T.);
#12111=ORIENTED_EDGE('',*,*,#7637,.F.);
#12112=(
BOUNDED_CURVE()
B_SPLINE_CURVE(1,(#7629,#1187),.UNSPECIFIED.,.F.,.F.)
B_SPLINE_CURVE_WITH_KNOTS((2,2),(0.000,1.000),.UNSPECIFIED.)
CURVE()
GEOMETRIC_REPRESENTATION_ITEM()
RATIONAL_B_SPLINE_CURVE((1.0000000000,1.0000000000))
REPRESENTATION_ITEM('')
);

#12115=EDGE_CURVE('',#7630,#1189,#12112,.T.);
#12116=ORIENTED_EDGE('',*,*,#12115,.T.);
#12117=EDGE_LOOP('',(#12096,#12103,#12111,#12116));
#12118=FACE_OUTER_BOUND('',#12117,.T.);
#12119=ADVANCED_FACE('',(#12118),#12080,.T.);
#12120=COLOUR_RGB('',0.39,0.39,0.39);
#12121=FILL_AREA_STYLE_COLOUR('',#12120);
#12122=FILL_AREA_STYLE('',(#12121));
#12123=SURFACE_STYLE_FILL_AREA(#12122);
#12124=SURFACE_STYLE_TRANSPARENT(0.00);
#12125=SURFACE_STYLE_RENDERING_WITH_PROPERTIES(.NORMAL_SHADING.,#12120,(#12124));
#12126=SURFACE_SIDE_STYLE('',(#12123, #12125));
#12127=SURFACE_STYLE_USAGE(.BOTH.,#12126);
#12128=PRESENTATION_STYLE_ASSIGNMENT((#12127));
#12129=STYLED_ITEM('',(#12128),#12119);

#12131=CARTESIAN_POINT('',(-15.05979,-6.30000,14.16065));
#12133=CARTESIAN_POINT('',(-16.05979,-6.30000,14.16065));
#12130=(
BOUNDED_SURFACE()
B_SPLINE_SURFACE(2,1,((#12131,#7642),(#12133,#7641),(#12081,#7634)),.UNSPECIFIED.,.F.,.F.,.F.)
B_SPLINE_SURFACE_WITH_KNOTS((3,3),(2,2),(0.000,1.000),(0.000,1.000),.UNSPECIFIED.)
GEOMETRIC_REPRESENTATION_ITEM()
RATIONAL_B_SPLINE_SURFACE(((1.0000000000,1.0000000000),(0.7071067812,0.7071067812),(1.0000000000,1.0000000000)))
REPRESENTATION_ITEM('')
SURFACE()
);

#12146=ORIENTED_EDGE('',*,*,#1182,.F.);
#12147=(
BOUNDED_CURVE()
B_SPLINE_CURVE(1,(#1174,#7642),.UNSPECIFIED.,.F.,.F.)
B_SPLINE_CURVE_WITH_KNOTS((2,2),(0.000,1.000),.UNSPECIFIED.)
CURVE()
GEOMETRIC_REPRESENTATION_ITEM()
RATIONAL_B_SPLINE_CURVE((1.0000000000,1.0000000000))
REPRESENTATION_ITEM('')
);

#12152=EDGE_CURVE('',#1175,#7644,#12147,.T.);
#12153=ORIENTED_EDGE('',*,*,#12152,.T.);
#12161=ORIENTED_EDGE('',*,*,#7645,.F.);
#12166=ORIENTED_EDGE('',*,*,#12102,.F.);
#12167=EDGE_LOOP('',(#12146,#12153,#12161,#12166));
#12168=FACE_OUTER_BOUND('',#12167,.T.);
#12169=ADVANCED_FACE('',(#12168),#12130,.T.);
#12170=COLOUR_RGB('',0.39,0.39,0.39);
#12171=FILL_AREA_STYLE_COLOUR('',#12170);
#12172=FILL_AREA_STYLE('',(#12171));
#12173=SURFACE_STYLE_FILL_AREA(#12172);
#12174=SURFACE_STYLE_TRANSPARENT(0.00);
#12175=SURFACE_STYLE_RENDERING_WITH_PROPERTIES(.NORMAL_SHADING.,#12170,(#12174));
#12176=SURFACE_SIDE_STYLE('',(#12173, #12175));
#12177=SURFACE_STYLE_USAGE(.BOTH.,#12176);
#12178=PRESENTATION_STYLE_ASSIGNMENT((#12177));
#12179=STYLED_ITEM('',(#12178),#12169);

#12181=CARTESIAN_POINT('',(-14.05979,-6.30000,13.16065));
#12183=CARTESIAN_POINT('',(-14.05979,-6.30000,14.16065));
#12180=(
BOUNDED_SURFACE()
B_SPLINE_SURFACE(2,1,((#12181,#7650),(#12183,#7649),(#12131,#7642)),.UNSPECIFIED.,.F.,.F.,.F.)
B_SPLINE_SURFACE_WITH_KNOTS((3,3),(2,2),(0.000,1.000),(0.000,1.000),.UNSPECIFIED.)
GEOMETRIC_REPRESENTATION_ITEM()
RATIONAL_B_SPLINE_SURFACE(((1.0000000000,1.0000000000),(0.7071067812,0.7071067812),(1.0000000000,1.0000000000)))
REPRESENTATION_ITEM('')
SURFACE()
);

#12196=ORIENTED_EDGE('',*,*,#1204,.F.);
#12197=(
BOUNDED_CURVE()
B_SPLINE_CURVE(1,(#1195,#7650),.UNSPECIFIED.,.F.,.F.)
B_SPLINE_CURVE_WITH_KNOTS((2,2),(0.000,1.000),.UNSPECIFIED.)
CURVE()
GEOMETRIC_REPRESENTATION_ITEM()
RATIONAL_B_SPLINE_CURVE((1.0000000000,1.0000000000))
REPRESENTATION_ITEM('')
);

#12202=EDGE_CURVE('',#1197,#7652,#12197,.T.);
#12203=ORIENTED_EDGE('',*,*,#12202,.T.);
#12211=ORIENTED_EDGE('',*,*,#7653,.F.);
#12216=ORIENTED_EDGE('',*,*,#12152,.F.);
#12217=EDGE_LOOP('',(#12196,#12203,#12211,#12216));
#12218=FACE_OUTER_BOUND('',#12217,.T.);
#12219=ADVANCED_FACE('',(#12218),#12180,.T.);
#12220=COLOUR_RGB('',0.39,0.39,0.39);
#12221=FILL_AREA_STYLE_COLOUR('',#12220);
#12222=FILL_AREA_STYLE('',(#12221));
#12223=SURFACE_STYLE_FILL_AREA(#12222);
#12224=SURFACE_STYLE_TRANSPARENT(0.00);
#12225=SURFACE_STYLE_RENDERING_WITH_PROPERTIES(.NORMAL_SHADING.,#12220,(#12224));
#12226=SURFACE_SIDE_STYLE('',(#12223, #12225));
#12227=SURFACE_STYLE_USAGE(.BOTH.,#12226);
#12228=PRESENTATION_STYLE_ASSIGNMENT((#12227));
#12229=STYLED_ITEM('',(#12228),#12219);

#12233=CARTESIAN_POINT('',(-14.05979,-6.30000,12.16065));
#12230=(
BOUNDED_SURFACE()
B_SPLINE_SURFACE(2,1,((#12085,#7629),(#12233,#7657),(#12181,#7650)),.UNSPECIFIED.,.F.,.F.,.F.)
B_SPLINE_SURFACE_WITH_KNOTS((3,3),(2,2),(0.000,1.000),(0.000,1.000),.UNSPECIFIED.)
GEOMETRIC_REPRESENTATION_ITEM()
RATIONAL_B_SPLINE_SURFACE(((1.0000000000,1.0000000000),(0.7071067812,0.7071067812),(1.0000000000,1.0000000000)))
REPRESENTATION_ITEM('')
SURFACE()
);

#12246=ORIENTED_EDGE('',*,*,#1198,.F.);
#12253=ORIENTED_EDGE('',*,*,#12115,.F.);
#12261=ORIENTED_EDGE('',*,*,#7659,.F.);
#12266=ORIENTED_EDGE('',*,*,#12202,.F.);
#12267=EDGE_LOOP('',(#12246,#12253,#12261,#12266));
#12268=FACE_OUTER_BOUND('',#12267,.T.);
#12269=ADVANCED_FACE('',(#12268),#12230,.T.);
#12270=COLOUR_RGB('',0.39,0.39,0.39);
#12271=FILL_AREA_STYLE_COLOUR('',#12270);
#12272=FILL_AREA_STYLE('',(#12271));
#12273=SURFACE_STYLE_FILL_AREA(#12272);
#12274=SURFACE_STYLE_TRANSPARENT(0.00);
#12275=SURFACE_STYLE_RENDERING_WITH_PROPERTIES(.NORMAL_SHADING.,#12270,(#12274));
#12276=SURFACE_SIDE_STYLE('',(#12273, #12275));
#12277=SURFACE_STYLE_USAGE(.BOTH.,#12276);
#12278=PRESENTATION_STYLE_ASSIGNMENT((#12277));
#12279=STYLED_ITEM('',(#12278),#12269);

#12281=CARTESIAN_POINT('',(-18.95287,-6.30000,8.81445));
#12283=CARTESIAN_POINT('',(-18.95287,-6.30000,7.81445));
#12285=CARTESIAN_POINT('',(-17.95287,-6.30000,7.81445));
#12280=(
BOUNDED_SURFACE()
B_SPLINE_SURFACE(2,1,((#12281,#7668),(#12283,#7667),(#12285,#7663)),.UNSPECIFIED.,.F.,.F.,.F.)
B_SPLINE_SURFACE_WITH_KNOTS((3,3),(2,2),(0.000,1.000),(0.000,1.000),.UNSPECIFIED.)
GEOMETRIC_REPRESENTATION_ITEM()
RATIONAL_B_SPLINE_SURFACE(((1.0000000000,1.0000000000),(0.7071067812,0.7071067812),(1.0000000000,1.0000000000)))
REPRESENTATION_ITEM('')
SURFACE()
);

#12296=ORIENTED_EDGE('',*,*,#1224,.F.);
#12297=(
BOUNDED_CURVE()
B_SPLINE_CURVE(1,(#1213,#7668),.UNSPECIFIED.,.F.,.F.)
B_SPLINE_CURVE_WITH_KNOTS((2,2),(0.000,1.000),.UNSPECIFIED.)
CURVE()
GEOMETRIC_REPRESENTATION_ITEM()
RATIONAL_B_SPLINE_CURVE((1.0000000000,1.0000000000))
REPRESENTATION_ITEM('')
);

#12302=EDGE_CURVE('',#1215,#7670,#12297,.T.);
#12303=ORIENTED_EDGE('',*,*,#12302,.T.);
#12311=ORIENTED_EDGE('',*,*,#7671,.F.);
#12312=(
BOUNDED_CURVE()
B_SPLINE_CURVE(1,(#7663,#1221),.UNSPECIFIED.,.F.,.F.)
B_SPLINE_CURVE_WITH_KNOTS((2,2),(0.000,1.000),.UNSPECIFIED.)
CURVE()
GEOMETRIC_REPRESENTATION_ITEM()
RATIONAL_B_SPLINE_CURVE((1.0000000000,1.0000000000))
REPRESENTATION_ITEM('')
);

#12315=EDGE_CURVE('',#7664,#1223,#12312,.T.);
#12316=ORIENTED_EDGE('',*,*,#12315,.T.);
#12317=EDGE_LOOP('',(#12296,#12303,#12311,#12316));
#12318=FACE_OUTER_BOUND('',#12317,.T.);
#12319=ADVANCED_FACE('',(#12318),#12280,.T.);
#12320=COLOUR_RGB('',0.39,0.39,0.39);
#12321=FILL_AREA_STYLE_COLOUR('',#12320);
#12322=FILL_AREA_STYLE('',(#12321));
#12323=SURFACE_STYLE_FILL_AREA(#12322);
#12324=SURFACE_STYLE_TRANSPARENT(0.00);
#12325=SURFACE_STYLE_RENDERING_WITH_PROPERTIES(.NORMAL_SHADING.,#12320,(#12324));
#12326=SURFACE_SIDE_STYLE('',(#12323, #12325));
#12327=SURFACE_STYLE_USAGE(.BOTH.,#12326);
#12328=PRESENTATION_STYLE_ASSIGNMENT((#12327));
#12329=STYLED_ITEM('',(#12328),#12319);

#12331=CARTESIAN_POINT('',(-17.95287,-6.30000,9.81445));
#12333=CARTESIAN_POINT('',(-18.95287,-6.30000,9.81445));
#12330=(
BOUNDED_SURFACE()
B_SPLINE_SURFACE(2,1,((#12331,#7676),(#12333,#7675),(#12281,#7668)),.UNSPECIFIED.,.F.,.F.,.F.)
B_SPLINE_SURFACE_WITH_KNOTS((3,3),(2,2),(0.000,1.000),(0.000,1.000),.UNSPECIFIED.)
GEOMETRIC_REPRESENTATION_ITEM()
RATIONAL_B_SPLINE_SURFACE(((1.0000000000,1.0000000000),(0.7071067812,0.7071067812),(1.0000000000,1.0000000000)))
REPRESENTATION_ITEM('')
SURFACE()
);

#12346=ORIENTED_EDGE('',*,*,#1216,.F.);
#12347=(
BOUNDED_CURVE()
B_SPLINE_CURVE(1,(#1208,#7676),.UNSPECIFIED.,.F.,.F.)
B_SPLINE_CURVE_WITH_KNOTS((2,2),(0.000,1.000),.UNSPECIFIED.)
CURVE()
GEOMETRIC_REPRESENTATION_ITEM()
RATIONAL_B_SPLINE_CURVE((1.0000000000,1.0000000000))
REPRESENTATION_ITEM('')
);

#12352=EDGE_CURVE('',#1209,#7678,#12347,.T.);
#12353=ORIENTED_EDGE('',*,*,#12352,.T.);
#12361=ORIENTED_EDGE('',*,*,#7679,.F.);
#12366=ORIENTED_EDGE('',*,*,#12302,.F.);
#12367=EDGE_LOOP('',(#12346,#12353,#12361,#12366));
#12368=FACE_OUTER_BOUND('',#12367,.T.);
#12369=ADVANCED_FACE('',(#12368),#12330,.T.);
#12370=COLOUR_RGB('',0.39,0.39,0.39);
#12371=FILL_AREA_STYLE_COLOUR('',#12370);
#12372=FILL_AREA_STYLE('',(#12371));
#12373=SURFACE_STYLE_FILL_AREA(#12372);
#12374=SURFACE_STYLE_TRANSPARENT(0.00);
#12375=SURFACE_STYLE_RENDERING_WITH_PROPERTIES(.NORMAL_SHADING.,#12370,(#12374));
#12376=SURFACE_SIDE_STYLE('',(#12373, #12375));
#12377=SURFACE_STYLE_USAGE(.BOTH.,#12376);
#12378=PRESENTATION_STYLE_ASSIGNMENT((#12377));
#12379=STYLED_ITEM('',(#12378),#12369);

#12381=CARTESIAN_POINT('',(-16.95287,-6.30000,8.81445));
#12383=CARTESIAN_POINT('',(-16.95287,-6.30000,9.81445));
#12380=(
BOUNDED_SURFACE()
B_SPLINE_SURFACE(2,1,((#12381,#7684),(#12383,#7683),(#12331,#7676)),.UNSPECIFIED.,.F.,.F.,.F.)
B_SPLINE_SURFACE_WITH_KNOTS((3,3),(2,2),(0.000,1.000),(0.000,1.000),.UNSPECIFIED.)
GEOMETRIC_REPRESENTATION_ITEM()
RATIONAL_B_SPLINE_SURFACE(((1.0000000000,1.0000000000),(0.7071067812,0.7071067812),(1.0000000000,1.0000000000)))
REPRESENTATION_ITEM('')
SURFACE()
);

#12396=ORIENTED_EDGE('',*,*,#1238,.F.);
#12397=(
BOUNDED_CURVE()
B_SPLINE_CURVE(1,(#1229,#7684),.UNSPECIFIED.,.F.,.F.)
B_SPLINE_CURVE_WITH_KNOTS((2,2),(0.000,1.000),.UNSPECIFIED.)
CURVE()
GEOMETRIC_REPRESENTATION_ITEM()
RATIONAL_B_SPLINE_CURVE((1.0000000000,1.0000000000))
REPRESENTATION_ITEM('')
);

#12402=EDGE_CURVE('',#1231,#7686,#12397,.T.);
#12403=ORIENTED_EDGE('',*,*,#12402,.T.);
#12411=ORIENTED_EDGE('',*,*,#7687,.F.);
#12416=ORIENTED_EDGE('',*,*,#12352,.F.);
#12417=EDGE_LOOP('',(#12396,#12403,#12411,#12416));
#12418=FACE_OUTER_BOUND('',#12417,.T.);
#12419=ADVANCED_FACE('',(#12418),#12380,.T.);
#12420=COLOUR_RGB('',0.39,0.39,0.39);
#12421=FILL_AREA_STYLE_COLOUR('',#12420);
#12422=FILL_AREA_STYLE('',(#12421));
#12423=SURFACE_STYLE_FILL_AREA(#12422);
#12424=SURFACE_STYLE_TRANSPARENT(0.00);
#12425=SURFACE_STYLE_RENDERING_WITH_PROPERTIES(.NORMAL_SHADING.,#12420,(#12424));
#12426=SURFACE_SIDE_STYLE('',(#12423, #12425));
#12427=SURFACE_STYLE_USAGE(.BOTH.,#12426);
#12428=PRESENTATION_STYLE_ASSIGNMENT((#12427));
#12429=STYLED_ITEM('',(#12428),#12419);

#12433=CARTESIAN_POINT('',(-16.95287,-6.30000,7.81445));
#12430=(
BOUNDED_SURFACE()
B_SPLINE_SURFACE(2,1,((#12285,#7663),(#12433,#7691),(#12381,#7684)),.UNSPECIFIED.,.F.,.F.,.F.)
B_SPLINE_SURFACE_WITH_KNOTS((3,3),(2,2),(0.000,1.000),(0.000,1.000),.UNSPECIFIED.)
GEOMETRIC_REPRESENTATION_ITEM()
RATIONAL_B_SPLINE_SURFACE(((1.0000000000,1.0000000000),(0.7071067812,0.7071067812),(1.0000000000,1.0000000000)))
REPRESENTATION_ITEM('')
SURFACE()
);

#12446=ORIENTED_EDGE('',*,*,#1232,.F.);
#12453=ORIENTED_EDGE('',*,*,#12315,.F.);
#12461=ORIENTED_EDGE('',*,*,#7693,.F.);
#12466=ORIENTED_EDGE('',*,*,#12402,.F.);
#12467=EDGE_LOOP('',(#12446,#12453,#12461,#12466));
#12468=FACE_OUTER_BOUND('',#12467,.T.);
#12469=ADVANCED_FACE('',(#12468),#12430,.T.);
#12470=COLOUR_RGB('',0.39,0.39,0.39);
#12471=FILL_AREA_STYLE_COLOUR('',#12470);
#12472=FILL_AREA_STYLE('',(#12471));
#12473=SURFACE_STYLE_FILL_AREA(#12472);
#12474=SURFACE_STYLE_TRANSPARENT(0.00);
#12475=SURFACE_STYLE_RENDERING_WITH_PROPERTIES(.NORMAL_SHADING.,#12470,(#12474));
#12476=SURFACE_SIDE_STYLE('',(#12473, #12475));
#12477=SURFACE_STYLE_USAGE(.BOTH.,#12476);
#12478=PRESENTATION_STYLE_ASSIGNMENT((#12477));
#12479=STYLED_ITEM('',(#12478),#12469);

#12481=CARTESIAN_POINT('',(-20.62249,-6.30000,3.86756));
#12483=CARTESIAN_POINT('',(-20.62249,-6.30000,2.86756));
#12485=CARTESIAN_POINT('',(-19.62249,-6.30000,2.86756));
#12480=(
BOUNDED_SURFACE()
B_SPLINE_SURFACE(2,1,((#12481,#7702),(#12483,#7701),(#12485,#7697)),.UNSPECIFIED.,.F.,.F.,.F.)
B_SPLINE_SURFACE_WITH_KNOTS((3,3),(2,2),(0.000,1.000),(0.000,1.000),.UNSPECIFIED.)
GEOMETRIC_REPRESENTATION_ITEM()
RATIONAL_B_SPLINE_SURFACE(((1.0000000000,1.0000000000),(0.7071067812,0.7071067812),(1.0000000000,1.0000000000)))
REPRESENTATION_ITEM('')
SURFACE()
);

#12496=ORIENTED_EDGE('',*,*,#1258,.F.);
#12497=(
BOUNDED_CURVE()
B_SPLINE_CURVE(1,(#1247,#7702),.UNSPECIFIED.,.F.,.F.)
B_SPLINE_CURVE_WITH_KNOTS((2,2),(0.000,1.000),.UNSPECIFIED.)
CURVE()
GEOMETRIC_REPRESENTATION_ITEM()
RATIONAL_B_SPLINE_CURVE((1.0000000000,1.0000000000))
REPRESENTATION_ITEM('')
);

#12502=EDGE_CURVE('',#1249,#7704,#12497,.T.);
#12503=ORIENTED_EDGE('',*,*,#12502,.T.);
#12511=ORIENTED_EDGE('',*,*,#7705,.F.);
#12512=(
BOUNDED_CURVE()
B_SPLINE_CURVE(1,(#7697,#1255),.UNSPECIFIED.,.F.,.F.)
B_SPLINE_CURVE_WITH_KNOTS((2,2),(0.000,1.000),.UNSPECIFIED.)
CURVE()
GEOMETRIC_REPRESENTATION_ITEM()
RATIONAL_B_SPLINE_CURVE((1.0000000000,1.0000000000))
REPRESENTATION_ITEM('')
);

#12515=EDGE_CURVE('',#7698,#1257,#12512,.T.);
#12516=ORIENTED_EDGE('',*,*,#12515,.T.);
#12517=EDGE_LOOP('',(#12496,#12503,#12511,#12516));
#12518=FACE_OUTER_BOUND('',#12517,.T.);
#12519=ADVANCED_FACE('',(#12518),#12480,.T.);
#12520=COLOUR_RGB('',0.39,0.39,0.39);
#12521=FILL_AREA_STYLE_COLOUR('',#12520);
#12522=FILL_AREA_STYLE('',(#12521));
#12523=SURFACE_STYLE_FILL_AREA(#12522);
#12524=SURFACE_STYLE_TRANSPARENT(0.00);
#12525=SURFACE_STYLE_RENDERING_WITH_PROPERTIES(.NORMAL_SHADING.,#12520,(#12524));
#12526=SURFACE_SIDE_STYLE('',(#12523, #12525));
#12527=SURFACE_STYLE_USAGE(.BOTH.,#12526);
#12528=PRESENTATION_STYLE_ASSIGNMENT((#12527));
#12529=STYLED_ITEM('',(#12528),#12519);

#12531=CARTESIAN_POINT('',(-19.62249,-6.30000,4.86756));
#12533=CARTESIAN_POINT('',(-20.62249,-6.30000,4.86756));
#12530=(
BOUNDED_SURFACE()
B_SPLINE_SURFACE(2,1,((#12531,#7710),(#12533,#7709),(#12481,#7702)),.UNSPECIFIED.,.F.,.F.,.F.)
B_SPLINE_SURFACE_WITH_KNOTS((3,3),(2,2),(0.000,1.000),(0.000,1.000),.UNSPECIFIED.)
GEOMETRIC_REPRESENTATION_ITEM()
RATIONAL_B_SPLINE_SURFACE(((1.0000000000,1.0000000000),(0.7071067812,0.7071067812),(1.0000000000,1.0000000000)))
REPRESENTATION_ITEM('')
SURFACE()
);

#12546=ORIENTED_EDGE('',*,*,#1250,.F.);
#12547=(
BOUNDED_CURVE()
B_SPLINE_CURVE(1,(#1242,#7710),.UNSPECIFIED.,.F.,.F.)
B_SPLINE_CURVE_WITH_KNOTS((2,2),(0.000,1.000),.UNSPECIFIED.)
CURVE()
GEOMETRIC_REPRESENTATION_ITEM()
RATIONAL_B_SPLINE_CURVE((1.0000000000,1.0000000000))
REPRESENTATION_ITEM('')
);

#12552=EDGE_CURVE('',#1243,#7712,#12547,.T.);
#12553=ORIENTED_EDGE('',*,*,#12552,.T.);
#12561=ORIENTED_EDGE('',*,*,#7713,.F.);
#12566=ORIENTED_EDGE('',*,*,#12502,.F.);
#12567=EDGE_LOOP('',(#12546,#12553,#12561,#12566));
#12568=FACE_OUTER_BOUND('',#12567,.T.);
#12569=ADVANCED_FACE('',(#12568),#12530,.T.);
#12570=COLOUR_RGB('',0.39,0.39,0.39);
#12571=FILL_AREA_STYLE_COLOUR('',#12570);
#12572=FILL_AREA_STYLE('',(#12571));
#12573=SURFACE_STYLE_FILL_AREA(#12572);
#12574=SURFACE_STYLE_TRANSPARENT(0.00);
#12575=SURFACE_STYLE_RENDERING_WITH_PROPERTIES(.NORMAL_SHADING.,#12570,(#12574));
#12576=SURFACE_SIDE_STYLE('',(#12573, #12575));
#12577=SURFACE_STYLE_USAGE(.BOTH.,#12576);
#12578=PRESENTATION_STYLE_ASSIGNMENT((#12577));
#12579=STYLED_ITEM('',(#12578),#12569);

#12581=CARTESIAN_POINT('',(-18.62249,-6.30000,3.86756));
#12583=CARTESIAN_POINT('',(-18.62249,-6.30000,4.86756));
#12580=(
BOUNDED_SURFACE()
B_SPLINE_SURFACE(2,1,((#12581,#7718),(#12583,#7717),(#12531,#7710)),.UNSPECIFIED.,.F.,.F.,.F.)
B_SPLINE_SURFACE_WITH_KNOTS((3,3),(2,2),(0.000,1.000),(0.000,1.000),.UNSPECIFIED.)
GEOMETRIC_REPRESENTATION_ITEM()
RATIONAL_B_SPLINE_SURFACE(((1.0000000000,1.0000000000),(0.7071067812,0.7071067812),(1.0000000000,1.0000000000)))
REPRESENTATION_ITEM('')
SURFACE()
);

#12596=ORIENTED_EDGE('',*,*,#1272,.F.);
#12597=(
BOUNDED_CURVE()
B_SPLINE_CURVE(1,(#1263,#7718),.UNSPECIFIED.,.F.,.F.)
B_SPLINE_CURVE_WITH_KNOTS((2,2),(0.000,1.000),.UNSPECIFIED.)
CURVE()
GEOMETRIC_REPRESENTATION_ITEM()
RATIONAL_B_SPLINE_CURVE((1.0000000000,1.0000000000))
REPRESENTATION_ITEM('')
);

#12602=EDGE_CURVE('',#1265,#7720,#12597,.T.);
#12603=ORIENTED_EDGE('',*,*,#12602,.T.);
#12611=ORIENTED_EDGE('',*,*,#7721,.F.);
#12616=ORIENTED_EDGE('',*,*,#12552,.F.);
#12617=EDGE_LOOP('',(#12596,#12603,#12611,#12616));
#12618=FACE_OUTER_BOUND('',#12617,.T.);
#12619=ADVANCED_FACE('',(#12618),#12580,.T.);
#12620=COLOUR_RGB('',0.39,0.39,0.39);
#12621=FILL_AREA_STYLE_COLOUR('',#12620);
#12622=FILL_AREA_STYLE('',(#12621));
#12623=SURFACE_STYLE_FILL_AREA(#12622);
#12624=SURFACE_STYLE_TRANSPARENT(0.00);
#12625=SURFACE_STYLE_RENDERING_WITH_PROPERTIES(.NORMAL_SHADING.,#12620,(#12624));
#12626=SURFACE_SIDE_STYLE('',(#12623, #12625));
#12627=SURFACE_STYLE_USAGE(.BOTH.,#12626);
#12628=PRESENTATION_STYLE_ASSIGNMENT((#12627));
#12629=STYLED_ITEM('',(#12628),#12619);

#12633=CARTESIAN_POINT('',(-18.62249,-6.30000,2.86756));
#12630=(
BOUNDED_SURFACE()
B_SPLINE_SURFACE(2,1,((#12485,#7697),(#12633,#7725),(#12581,#7718)),.UNSPECIFIED.,.F.,.F.,.F.)
B_SPLINE_SURFACE_WITH_KNOTS((3,3),(2,2),(0.000,1.000),(0.000,1.000),.UNSPECIFIED.)
GEOMETRIC_REPRESENTATION_ITEM()
RATIONAL_B_SPLINE_SURFACE(((1.0000000000,1.0000000000),(0.7071067812,0.7071067812),(1.0000000000,1.0000000000)))
REPRESENTATION_ITEM('')
SURFACE()
);

#12646=ORIENTED_EDGE('',*,*,#1266,.F.);
#12653=ORIENTED_EDGE('',*,*,#12515,.F.);
#12661=ORIENTED_EDGE('',*,*,#7727,.F.);
#12666=ORIENTED_EDGE('',*,*,#12602,.F.);
#12667=EDGE_LOOP('',(#12646,#12653,#12661,#12666));
#12668=FACE_OUTER_BOUND('',#12667,.T.);
#12669=ADVANCED_FACE('',(#12668),#12630,.T.);
#12670=COLOUR_RGB('',0.39,0.39,0.39);
#12671=FILL_AREA_STYLE_COLOUR('',#12670);
#12672=FILL_AREA_STYLE('',(#12671));
#12673=SURFACE_STYLE_FILL_AREA(#12672);
#12674=SURFACE_STYLE_TRANSPARENT(0.00);
#12675=SURFACE_STYLE_RENDERING_WITH_PROPERTIES(.NORMAL_SHADING.,#12670,(#12674));
#12676=SURFACE_SIDE_STYLE('',(#12673, #12675));
#12677=SURFACE_STYLE_USAGE(.BOTH.,#12676);
#12678=PRESENTATION_STYLE_ASSIGNMENT((#12677));
#12679=STYLED_ITEM('',(#12678),#12669);

#12681=CARTESIAN_POINT('',(-9.81124,-2.70000,-1.93378));
#12682=CARTESIAN_POINT('',(-19.62249,-2.70000,-3.86756));
#12683=CARTESIAN_POINT('',(-10.00462,-2.70000,-0.95266));
#12684=CARTESIAN_POINT('',(-19.81586,-2.70000,-2.88644));
#12685=CARTESIAN_POINT('',(-10.00462,-3.70000,-0.95266));
#12686=CARTESIAN_POINT('',(-19.81586,-3.70000,-2.88644));
#12680=(
BOUNDED_SURFACE()
B_SPLINE_SURFACE(2,1,((#12681,#12682),(#12683,#12684),(#12685,#12686)),.UNSPECIFIED.,.F.,.F.,.F.)
B_SPLINE_SURFACE_WITH_KNOTS((3,3),(2,2),(0.000,1.000),(0.000,1.000),.UNSPECIFIED.)
GEOMETRIC_REPRESENTATION_ITEM()
RATIONAL_B_SPLINE_SURFACE(((1.0000000000,1.0000000000),(0.7071067812,0.7071067812),(1.0000000000,1.0000000000)))
REPRESENTATION_ITEM('')
SURFACE()
);

#12689=(
BOUNDED_CURVE()
B_SPLINE_CURVE(1,(#5199,#2749),.UNSPECIFIED.,.F.,.F.)
B_SPLINE_CURVE_WITH_KNOTS((2,2),(0.000,1.000),.UNSPECIFIED.)
CURVE()
GEOMETRIC_REPRESENTATION_ITEM()
RATIONAL_B_SPLINE_CURVE((1.0000000000,1.0000000000))
REPRESENTATION_ITEM('')
);

#12694=EDGE_CURVE('',#5201,#2751,#12689,.T.);
#12695=ORIENTED_EDGE('',*,*,#12694,.T.);
#12704=ORIENTED_EDGE('',*,*,#2752,.F.);
#12713=ORIENTED_EDGE('',*,*,#2743,.F.);
#12714=(
BOUNDED_CURVE()
B_SPLINE_CURVE(1,(#2734,#5148),.UNSPECIFIED.,.F.,.F.)
B_SPLINE_CURVE_WITH_KNOTS((2,2),(0.000,1.000),.UNSPECIFIED.)
CURVE()
GEOMETRIC_REPRESENTATION_ITEM()
RATIONAL_B_SPLINE_CURVE((1.0000000000,1.0000000000))
REPRESENTATION_ITEM('')
);

#12719=EDGE_CURVE('',#2735,#5149,#12714,.T.);
#12720=ORIENTED_EDGE('',*,*,#12719,.T.);
#12729=ORIENTED_EDGE('',*,*,#5218,.F.);
#12736=ORIENTED_EDGE('',*,*,#5211,.F.);
#12737=EDGE_LOOP('',(#12695,#12704,#12713,#12720,#12729,#12736));
#12738=FACE_OUTER_BOUND('',#12737,.T.);
#12739=ADVANCED_FACE('',(#12738),#12680,.T.);
#12740=COLOUR_RGB('',0.39,0.39,0.39);
#12741=FILL_AREA_STYLE_COLOUR('',#12740);
#12742=FILL_AREA_STYLE('',(#12741));
#12743=SURFACE_STYLE_FILL_AREA(#12742);
#12744=SURFACE_STYLE_TRANSPARENT(0.00);
#12745=SURFACE_STYLE_RENDERING_WITH_PROPERTIES(.NORMAL_SHADING.,#12740,(#12744));
#12746=SURFACE_SIDE_STYLE('',(#12743, #12745));
#12747=SURFACE_STYLE_USAGE(.BOTH.,#12746);
#12748=PRESENTATION_STYLE_ASSIGNMENT((#12747));
#12749=STYLED_ITEM('',(#12748),#12739);

#12751=CARTESIAN_POINT('',(-9.61786,-3.70000,-2.91491));
#12752=CARTESIAN_POINT('',(-19.42911,-3.70000,-4.84869));
#12753=CARTESIAN_POINT('',(-9.61786,-2.70000,-2.91491));
#12754=CARTESIAN_POINT('',(-19.42911,-2.70000,-4.84869));
#12750=(
BOUNDED_SURFACE()
B_SPLINE_SURFACE(2,1,((#12751,#12752),(#12753,#12754),(#12681,#12682)),.UNSPECIFIED.,.F.,.F.,.F.)
B_SPLINE_SURFACE_WITH_KNOTS((3,3),(2,2),(0.000,1.000),(0.000,1.000),.UNSPECIFIED.)
GEOMETRIC_REPRESENTATION_ITEM()
RATIONAL_B_SPLINE_SURFACE(((1.0000000000,1.0000000000),(0.7071067812,0.7071067812),(1.0000000000,1.0000000000)))
REPRESENTATION_ITEM('')
SURFACE()
);

#12759=(
BOUNDED_CURVE()
B_SPLINE_CURVE(1,(#5181,#2767),.UNSPECIFIED.,.F.,.F.)
B_SPLINE_CURVE_WITH_KNOTS((2,2),(0.000,1.000),.UNSPECIFIED.)
CURVE()
GEOMETRIC_REPRESENTATION_ITEM()
RATIONAL_B_SPLINE_CURVE((1.0000000000,1.0000000000))
REPRESENTATION_ITEM('')
);

#12764=EDGE_CURVE('',#5183,#2769,#12759,.T.);
#12765=ORIENTED_EDGE('',*,*,#12764,.T.);
#12774=ORIENTED_EDGE('',*,*,#2770,.F.);
#12783=ORIENTED_EDGE('',*,*,#2761,.F.);
#12790=ORIENTED_EDGE('',*,*,#12694,.F.);
#12799=ORIENTED_EDGE('',*,*,#5202,.F.);
#12806=ORIENTED_EDGE('',*,*,#5193,.F.);
#12807=EDGE_LOOP('',(#12765,#12774,#12783,#12790,#12799,#12806));
#12808=FACE_OUTER_BOUND('',#12807,.T.);
#12809=ADVANCED_FACE('',(#12808),#12750,.T.);
#12810=COLOUR_RGB('',0.39,0.39,0.39);
#12811=FILL_AREA_STYLE_COLOUR('',#12810);
#12812=FILL_AREA_STYLE('',(#12811));
#12813=SURFACE_STYLE_FILL_AREA(#12812);
#12814=SURFACE_STYLE_TRANSPARENT(0.00);
#12815=SURFACE_STYLE_RENDERING_WITH_PROPERTIES(.NORMAL_SHADING.,#12810,(#12814));
#12816=SURFACE_SIDE_STYLE('',(#12813, #12815));
#12817=SURFACE_STYLE_USAGE(.BOTH.,#12816);
#12818=PRESENTATION_STYLE_ASSIGNMENT((#12817));
#12819=STYLED_ITEM('',(#12818),#12809);

#12821=CARTESIAN_POINT('',(-9.81124,-4.70000,-1.93378));
#12822=CARTESIAN_POINT('',(-19.62249,-4.70000,-3.86756));
#12823=CARTESIAN_POINT('',(-9.61786,-4.70000,-2.91491));
#12824=CARTESIAN_POINT('',(-19.42911,-4.70000,-4.84869));
#12820=(
BOUNDED_SURFACE()
B_SPLINE_SURFACE(2,1,((#12821,#12822),(#12823,#12824),(#12751,#12752)),.UNSPECIFIED.,.F.,.F.,.F.)
B_SPLINE_SURFACE_WITH_KNOTS((3,3),(2,2),(0.000,1.000),(0.000,1.000),.UNSPECIFIED.)
GEOMETRIC_REPRESENTATION_ITEM()
RATIONAL_B_SPLINE_SURFACE(((1.0000000000,1.0000000000),(0.7071067812,0.7071067812),(1.0000000000,1.0000000000)))
REPRESENTATION_ITEM('')
SURFACE()
);

#12829=(
BOUNDED_CURVE()
B_SPLINE_CURVE(1,(#5163,#2785),.UNSPECIFIED.,.F.,.F.)
B_SPLINE_CURVE_WITH_KNOTS((2,2),(0.000,1.000),.UNSPECIFIED.)
CURVE()
GEOMETRIC_REPRESENTATION_ITEM()
RATIONAL_B_SPLINE_CURVE((1.0000000000,1.0000000000))
REPRESENTATION_ITEM('')
);

#12834=EDGE_CURVE('',#5165,#2787,#12829,.T.);
#12835=ORIENTED_EDGE('',*,*,#12834,.T.);
#12844=ORIENTED_EDGE('',*,*,#2788,.F.);
#12853=ORIENTED_EDGE('',*,*,#2779,.F.);
#12860=ORIENTED_EDGE('',*,*,#12764,.F.);
#12869=ORIENTED_EDGE('',*,*,#5184,.F.);
#12876=ORIENTED_EDGE('',*,*,#5175,.F.);
#12877=EDGE_LOOP('',(#12835,#12844,#12853,#12860,#12869,#12876));
#12878=FACE_OUTER_BOUND('',#12877,.T.);
#12879=ADVANCED_FACE('',(#12878),#12820,.T.);
#12880=COLOUR_RGB('',0.39,0.39,0.39);
#12881=FILL_AREA_STYLE_COLOUR('',#12880);
#12882=FILL_AREA_STYLE('',(#12881));
#12883=SURFACE_STYLE_FILL_AREA(#12882);
#12884=SURFACE_STYLE_TRANSPARENT(0.00);
#12885=SURFACE_STYLE_RENDERING_WITH_PROPERTIES(.NORMAL_SHADING.,#12880,(#12884));
#12886=SURFACE_SIDE_STYLE('',(#12883, #12885));
#12887=SURFACE_STYLE_USAGE(.BOTH.,#12886);
#12888=PRESENTATION_STYLE_ASSIGNMENT((#12887));
#12889=STYLED_ITEM('',(#12888),#12879);

#12893=CARTESIAN_POINT('',(-10.00462,-4.70000,-0.95266));
#12894=CARTESIAN_POINT('',(-19.81586,-4.70000,-2.88644));
#12890=(
BOUNDED_SURFACE()
B_SPLINE_SURFACE(2,1,((#12685,#12686),(#12893,#12894),(#12821,#12822)),.UNSPECIFIED.,.F.,.F.,.F.)
B_SPLINE_SURFACE_WITH_KNOTS((3,3),(2,2),(0.000,1.000),(0.000,1.000),.UNSPECIFIED.)
GEOMETRIC_REPRESENTATION_ITEM()
RATIONAL_B_SPLINE_SURFACE(((1.0000000000,1.0000000000),(0.7071067812,0.7071067812),(1.0000000000,1.0000000000)))
REPRESENTATION_ITEM('')
SURFACE()
);

#12905=ORIENTED_EDGE('',*,*,#12719,.F.);
#12914=ORIENTED_EDGE('',*,*,#2804,.F.);
#12923=ORIENTED_EDGE('',*,*,#2797,.F.);
#12930=ORIENTED_EDGE('',*,*,#12834,.F.);
#12939=ORIENTED_EDGE('',*,*,#5166,.F.);
#12946=ORIENTED_EDGE('',*,*,#5157,.F.);
#12947=EDGE_LOOP('',(#12905,#12914,#12923,#12930,#12939,#12946));
#12948=FACE_OUTER_BOUND('',#12947,.T.);
#12949=ADVANCED_FACE('',(#12948),#12890,.T.);
#12950=COLOUR_RGB('',0.39,0.39,0.39);
#12951=FILL_AREA_STYLE_COLOUR('',#12950);
#12952=FILL_AREA_STYLE('',(#12951));
#12953=SURFACE_STYLE_FILL_AREA(#12952);
#12954=SURFACE_STYLE_TRANSPARENT(0.00);
#12955=SURFACE_STYLE_RENDERING_WITH_PROPERTIES(.NORMAL_SHADING.,#12950,(#12954));
#12956=SURFACE_SIDE_STYLE('',(#12953, #12955));
#12957=SURFACE_STYLE_USAGE(.BOTH.,#12956);
#12958=PRESENTATION_STYLE_ASSIGNMENT((#12957));
#12959=STYLED_ITEM('',(#12958),#12949);

#12961=CARTESIAN_POINT('',(-8.97643,-2.70000,-4.40723));
#12962=CARTESIAN_POINT('',(-17.95287,-2.70000,-8.81445));
#12963=CARTESIAN_POINT('',(-9.41716,-2.70000,-3.50958));
#12964=CARTESIAN_POINT('',(-18.39359,-2.70000,-7.91681));
#12965=CARTESIAN_POINT('',(-9.41716,-3.70000,-3.50958));
#12966=CARTESIAN_POINT('',(-18.39359,-3.70000,-7.91681));
#12960=(
BOUNDED_SURFACE()
B_SPLINE_SURFACE(2,1,((#12961,#12962),(#12963,#12964),(#12965,#12966)),.UNSPECIFIED.,.F.,.F.,.F.)
B_SPLINE_SURFACE_WITH_KNOTS((3,3),(2,2),(0.000,1.000),(0.000,1.000),.UNSPECIFIED.)
GEOMETRIC_REPRESENTATION_ITEM()
RATIONAL_B_SPLINE_SURFACE(((1.0000000000,1.0000000000),(0.7071067812,0.7071067812),(1.0000000000,1.0000000000)))
REPRESENTATION_ITEM('')
SURFACE()
);

#12977=ORIENTED_EDGE('',*,*,#2878,.F.);
#12986=ORIENTED_EDGE('',*,*,#2871,.F.);
#12987=(
BOUNDED_CURVE()
B_SPLINE_CURVE(1,(#2859,#5273),.UNSPECIFIED.,.F.,.F.)
B_SPLINE_CURVE_WITH_KNOTS((2,2),(0.000,1.000),.UNSPECIFIED.)
CURVE()
GEOMETRIC_REPRESENTATION_ITEM()
RATIONAL_B_SPLINE_CURVE((1.0000000000,1.0000000000))
REPRESENTATION_ITEM('')
);

#12992=EDGE_CURVE('',#2861,#5275,#12987,.T.);
#12993=ORIENTED_EDGE('',*,*,#12992,.T.);
#13002=ORIENTED_EDGE('',*,*,#5276,.F.);
#13011=ORIENTED_EDGE('',*,*,#5267,.F.);
#13012=(
BOUNDED_CURVE()
B_SPLINE_CURVE(1,(#5255,#2808),.UNSPECIFIED.,.F.,.F.)
B_SPLINE_CURVE_WITH_KNOTS((2,2),(0.000,1.000),.UNSPECIFIED.)
CURVE()
GEOMETRIC_REPRESENTATION_ITEM()
RATIONAL_B_SPLINE_CURVE((1.0000000000,1.0000000000))
REPRESENTATION_ITEM('')
);

#13015=EDGE_CURVE('',#5257,#2809,#13012,.T.);
#13016=ORIENTED_EDGE('',*,*,#13015,.T.);
#13017=EDGE_LOOP('',(#12977,#12986,#12993,#13002,#13011,#13016));
#13018=FACE_OUTER_BOUND('',#13017,.T.);
#13019=ADVANCED_FACE('',(#13018),#12960,.T.);
#13020=COLOUR_RGB('',0.39,0.39,0.39);
#13021=FILL_AREA_STYLE_COLOUR('',#13020);
#13022=FILL_AREA_STYLE('',(#13021));
#13023=SURFACE_STYLE_FILL_AREA(#13022);
#13024=SURFACE_STYLE_TRANSPARENT(0.00);
#13025=SURFACE_STYLE_RENDERING_WITH_PROPERTIES(.NORMAL_SHADING.,#13020,(#13024));
#13026=SURFACE_SIDE_STYLE('',(#13023, #13025));
#13027=SURFACE_STYLE_USAGE(.BOTH.,#13026);
#13028=PRESENTATION_STYLE_ASSIGNMENT((#13027));
#13029=STYLED_ITEM('',(#13028),#13019);

#13031=CARTESIAN_POINT('',(-8.53571,-3.70000,-5.30487));
#13032=CARTESIAN_POINT('',(-17.51214,-3.70000,-9.71210));
#13033=CARTESIAN_POINT('',(-8.53571,-2.70000,-5.30487));
#13034=CARTESIAN_POINT('',(-17.51214,-2.70000,-9.71210));
#13030=(
BOUNDED_SURFACE()
B_SPLINE_SURFACE(2,1,((#13031,#13032),(#13033,#13034),(#12961,#12962)),.UNSPECIFIED.,.F.,.F.,.F.)
B_SPLINE_SURFACE_WITH_KNOTS((3,3),(2,2),(0.000,1.000),(0.000,1.000),.UNSPECIFIED.)
GEOMETRIC_REPRESENTATION_ITEM()
RATIONAL_B_SPLINE_SURFACE(((1.0000000000,1.0000000000),(0.7071067812,0.7071067812),(1.0000000000,1.0000000000)))
REPRESENTATION_ITEM('')
SURFACE()
);

#13047=ORIENTED_EDGE('',*,*,#2826,.F.);
#13056=ORIENTED_EDGE('',*,*,#2817,.F.);
#13063=ORIENTED_EDGE('',*,*,#13015,.F.);
#13072=ORIENTED_EDGE('',*,*,#5258,.F.);
#13081=ORIENTED_EDGE('',*,*,#5249,.F.);
#13082=(
BOUNDED_CURVE()
B_SPLINE_CURVE(1,(#5237,#2823),.UNSPECIFIED.,.F.,.F.)
B_SPLINE_CURVE_WITH_KNOTS((2,2),(0.000,1.000),.UNSPECIFIED.)
CURVE()
GEOMETRIC_REPRESENTATION_ITEM()
RATIONAL_B_SPLINE_CURVE((1.0000000000,1.0000000000))
REPRESENTATION_ITEM('')
);

#13085=EDGE_CURVE('',#5239,#2825,#13082,.T.);
#13086=ORIENTED_EDGE('',*,*,#13085,.T.);
#13087=EDGE_LOOP('',(#13047,#13056,#13063,#13072,#13081,#13086));
#13088=FACE_OUTER_BOUND('',#13087,.T.);
#13089=ADVANCED_FACE('',(#13088),#13030,.T.);
#13090=COLOUR_RGB('',0.39,0.39,0.39);
#13091=FILL_AREA_STYLE_COLOUR('',#13090);
#13092=FILL_AREA_STYLE('',(#13091));
#13093=SURFACE_STYLE_FILL_AREA(#13092);
#13094=SURFACE_STYLE_TRANSPARENT(0.00);
#13095=SURFACE_STYLE_RENDERING_WITH_PROPERTIES(.NORMAL_SHADING.,#13090,(#13094));
#13096=SURFACE_SIDE_STYLE('',(#13093, #13095));
#13097=SURFACE_STYLE_USAGE(.BOTH.,#13096);
#13098=PRESENTATION_STYLE_ASSIGNMENT((#13097));
#13099=STYLED_ITEM('',(#13098),#13089);

#13101=CARTESIAN_POINT('',(-8.97643,-4.70000,-4.40723));
#13102=CARTESIAN_POINT('',(-17.95287,-4.70000,-8.81445));
#13103=CARTESIAN_POINT('',(-8.53571,-4.70000,-5.30487));
#13104=CARTESIAN_POINT('',(-17.51214,-4.70000,-9.71210));
#13100=(
BOUNDED_SURFACE()
B_SPLINE_SURFACE(2,1,((#13101,#13102),(#13103,#13104),(#13031,#13032)),.UNSPECIFIED.,.F.,.F.,.F.)
B_SPLINE_SURFACE_WITH_KNOTS((3,3),(2,2),(0.000,1.000),(0.000,1.000),.UNSPECIFIED.)
GEOMETRIC_REPRESENTATION_ITEM()
RATIONAL_B_SPLINE_SURFACE(((1.0000000000,1.0000000000),(0.7071067812,0.7071067812),(1.0000000000,1.0000000000)))
REPRESENTATION_ITEM('')
SURFACE()
);

#13117=ORIENTED_EDGE('',*,*,#2844,.F.);
#13126=ORIENTED_EDGE('',*,*,#2835,.F.);
#13133=ORIENTED_EDGE('',*,*,#13085,.F.);
#13142=ORIENTED_EDGE('',*,*,#5240,.F.);
#13151=ORIENTED_EDGE('',*,*,#5231,.F.);
#13152=(
BOUNDED_CURVE()
B_SPLINE_CURVE(1,(#5222,#2841),.UNSPECIFIED.,.F.,.F.)
B_SPLINE_CURVE_WITH_KNOTS((2,2),(0.000,1.000),.UNSPECIFIED.)
CURVE()
GEOMETRIC_REPRESENTATION_ITEM()
RATIONAL_B_SPLINE_CURVE((1.0000000000,1.0000000000))
REPRESENTATION_ITEM('')
);

#13155=EDGE_CURVE('',#5223,#2843,#13152,.T.);
#13156=ORIENTED_EDGE('',*,*,#13155,.T.);
#13157=EDGE_LOOP('',(#13117,#13126,#13133,#13142,#13151,#13156));
#13158=FACE_OUTER_BOUND('',#13157,.T.);
#13159=ADVANCED_FACE('',(#13158),#13100,.T.);
#13160=COLOUR_RGB('',0.39,0.39,0.39);
#13161=FILL_AREA_STYLE_COLOUR('',#13160);
#13162=FILL_AREA_STYLE('',(#13161));
#13163=SURFACE_STYLE_FILL_AREA(#13162);
#13164=SURFACE_STYLE_TRANSPARENT(0.00);
#13165=SURFACE_STYLE_RENDERING_WITH_PROPERTIES(.NORMAL_SHADING.,#13160,(#13164));
#13166=SURFACE_SIDE_STYLE('',(#13163, #13165));
#13167=SURFACE_STYLE_USAGE(.BOTH.,#13166);
#13168=PRESENTATION_STYLE_ASSIGNMENT((#13167));
#13169=STYLED_ITEM('',(#13168),#13159);

#13173=CARTESIAN_POINT('',(-9.41716,-4.70000,-3.50958));
#13174=CARTESIAN_POINT('',(-18.39359,-4.70000,-7.91681));
#13170=(
BOUNDED_SURFACE()
B_SPLINE_SURFACE(2,1,((#12965,#12966),(#13173,#13174),(#13101,#13102)),.UNSPECIFIED.,.F.,.F.,.F.)
B_SPLINE_SURFACE_WITH_KNOTS((3,3),(2,2),(0.000,1.000),(0.000,1.000),.UNSPECIFIED.)
GEOMETRIC_REPRESENTATION_ITEM()
RATIONAL_B_SPLINE_SURFACE(((1.0000000000,1.0000000000),(0.7071067812,0.7071067812),(1.0000000000,1.0000000000)))
REPRESENTATION_ITEM('')
SURFACE()
);

#13187=ORIENTED_EDGE('',*,*,#2862,.F.);
#13196=ORIENTED_EDGE('',*,*,#2853,.F.);
#13203=ORIENTED_EDGE('',*,*,#13155,.F.);
#13212=ORIENTED_EDGE('',*,*,#5292,.F.);
#13221=ORIENTED_EDGE('',*,*,#5285,.F.);
#13226=ORIENTED_EDGE('',*,*,#12992,.F.);
#13227=EDGE_LOOP('',(#13187,#13196,#13203,#13212,#13221,#13226));
#13228=FACE_OUTER_BOUND('',#13227,.T.);
#13229=ADVANCED_FACE('',(#13228),#13170,.T.);
#13230=COLOUR_RGB('',0.39,0.39,0.39);
#13231=FILL_AREA_STYLE_COLOUR('',#13230);
#13232=FILL_AREA_STYLE('',(#13231));
#13233=SURFACE_STYLE_FILL_AREA(#13232);
#13234=SURFACE_STYLE_TRANSPARENT(0.00);
#13235=SURFACE_STYLE_RENDERING_WITH_PROPERTIES(.NORMAL_SHADING.,#13230,(#13234));
#13236=SURFACE_SIDE_STYLE('',(#13233, #13235));
#13237=SURFACE_STYLE_USAGE(.BOTH.,#13236);
#13238=PRESENTATION_STYLE_ASSIGNMENT((#13237));
#13239=STYLED_ITEM('',(#13238),#13229);

#13241=CARTESIAN_POINT('',(-7.52989,-2.70000,-6.58033));
#13242=CARTESIAN_POINT('',(-15.05979,-2.70000,-13.16065));
#13243=CARTESIAN_POINT('',(-8.18793,-2.70000,-5.82734));
#13244=CARTESIAN_POINT('',(-15.71782,-2.70000,-12.40766));
#13245=CARTESIAN_POINT('',(-8.18793,-3.70000,-5.82734));
#13246=CARTESIAN_POINT('',(-15.71782,-3.70000,-12.40766));
#13240=(
BOUNDED_SURFACE()
B_SPLINE_SURFACE(2,1,((#13241,#13242),(#13243,#13244),(#13245,#13246)),.UNSPECIFIED.,.F.,.F.,.F.)
B_SPLINE_SURFACE_WITH_KNOTS((3,3),(2,2),(0.000,1.000),(0.000,1.000),.UNSPECIFIED.)
GEOMETRIC_REPRESENTATION_ITEM()
RATIONAL_B_SPLINE_SURFACE(((1.0000000000,1.0000000000),(0.7071067812,0.7071067812),(1.0000000000,1.0000000000)))
REPRESENTATION_ITEM('')
SURFACE()
);

#13249=(
BOUNDED_CURVE()
B_SPLINE_CURVE(1,(#5311,#2933),.UNSPECIFIED.,.F.,.F.)
B_SPLINE_CURVE_WITH_KNOTS((2,2),(0.000,1.000),.UNSPECIFIED.)
CURVE()
GEOMETRIC_REPRESENTATION_ITEM()
RATIONAL_B_SPLINE_CURVE((1.0000000000,1.0000000000))
REPRESENTATION_ITEM('')
);

#13254=EDGE_CURVE('',#5313,#2935,#13249,.T.);
#13255=ORIENTED_EDGE('',*,*,#13254,.T.);
#13264=ORIENTED_EDGE('',*,*,#2936,.F.);
#13273=ORIENTED_EDGE('',*,*,#2927,.F.);
#13274=(
BOUNDED_CURVE()
B_SPLINE_CURVE(1,(#2915,#5329),.UNSPECIFIED.,.F.,.F.)
B_SPLINE_CURVE_WITH_KNOTS((2,2),(0.000,1.000),.UNSPECIFIED.)
CURVE()
GEOMETRIC_REPRESENTATION_ITEM()
RATIONAL_B_SPLINE_CURVE((1.0000000000,1.0000000000))
REPRESENTATION_ITEM('')
);

#13279=EDGE_CURVE('',#2917,#5331,#13274,.T.);
#13280=ORIENTED_EDGE('',*,*,#13279,.T.);
#13289=ORIENTED_EDGE('',*,*,#5332,.F.);
#13296=ORIENTED_EDGE('',*,*,#5323,.F.);
#13297=EDGE_LOOP('',(#13255,#13264,#13273,#13280,#13289,#13296));
#13298=FACE_OUTER_BOUND('',#13297,.T.);
#13299=ADVANCED_FACE('',(#13298),#13240,.T.);
#13300=COLOUR_RGB('',0.39,0.39,0.39);
#13301=FILL_AREA_STYLE_COLOUR('',#13300);
#13302=FILL_AREA_STYLE('',(#13301));
#13303=SURFACE_STYLE_FILL_AREA(#13302);
#13304=SURFACE_STYLE_TRANSPARENT(0.00);
#13305=SURFACE_STYLE_RENDERING_WITH_PROPERTIES(.NORMAL_SHADING.,#13300,(#13304));
#13306=SURFACE_SIDE_STYLE('',(#13303, #13305));
#13307=SURFACE_STYLE_USAGE(.BOTH.,#13306);
#13308=PRESENTATION_STYLE_ASSIGNMENT((#13307));
#13309=STYLED_ITEM('',(#13308),#13299);

#13311=CARTESIAN_POINT('',(-6.87186,-3.70000,-7.33332));
#13312=CARTESIAN_POINT('',(-14.40176,-3.70000,-13.91364));
#13313=CARTESIAN_POINT('',(-6.87186,-2.70000,-7.33332));
#13314=CARTESIAN_POINT('',(-14.40176,-2.70000,-13.91364));
#13310=(
BOUNDED_SURFACE()
B_SPLINE_SURFACE(2,1,((#13311,#13312),(#13313,#13314),(#13241,#13242)),.UNSPECIFIED.,.F.,.F.,.F.)
B_SPLINE_SURFACE_WITH_KNOTS((3,3),(2,2),(0.000,1.000),(0.000,1.000),.UNSPECIFIED.)
GEOMETRIC_REPRESENTATION_ITEM()
RATIONAL_B_SPLINE_SURFACE(((1.0000000000,1.0000000000),(0.7071067812,0.7071067812),(1.0000000000,1.0000000000)))
REPRESENTATION_ITEM('')
SURFACE()
);

#13319=(
BOUNDED_CURVE()
B_SPLINE_CURVE(1,(#5296,#2882),.UNSPECIFIED.,.F.,.F.)
B_SPLINE_CURVE_WITH_KNOTS((2,2),(0.000,1.000),.UNSPECIFIED.)
CURVE()
GEOMETRIC_REPRESENTATION_ITEM()
RATIONAL_B_SPLINE_CURVE((1.0000000000,1.0000000000))
REPRESENTATION_ITEM('')
);

#13324=EDGE_CURVE('',#5297,#2883,#13319,.T.);
#13325=ORIENTED_EDGE('',*,*,#13324,.T.);
#13334=ORIENTED_EDGE('',*,*,#2952,.F.);
#13343=ORIENTED_EDGE('',*,*,#2945,.F.);
#13350=ORIENTED_EDGE('',*,*,#13254,.F.);
#13359=ORIENTED_EDGE('',*,*,#5314,.F.);
#13366=ORIENTED_EDGE('',*,*,#5305,.F.);
#13367=EDGE_LOOP('',(#13325,#13334,#13343,#13350,#13359,#13366));
#13368=FACE_OUTER_BOUND('',#13367,.T.);
#13369=ADVANCED_FACE('',(#13368),#13310,.T.);
#13370=COLOUR_RGB('',0.39,0.39,0.39);
#13371=FILL_AREA_STYLE_COLOUR('',#13370);
#13372=FILL_AREA_STYLE('',(#13371));
#13373=SURFACE_STYLE_FILL_AREA(#13372);
#13374=SURFACE_STYLE_TRANSPARENT(0.00);
#13375=SURFACE_STYLE_RENDERING_WITH_PROPERTIES(.NORMAL_SHADING.,#13370,(#13374));
#13376=SURFACE_SIDE_STYLE('',(#13373, #13375));
#13377=SURFACE_STYLE_USAGE(.BOTH.,#13376);
#13378=PRESENTATION_STYLE_ASSIGNMENT((#13377));
#13379=STYLED_ITEM('',(#13378),#13369);

#13381=CARTESIAN_POINT('',(-7.52989,-4.70000,-6.58033));
#13382=CARTESIAN_POINT('',(-15.05979,-4.70000,-13.16065));
#13383=CARTESIAN_POINT('',(-6.87186,-4.70000,-7.33332));
#13384=CARTESIAN_POINT('',(-14.40176,-4.70000,-13.91364));
#13380=(
BOUNDED_SURFACE()
B_SPLINE_SURFACE(2,1,((#13381,#13382),(#13383,#13384),(#13311,#13312)),.UNSPECIFIED.,.F.,.F.,.F.)
B_SPLINE_SURFACE_WITH_KNOTS((3,3),(2,2),(0.000,1.000),(0.000,1.000),.UNSPECIFIED.)
GEOMETRIC_REPRESENTATION_ITEM()
RATIONAL_B_SPLINE_SURFACE(((1.0000000000,1.0000000000),(0.7071067812,0.7071067812),(1.0000000000,1.0000000000)))
REPRESENTATION_ITEM('')
SURFACE()
);

#13389=(
BOUNDED_CURVE()
B_SPLINE_CURVE(1,(#5347,#2897),.UNSPECIFIED.,.F.,.F.)
B_SPLINE_CURVE_WITH_KNOTS((2,2),(0.000,1.000),.UNSPECIFIED.)
CURVE()
GEOMETRIC_REPRESENTATION_ITEM()
RATIONAL_B_SPLINE_CURVE((1.0000000000,1.0000000000))
REPRESENTATION_ITEM('')
);

#13394=EDGE_CURVE('',#5349,#2899,#13389,.T.);
#13395=ORIENTED_EDGE('',*,*,#13394,.T.);
#13404=ORIENTED_EDGE('',*,*,#2900,.F.);
#13413=ORIENTED_EDGE('',*,*,#2891,.F.);
#13420=ORIENTED_EDGE('',*,*,#13324,.F.);
#13429=ORIENTED_EDGE('',*,*,#5366,.F.);
#13436=ORIENTED_EDGE('',*,*,#5359,.F.);
#13437=EDGE_LOOP('',(#13395,#13404,#13413,#13420,#13429,#13436));
#13438=FACE_OUTER_BOUND('',#13437,.T.);
#13439=ADVANCED_FACE('',(#13438),#13380,.T.);
#13440=COLOUR_RGB('',0.39,0.39,0.39);
#13441=FILL_AREA_STYLE_COLOUR('',#13440);
#13442=FILL_AREA_STYLE('',(#13441));
#13443=SURFACE_STYLE_FILL_AREA(#13442);
#13444=SURFACE_STYLE_TRANSPARENT(0.00);
#13445=SURFACE_STYLE_RENDERING_WITH_PROPERTIES(.NORMAL_SHADING.,#13440,(#13444));
#13446=SURFACE_SIDE_STYLE('',(#13443, #13445));
#13447=SURFACE_STYLE_USAGE(.BOTH.,#13446);
#13448=PRESENTATION_STYLE_ASSIGNMENT((#13447));
#13449=STYLED_ITEM('',(#13448),#13439);

#13453=CARTESIAN_POINT('',(-8.18793,-4.70000,-5.82734));
#13454=CARTESIAN_POINT('',(-15.71782,-4.70000,-12.40766));
#13450=(
BOUNDED_SURFACE()
B_SPLINE_SURFACE(2,1,((#13245,#13246),(#13453,#13454),(#13381,#13382)),.UNSPECIFIED.,.F.,.F.,.F.)
B_SPLINE_SURFACE_WITH_KNOTS((3,3),(2,2),(0.000,1.000),(0.000,1.000),.UNSPECIFIED.)
GEOMETRIC_REPRESENTATION_ITEM()
RATIONAL_B_SPLINE_SURFACE(((1.0000000000,1.0000000000),(0.7071067812,0.7071067812),(1.0000000000,1.0000000000)))
REPRESENTATION_ITEM('')
SURFACE()
);

#13465=ORIENTED_EDGE('',*,*,#13279,.F.);
#13474=ORIENTED_EDGE('',*,*,#2918,.F.);
#13483=ORIENTED_EDGE('',*,*,#2909,.F.);
#13490=ORIENTED_EDGE('',*,*,#13394,.F.);
#13499=ORIENTED_EDGE('',*,*,#5350,.F.);
#13506=ORIENTED_EDGE('',*,*,#5341,.F.);
#13507=EDGE_LOOP('',(#13465,#13474,#13483,#13490,#13499,#13506));
#13508=FACE_OUTER_BOUND('',#13507,.T.);
#13509=ADVANCED_FACE('',(#13508),#13450,.T.);
#13510=COLOUR_RGB('',0.39,0.39,0.39);
#13511=FILL_AREA_STYLE_COLOUR('',#13510);
#13512=FILL_AREA_STYLE('',(#13511));
#13513=SURFACE_STYLE_FILL_AREA(#13512);
#13514=SURFACE_STYLE_TRANSPARENT(0.00);
#13515=SURFACE_STYLE_RENDERING_WITH_PROPERTIES(.NORMAL_SHADING.,#13510,(#13514));
#13516=SURFACE_SIDE_STYLE('',(#13513, #13515));
#13517=SURFACE_STYLE_USAGE(.BOTH.,#13516);
#13518=PRESENTATION_STYLE_ASSIGNMENT((#13517));
#13519=STYLED_ITEM('',(#13518),#13509);

#13521=CARTESIAN_POINT('',(-5.57021,-2.70000,-8.30499));
#13522=CARTESIAN_POINT('',(-11.14041,-2.70000,-16.60997));
#13523=CARTESIAN_POINT('',(-6.40070,-2.70000,-7.74797));
#13524=CARTESIAN_POINT('',(-11.97091,-2.70000,-16.05295));
#13525=CARTESIAN_POINT('',(-6.40070,-3.70000,-7.74797));
#13526=CARTESIAN_POINT('',(-11.97091,-3.70000,-16.05295));
#13520=(
BOUNDED_SURFACE()
B_SPLINE_SURFACE(2,1,((#13521,#13522),(#13523,#13524),(#13525,#13526)),.UNSPECIFIED.,.F.,.F.,.F.)
B_SPLINE_SURFACE_WITH_KNOTS((3,3),(2,2),(0.000,1.000),(0.000,1.000),.UNSPECIFIED.)
GEOMETRIC_REPRESENTATION_ITEM()
RATIONAL_B_SPLINE_SURFACE(((1.0000000000,1.0000000000),(0.7071067812,0.7071067812),(1.0000000000,1.0000000000)))
REPRESENTATION_ITEM('')
SURFACE()
);

#13537=ORIENTED_EDGE('',*,*,#2992,.F.);
#13546=ORIENTED_EDGE('',*,*,#2983,.F.);
#13547=(
BOUNDED_CURVE()
B_SPLINE_CURVE(1,(#2971,#5385),.UNSPECIFIED.,.F.,.F.)
B_SPLINE_CURVE_WITH_KNOTS((2,2),(0.000,1.000),.UNSPECIFIED.)
CURVE()
GEOMETRIC_REPRESENTATION_ITEM()
RATIONAL_B_SPLINE_CURVE((1.0000000000,1.0000000000))
REPRESENTATION_ITEM('')
);

#13552=EDGE_CURVE('',#2973,#5387,#13547,.T.);
#13553=ORIENTED_EDGE('',*,*,#13552,.T.);
#13562=ORIENTED_EDGE('',*,*,#5388,.F.);
#13571=ORIENTED_EDGE('',*,*,#5379,.F.);
#13572=(
BOUNDED_CURVE()
B_SPLINE_CURVE(1,(#5370,#2989),.UNSPECIFIED.,.F.,.F.)
B_SPLINE_CURVE_WITH_KNOTS((2,2),(0.000,1.000),.UNSPECIFIED.)
CURVE()
GEOMETRIC_REPRESENTATION_ITEM()
RATIONAL_B_SPLINE_CURVE((1.0000000000,1.0000000000))
REPRESENTATION_ITEM('')
);

#13575=EDGE_CURVE('',#5371,#2991,#13572,.T.);
#13576=ORIENTED_EDGE('',*,*,#13575,.T.);
#13577=EDGE_LOOP('',(#13537,#13546,#13553,#13562,#13571,#13576));
#13578=FACE_OUTER_BOUND('',#13577,.T.);
#13579=ADVANCED_FACE('',(#13578),#13520,.T.);
#13580=COLOUR_RGB('',0.39,0.39,0.39);
#13581=FILL_AREA_STYLE_COLOUR('',#13580);
#13582=FILL_AREA_STYLE('',(#13581));
#13583=SURFACE_STYLE_FILL_AREA(#13582);
#13584=SURFACE_STYLE_TRANSPARENT(0.00);
#13585=SURFACE_STYLE_RENDERING_WITH_PROPERTIES(.NORMAL_SHADING.,#13580,(#13584));
#13586=SURFACE_SIDE_STYLE('',(#13583, #13585));
#13587=SURFACE_STYLE_USAGE(.BOTH.,#13586);
#13588=PRESENTATION_STYLE_ASSIGNMENT((#13587));
#13589=STYLED_ITEM('',(#13588),#13579);

#13591=CARTESIAN_POINT('',(-4.73971,-3.70000,-8.86201));
#13592=CARTESIAN_POINT('',(-10.30991,-3.70000,-17.16699));
#13593=CARTESIAN_POINT('',(-4.73971,-2.70000,-8.86201));
#13594=CARTESIAN_POINT('',(-10.30991,-2.70000,-17.16699));
#13590=(
BOUNDED_SURFACE()
B_SPLINE_SURFACE(2,1,((#13591,#13592),(#13593,#13594),(#13521,#13522)),.UNSPECIFIED.,.F.,.F.,.F.)
B_SPLINE_SURFACE_WITH_KNOTS((3,3),(2,2),(0.000,1.000),(0.000,1.000),.UNSPECIFIED.)
GEOMETRIC_REPRESENTATION_ITEM()
RATIONAL_B_SPLINE_SURFACE(((1.0000000000,1.0000000000),(0.7071067812,0.7071067812),(1.0000000000,1.0000000000)))
REPRESENTATION_ITEM('')
SURFACE()
);

#13607=ORIENTED_EDGE('',*,*,#3010,.F.);
#13616=ORIENTED_EDGE('',*,*,#3001,.F.);
#13623=ORIENTED_EDGE('',*,*,#13575,.F.);
#13632=ORIENTED_EDGE('',*,*,#5440,.F.);
#13641=ORIENTED_EDGE('',*,*,#5433,.F.);
#13642=(
BOUNDED_CURVE()
B_SPLINE_CURVE(1,(#5421,#3007),.UNSPECIFIED.,.F.,.F.)
B_SPLINE_CURVE_WITH_KNOTS((2,2),(0.000,1.000),.UNSPECIFIED.)
CURVE()
GEOMETRIC_REPRESENTATION_ITEM()
RATIONAL_B_SPLINE_CURVE((1.0000000000,1.0000000000))
REPRESENTATION_ITEM('')
);

#13645=EDGE_CURVE('',#5423,#3009,#13642,.T.);
#13646=ORIENTED_EDGE('',*,*,#13645,.T.);
#13647=EDGE_LOOP('',(#13607,#13616,#13623,#13632,#13641,#13646));
#13648=FACE_OUTER_BOUND('',#13647,.T.);
#13649=ADVANCED_FACE('',(#13648),#13590,.T.);
#13650=COLOUR_RGB('',0.39,0.39,0.39);
#13651=FILL_AREA_STYLE_COLOUR('',#13650);
#13652=FILL_AREA_STYLE('',(#13651));
#13653=SURFACE_STYLE_FILL_AREA(#13652);
#13654=SURFACE_STYLE_TRANSPARENT(0.00);
#13655=SURFACE_STYLE_RENDERING_WITH_PROPERTIES(.NORMAL_SHADING.,#13650,(#13654));
#13656=SURFACE_SIDE_STYLE('',(#13653, #13655));
#13657=SURFACE_STYLE_USAGE(.BOTH.,#13656);
#13658=PRESENTATION_STYLE_ASSIGNMENT((#13657));
#13659=STYLED_ITEM('',(#13658),#13649);

#13661=CARTESIAN_POINT('',(-5.57021,-4.70000,-8.30499));
#13662=CARTESIAN_POINT('',(-11.14041,-4.70000,-16.60997));
#13663=CARTESIAN_POINT('',(-4.73971,-4.70000,-8.86201));
#13664=CARTESIAN_POINT('',(-10.30991,-4.70000,-17.16699));
#13660=(
BOUNDED_SURFACE()
B_SPLINE_SURFACE(2,1,((#13661,#13662),(#13663,#13664),(#13591,#13592)),.UNSPECIFIED.,.F.,.F.,.F.)
B_SPLINE_SURFACE_WITH_KNOTS((3,3),(2,2),(0.000,1.000),(0.000,1.000),.UNSPECIFIED.)
GEOMETRIC_REPRESENTATION_ITEM()
RATIONAL_B_SPLINE_SURFACE(((1.0000000000,1.0000000000),(0.7071067812,0.7071067812),(1.0000000000,1.0000000000)))
REPRESENTATION_ITEM('')
SURFACE()
);

#13677=ORIENTED_EDGE('',*,*,#3026,.F.);
#13686=ORIENTED_EDGE('',*,*,#3019,.F.);
#13693=ORIENTED_EDGE('',*,*,#13645,.F.);
#13702=ORIENTED_EDGE('',*,*,#5424,.F.);
#13711=ORIENTED_EDGE('',*,*,#5415,.F.);
#13712=(
BOUNDED_CURVE()
B_SPLINE_CURVE(1,(#5403,#2956),.UNSPECIFIED.,.F.,.F.)
B_SPLINE_CURVE_WITH_KNOTS((2,2),(0.000,1.000),.UNSPECIFIED.)
CURVE()
GEOMETRIC_REPRESENTATION_ITEM()
RATIONAL_B_SPLINE_CURVE((1.0000000000,1.0000000000))
REPRESENTATION_ITEM('')
);

#13715=EDGE_CURVE('',#5405,#2957,#13712,.T.);
#13716=ORIENTED_EDGE('',*,*,#13715,.T.);
#13717=EDGE_LOOP('',(#13677,#13686,#13693,#13702,#13711,#13716));
#13718=FACE_OUTER_BOUND('',#13717,.T.);
#13719=ADVANCED_FACE('',(#13718),#13660,.T.);
#13720=COLOUR_RGB('',0.39,0.39,0.39);
#13721=FILL_AREA_STYLE_COLOUR('',#13720);
#13722=FILL_AREA_STYLE('',(#13721));
#13723=SURFACE_STYLE_FILL_AREA(#13722);
#13724=SURFACE_STYLE_TRANSPARENT(0.00);
#13725=SURFACE_STYLE_RENDERING_WITH_PROPERTIES(.NORMAL_SHADING.,#13720,(#13724));
#13726=SURFACE_SIDE_STYLE('',(#13723, #13725));
#13727=SURFACE_STYLE_USAGE(.BOTH.,#13726);
#13728=PRESENTATION_STYLE_ASSIGNMENT((#13727));
#13729=STYLED_ITEM('',(#13728),#13719);

#13733=CARTESIAN_POINT('',(-6.40070,-4.70000,-7.74797));
#13734=CARTESIAN_POINT('',(-11.97091,-4.70000,-16.05295));
#13730=(
BOUNDED_SURFACE()
B_SPLINE_SURFACE(2,1,((#13525,#13526),(#13733,#13734),(#13661,#13662)),.UNSPECIFIED.,.F.,.F.,.F.)
B_SPLINE_SURFACE_WITH_KNOTS((3,3),(2,2),(0.000,1.000),(0.000,1.000),.UNSPECIFIED.)
GEOMETRIC_REPRESENTATION_ITEM()
RATIONAL_B_SPLINE_SURFACE(((1.0000000000,1.0000000000),(0.7071067812,0.7071067812),(1.0000000000,1.0000000000)))
REPRESENTATION_ITEM('')
SURFACE()
);

#13747=ORIENTED_EDGE('',*,*,#2974,.F.);
#13756=ORIENTED_EDGE('',*,*,#2965,.F.);
#13763=ORIENTED_EDGE('',*,*,#13715,.F.);
#13772=ORIENTED_EDGE('',*,*,#5406,.F.);
#13781=ORIENTED_EDGE('',*,*,#5397,.F.);
#13786=ORIENTED_EDGE('',*,*,#13552,.F.);
#13787=EDGE_LOOP('',(#13747,#13756,#13763,#13772,#13781,#13786));
#13788=FACE_OUTER_BOUND('',#13787,.T.);
#13789=ADVANCED_FACE('',(#13788),#13730,.T.);
#13790=COLOUR_RGB('',0.39,0.39,0.39);
#13791=FILL_AREA_STYLE_COLOUR('',#13790);
#13792=FILL_AREA_STYLE('',(#13791));
#13793=SURFACE_STYLE_FILL_AREA(#13792);
#13794=SURFACE_STYLE_TRANSPARENT(0.00);
#13795=SURFACE_STYLE_RENDERING_WITH_PROPERTIES(.NORMAL_SHADING.,#13790,(#13794));
#13796=SURFACE_SIDE_STYLE('',(#13793, #13795));
#13797=SURFACE_STYLE_USAGE(.BOTH.,#13796);
#13798=PRESENTATION_STYLE_ASSIGNMENT((#13797));
#13799=STYLED_ITEM('',(#13798),#13789);

#13801=CARTESIAN_POINT('',(-3.23092,-2.70000,-9.46368));
#13802=CARTESIAN_POINT('',(-6.46183,-2.70000,-18.92735));
#13803=CARTESIAN_POINT('',(-4.17728,-2.70000,-9.14059));
#13804=CARTESIAN_POINT('',(-7.40820,-2.70000,-18.60426));
#13805=CARTESIAN_POINT('',(-4.17728,-3.70000,-9.14059));
#13806=CARTESIAN_POINT('',(-7.40820,-3.70000,-18.60426));
#13800=(
BOUNDED_SURFACE()
B_SPLINE_SURFACE(2,1,((#13801,#13802),(#13803,#13804),(#13805,#13806)),.UNSPECIFIED.,.F.,.F.,.F.)
B_SPLINE_SURFACE_WITH_KNOTS((3,3),(2,2),(0.000,1.000),(0.000,1.000),.UNSPECIFIED.)
GEOMETRIC_REPRESENTATION_ITEM()
RATIONAL_B_SPLINE_SURFACE(((1.0000000000,1.0000000000),(0.7071067812,0.7071067812),(1.0000000000,1.0000000000)))
REPRESENTATION_ITEM('')
SURFACE()
);

#13809=(
BOUNDED_CURVE()
B_SPLINE_CURVE(1,(#5495,#3045),.UNSPECIFIED.,.F.,.F.)
B_SPLINE_CURVE_WITH_KNOTS((2,2),(0.000,1.000),.UNSPECIFIED.)
CURVE()
GEOMETRIC_REPRESENTATION_ITEM()
RATIONAL_B_SPLINE_CURVE((1.0000000000,1.0000000000))
REPRESENTATION_ITEM('')
);

#13814=EDGE_CURVE('',#5497,#3047,#13809,.T.);
#13815=ORIENTED_EDGE('',*,*,#13814,.T.);
#13824=ORIENTED_EDGE('',*,*,#3048,.F.);
#13833=ORIENTED_EDGE('',*,*,#3039,.F.);
#13834=(
BOUNDED_CURVE()
B_SPLINE_CURVE(1,(#3030,#5444),.UNSPECIFIED.,.F.,.F.)
B_SPLINE_CURVE_WITH_KNOTS((2,2),(0.000,1.000),.UNSPECIFIED.)
CURVE()
GEOMETRIC_REPRESENTATION_ITEM()
RATIONAL_B_SPLINE_CURVE((1.0000000000,1.0000000000))
REPRESENTATION_ITEM('')
);

#13839=EDGE_CURVE('',#3031,#5445,#13834,.T.);
#13840=ORIENTED_EDGE('',*,*,#13839,.T.);
#13849=ORIENTED_EDGE('',*,*,#5514,.F.);
#13856=ORIENTED_EDGE('',*,*,#5507,.F.);
#13857=EDGE_LOOP('',(#13815,#13824,#13833,#13840,#13849,#13856));
#13858=FACE_OUTER_BOUND('',#13857,.T.);
#13859=ADVANCED_FACE('',(#13858),#13800,.T.);
#13860=COLOUR_RGB('',0.39,0.39,0.39);
#13861=FILL_AREA_STYLE_COLOUR('',#13860);
#13862=FILL_AREA_STYLE('',(#13861));
#13863=SURFACE_STYLE_FILL_AREA(#13862);
#13864=SURFACE_STYLE_TRANSPARENT(0.00);
#13865=SURFACE_STYLE_RENDERING_WITH_PROPERTIES(.NORMAL_SHADING.,#13860,(#13864));
#13866=SURFACE_SIDE_STYLE('',(#13863, #13865));
#13867=SURFACE_STYLE_USAGE(.BOTH.,#13866);
#13868=PRESENTATION_STYLE_ASSIGNMENT((#13867));
#13869=STYLED_ITEM('',(#13868),#13859);

#13871=CARTESIAN_POINT('',(-2.28455,-3.70000,-9.78677));
#13872=CARTESIAN_POINT('',(-5.51547,-3.70000,-19.25045));
#13873=CARTESIAN_POINT('',(-2.28455,-2.70000,-9.78677));
#13874=CARTESIAN_POINT('',(-5.51547,-2.70000,-19.25045));
#13870=(
BOUNDED_SURFACE()
B_SPLINE_SURFACE(2,1,((#13871,#13872),(#13873,#13874),(#13801,#13802)),.UNSPECIFIED.,.F.,.F.,.F.)
B_SPLINE_SURFACE_WITH_KNOTS((3,3),(2,2),(0.000,1.000),(0.000,1.000),.UNSPECIFIED.)
GEOMETRIC_REPRESENTATION_ITEM()
RATIONAL_B_SPLINE_SURFACE(((1.0000000000,1.0000000000),(0.7071067812,0.7071067812),(1.0000000000,1.0000000000)))
REPRESENTATION_ITEM('')
SURFACE()
);

#13879=(
BOUNDED_CURVE()
B_SPLINE_CURVE(1,(#5477,#3063),.UNSPECIFIED.,.F.,.F.)
B_SPLINE_CURVE_WITH_KNOTS((2,2),(0.000,1.000),.UNSPECIFIED.)
CURVE()
GEOMETRIC_REPRESENTATION_ITEM()
RATIONAL_B_SPLINE_CURVE((1.0000000000,1.0000000000))
REPRESENTATION_ITEM('')
);

#13884=EDGE_CURVE('',#5479,#3065,#13879,.T.);
#13885=ORIENTED_EDGE('',*,*,#13884,.T.);
#13894=ORIENTED_EDGE('',*,*,#3066,.F.);
#13903=ORIENTED_EDGE('',*,*,#3057,.F.);
#13910=ORIENTED_EDGE('',*,*,#13814,.F.);
#13919=ORIENTED_EDGE('',*,*,#5498,.F.);
#13926=ORIENTED_EDGE('',*,*,#5489,.F.);
#13927=EDGE_LOOP('',(#13885,#13894,#13903,#13910,#13919,#13926));
#13928=FACE_OUTER_BOUND('',#13927,.T.);
#13929=ADVANCED_FACE('',(#13928),#13870,.T.);
#13930=COLOUR_RGB('',0.39,0.39,0.39);
#13931=FILL_AREA_STYLE_COLOUR('',#13930);
#13932=FILL_AREA_STYLE('',(#13931));
#13933=SURFACE_STYLE_FILL_AREA(#13932);
#13934=SURFACE_STYLE_TRANSPARENT(0.00);
#13935=SURFACE_STYLE_RENDERING_WITH_PROPERTIES(.NORMAL_SHADING.,#13930,(#13934));
#13936=SURFACE_SIDE_STYLE('',(#13933, #13935));
#13937=SURFACE_STYLE_USAGE(.BOTH.,#13936);
#13938=PRESENTATION_STYLE_ASSIGNMENT((#13937));
#13939=STYLED_ITEM('',(#13938),#13929);

#13941=CARTESIAN_POINT('',(-3.23092,-4.70000,-9.46368));
#13942=CARTESIAN_POINT('',(-6.46183,-4.70000,-18.92735));
#13943=CARTESIAN_POINT('',(-2.28455,-4.70000,-9.78677));
#13944=CARTESIAN_POINT('',(-5.51547,-4.70000,-19.25045));
#13940=(
BOUNDED_SURFACE()
B_SPLINE_SURFACE(2,1,((#13941,#13942),(#13943,#13944),(#13871,#13872)),.UNSPECIFIED.,.F.,.F.,.F.)
B_SPLINE_SURFACE_WITH_KNOTS((3,3),(2,2),(0.000,1.000),(0.000,1.000),.UNSPECIFIED.)
GEOMETRIC_REPRESENTATION_ITEM()
RATIONAL_B_SPLINE_SURFACE(((1.0000000000,1.0000000000),(0.7071067812,0.7071067812),(1.0000000000,1.0000000000)))
REPRESENTATION_ITEM('')
SURFACE()
);

#13949=(
BOUNDED_CURVE()
B_SPLINE_CURVE(1,(#5459,#3081),.UNSPECIFIED.,.F.,.F.)
B_SPLINE_CURVE_WITH_KNOTS((2,2),(0.000,1.000),.UNSPECIFIED.)
CURVE()
GEOMETRIC_REPRESENTATION_ITEM()
RATIONAL_B_SPLINE_CURVE((1.0000000000,1.0000000000))
REPRESENTATION_ITEM('')
);

#13954=EDGE_CURVE('',#5461,#3083,#13949,.T.);
#13955=ORIENTED_EDGE('',*,*,#13954,.T.);
#13964=ORIENTED_EDGE('',*,*,#3084,.F.);
#13973=ORIENTED_EDGE('',*,*,#3075,.F.);
#13980=ORIENTED_EDGE('',*,*,#13884,.F.);
#13989=ORIENTED_EDGE('',*,*,#5480,.F.);
#13996=ORIENTED_EDGE('',*,*,#5471,.F.);
#13997=EDGE_LOOP('',(#13955,#13964,#13973,#13980,#13989,#13996));
#13998=FACE_OUTER_BOUND('',#13997,.T.);
#13999=ADVANCED_FACE('',(#13998),#13940,.T.);
#14000=COLOUR_RGB('',0.39,0.39,0.39);
#14001=FILL_AREA_STYLE_COLOUR('',#14000);
#14002=FILL_AREA_STYLE('',(#14001));
#14003=SURFACE_STYLE_FILL_AREA(#14002);
#14004=SURFACE_STYLE_TRANSPARENT(0.00);
#14005=SURFACE_STYLE_RENDERING_WITH_PROPERTIES(.NORMAL_SHADING.,#14000,(#14004));
#14006=SURFACE_SIDE_STYLE('',(#14003, #14005));
#14007=SURFACE_STYLE_USAGE(.BOTH.,#14006);
#14008=PRESENTATION_STYLE_ASSIGNMENT((#14007));
#14009=STYLED_ITEM('',(#14008),#13999);

#14013=CARTESIAN_POINT('',(-4.17728,-4.70000,-9.14059));
#14014=CARTESIAN_POINT('',(-7.40820,-4.70000,-18.60426));
#14010=(
BOUNDED_SURFACE()
B_SPLINE_SURFACE(2,1,((#13805,#13806),(#14013,#14014),(#13941,#13942)),.UNSPECIFIED.,.F.,.F.,.F.)
B_SPLINE_SURFACE_WITH_KNOTS((3,3),(2,2),(0.000,1.000),(0.000,1.000),.UNSPECIFIED.)
GEOMETRIC_REPRESENTATION_ITEM()
RATIONAL_B_SPLINE_SURFACE(((1.0000000000,1.0000000000),(0.7071067812,0.7071067812),(1.0000000000,1.0000000000)))
REPRESENTATION_ITEM('')
SURFACE()
);

#14025=ORIENTED_EDGE('',*,*,#13839,.F.);
#14034=ORIENTED_EDGE('',*,*,#3100,.F.);
#14043=ORIENTED_EDGE('',*,*,#3093,.F.);
#14050=ORIENTED_EDGE('',*,*,#13954,.F.);
#14059=ORIENTED_EDGE('',*,*,#5462,.F.);
#14066=ORIENTED_EDGE('',*,*,#5453,.F.);
#14067=EDGE_LOOP('',(#14025,#14034,#14043,#14050,#14059,#14066));
#14068=FACE_OUTER_BOUND('',#14067,.T.);
#14069=ADVANCED_FACE('',(#14068),#14010,.T.);
#14070=COLOUR_RGB('',0.39,0.39,0.39);
#14071=FILL_AREA_STYLE_COLOUR('',#14070);
#14072=FILL_AREA_STYLE('',(#14071));
#14073=SURFACE_STYLE_FILL_AREA(#14072);
#14074=SURFACE_STYLE_TRANSPARENT(0.00);
#14075=SURFACE_STYLE_RENDERING_WITH_PROPERTIES(.NORMAL_SHADING.,#14070,(#14074));
#14076=SURFACE_SIDE_STYLE('',(#14073, #14075));
#14077=SURFACE_STYLE_USAGE(.BOTH.,#14076);
#14078=PRESENTATION_STYLE_ASSIGNMENT((#14077));
#14079=STYLED_ITEM('',(#14078),#14069);

#14081=CARTESIAN_POINT('',(-0.67145,-2.70000,-9.97743));
#14082=CARTESIAN_POINT('',(-1.34289,-2.70000,-19.95487));
#14083=CARTESIAN_POINT('',(-1.66919,-2.70000,-9.91029));
#14084=CARTESIAN_POINT('',(-2.34064,-2.70000,-19.88772));
#14085=CARTESIAN_POINT('',(-1.66919,-3.70000,-9.91029));
#14086=CARTESIAN_POINT('',(-2.34064,-3.70000,-19.88772));
#14080=(
BOUNDED_SURFACE()
B_SPLINE_SURFACE(2,1,((#14081,#14082),(#14083,#14084),(#14085,#14086)),.UNSPECIFIED.,.F.,.F.,.F.)
B_SPLINE_SURFACE_WITH_KNOTS((3,3),(2,2),(0.000,1.000),(0.000,1.000),.UNSPECIFIED.)
GEOMETRIC_REPRESENTATION_ITEM()
RATIONAL_B_SPLINE_SURFACE(((1.0000000000,1.0000000000),(0.7071067812,0.7071067812),(1.0000000000,1.0000000000)))
REPRESENTATION_ITEM('')
SURFACE()
);

#14097=ORIENTED_EDGE('',*,*,#3174,.F.);
#14106=ORIENTED_EDGE('',*,*,#3167,.F.);
#14107=(
BOUNDED_CURVE()
B_SPLINE_CURVE(1,(#3155,#5109),.UNSPECIFIED.,.F.,.F.)
B_SPLINE_CURVE_WITH_KNOTS((2,2),(0.000,1.000),.UNSPECIFIED.)
CURVE()
GEOMETRIC_REPRESENTATION_ITEM()
RATIONAL_B_SPLINE_CURVE((1.0000000000,1.0000000000))
REPRESENTATION_ITEM('')
);

#14112=EDGE_CURVE('',#3157,#5111,#14107,.T.);
#14113=ORIENTED_EDGE('',*,*,#14112,.T.);
#14122=ORIENTED_EDGE('',*,*,#5112,.F.);
#14131=ORIENTED_EDGE('',*,*,#5103,.F.);
#14132=(
BOUNDED_CURVE()
B_SPLINE_CURVE(1,(#5091,#3104),.UNSPECIFIED.,.F.,.F.)
B_SPLINE_CURVE_WITH_KNOTS((2,2),(0.000,1.000),.UNSPECIFIED.)
CURVE()
GEOMETRIC_REPRESENTATION_ITEM()
RATIONAL_B_SPLINE_CURVE((1.0000000000,1.0000000000))
REPRESENTATION_ITEM('')
);

#14135=EDGE_CURVE('',#5093,#3105,#14132,.T.);
#14136=ORIENTED_EDGE('',*,*,#14135,.T.);
#14137=EDGE_LOOP('',(#14097,#14106,#14113,#14122,#14131,#14136));
#14138=FACE_OUTER_BOUND('',#14137,.T.);
#14139=ADVANCED_FACE('',(#14138),#14080,.T.);
#14140=COLOUR_RGB('',0.39,0.39,0.39);
#14141=FILL_AREA_STYLE_COLOUR('',#14140);
#14142=FILL_AREA_STYLE('',(#14141));
#14143=SURFACE_STYLE_FILL_AREA(#14142);
#14144=SURFACE_STYLE_TRANSPARENT(0.00);
#14145=SURFACE_STYLE_RENDERING_WITH_PROPERTIES(.NORMAL_SHADING.,#14140,(#14144));
#14146=SURFACE_SIDE_STYLE('',(#14143, #14145));
#14147=SURFACE_STYLE_USAGE(.BOTH.,#14146);
#14148=PRESENTATION_STYLE_ASSIGNMENT((#14147));
#14149=STYLED_ITEM('',(#14148),#14139);

#14151=CARTESIAN_POINT('',(0.32630,-3.70000,-10.04458));
#14152=CARTESIAN_POINT('',(-0.34515,-3.70000,-20.02201));
#14153=CARTESIAN_POINT('',(0.32630,-2.70000,-10.04458));
#14154=CARTESIAN_POINT('',(-0.34515,-2.70000,-20.02201));
#14150=(
BOUNDED_SURFACE()
B_SPLINE_SURFACE(2,1,((#14151,#14152),(#14153,#14154),(#14081,#14082)),.UNSPECIFIED.,.F.,.F.,.F.)
B_SPLINE_SURFACE_WITH_KNOTS((3,3),(2,2),(0.000,1.000),(0.000,1.000),.UNSPECIFIED.)
GEOMETRIC_REPRESENTATION_ITEM()
RATIONAL_B_SPLINE_SURFACE(((1.0000000000,1.0000000000),(0.7071067812,0.7071067812),(1.0000000000,1.0000000000)))
REPRESENTATION_ITEM('')
SURFACE()
);

#14167=ORIENTED_EDGE('',*,*,#4618,.F.);
#14168=(
BOUNDED_CURVE()
B_SPLINE_CURVE(1,(#4606,#3119),.UNSPECIFIED.,.F.,.F.)
B_SPLINE_CURVE_WITH_KNOTS((2,2),(0.000,1.000),.UNSPECIFIED.)
CURVE()
GEOMETRIC_REPRESENTATION_ITEM()
RATIONAL_B_SPLINE_CURVE((1.0000000000,1.0000000000))
REPRESENTATION_ITEM('')
);

#14173=EDGE_CURVE('',#4608,#3121,#14168,.T.);
#14174=ORIENTED_EDGE('',*,*,#14173,.T.);
#14183=ORIENTED_EDGE('',*,*,#3122,.F.);
#14192=ORIENTED_EDGE('',*,*,#3113,.F.);
#14199=ORIENTED_EDGE('',*,*,#14135,.F.);
#14206=ORIENTED_EDGE('',*,*,#5094,.F.);
#14207=EDGE_LOOP('',(#14167,#14174,#14183,#14192,#14199,#14206));
#14208=FACE_OUTER_BOUND('',#14207,.T.);
#14209=ADVANCED_FACE('',(#14208),#14150,.T.);
#14210=COLOUR_RGB('',0.39,0.39,0.39);
#14211=FILL_AREA_STYLE_COLOUR('',#14210);
#14212=FILL_AREA_STYLE('',(#14211));
#14213=SURFACE_STYLE_FILL_AREA(#14212);
#14214=SURFACE_STYLE_TRANSPARENT(0.00);
#14215=SURFACE_STYLE_RENDERING_WITH_PROPERTIES(.NORMAL_SHADING.,#14210,(#14214));
#14216=SURFACE_SIDE_STYLE('',(#14213, #14215));
#14217=SURFACE_STYLE_USAGE(.BOTH.,#14216);
#14218=PRESENTATION_STYLE_ASSIGNMENT((#14217));
#14219=STYLED_ITEM('',(#14218),#14209);

#14221=CARTESIAN_POINT('',(-0.67145,-4.70000,-9.97743));
#14222=CARTESIAN_POINT('',(-1.34289,-4.70000,-19.95487));
#14223=CARTESIAN_POINT('',(0.32630,-4.70000,-10.04458));
#14224=CARTESIAN_POINT('',(-0.34515,-4.70000,-20.02201));
#14220=(
BOUNDED_SURFACE()
B_SPLINE_SURFACE(2,1,((#14221,#14222),(#14223,#14224),(#14151,#14152)),.UNSPECIFIED.,.F.,.F.,.F.)
B_SPLINE_SURFACE_WITH_KNOTS((3,3),(2,2),(0.000,1.000),(0.000,1.000),.UNSPECIFIED.)
GEOMETRIC_REPRESENTATION_ITEM()
RATIONAL_B_SPLINE_SURFACE(((1.0000000000,1.0000000000),(0.7071067812,0.7071067812),(1.0000000000,1.0000000000)))
REPRESENTATION_ITEM('')
SURFACE()
);

#14237=ORIENTED_EDGE('',*,*,#4609,.F.);
#14246=ORIENTED_EDGE('',*,*,#5139,.F.);
#14247=(
BOUNDED_CURVE()
B_SPLINE_CURVE(1,(#5127,#3137),.UNSPECIFIED.,.F.,.F.)
B_SPLINE_CURVE_WITH_KNOTS((2,2),(0.000,1.000),.UNSPECIFIED.)
CURVE()
GEOMETRIC_REPRESENTATION_ITEM()
RATIONAL_B_SPLINE_CURVE((1.0000000000,1.0000000000))
REPRESENTATION_ITEM('')
);

#14252=EDGE_CURVE('',#5129,#3139,#14247,.T.);
#14253=ORIENTED_EDGE('',*,*,#14252,.T.);
#14262=ORIENTED_EDGE('',*,*,#3140,.F.);
#14271=ORIENTED_EDGE('',*,*,#3131,.F.);
#14276=ORIENTED_EDGE('',*,*,#14173,.F.);
#14277=EDGE_LOOP('',(#14237,#14246,#14253,#14262,#14271,#14276));
#14278=FACE_OUTER_BOUND('',#14277,.T.);
#14279=ADVANCED_FACE('',(#14278),#14220,.T.);
#14280=COLOUR_RGB('',0.39,0.39,0.39);
#14281=FILL_AREA_STYLE_COLOUR('',#14280);
#14282=FILL_AREA_STYLE('',(#14281));
#14283=SURFACE_STYLE_FILL_AREA(#14282);
#14284=SURFACE_STYLE_TRANSPARENT(0.00);
#14285=SURFACE_STYLE_RENDERING_WITH_PROPERTIES(.NORMAL_SHADING.,#14280,(#14284));
#14286=SURFACE_SIDE_STYLE('',(#14283, #14285));
#14287=SURFACE_STYLE_USAGE(.BOTH.,#14286);
#14288=PRESENTATION_STYLE_ASSIGNMENT((#14287));
#14289=STYLED_ITEM('',(#14288),#14279);

#14293=CARTESIAN_POINT('',(-1.66919,-4.70000,-9.91029));
#14294=CARTESIAN_POINT('',(-2.34064,-4.70000,-19.88772));
#14290=(
BOUNDED_SURFACE()
B_SPLINE_SURFACE(2,1,((#14085,#14086),(#14293,#14294),(#14221,#14222)),.UNSPECIFIED.,.F.,.F.,.F.)
B_SPLINE_SURFACE_WITH_KNOTS((3,3),(2,2),(0.000,1.000),(0.000,1.000),.UNSPECIFIED.)
GEOMETRIC_REPRESENTATION_ITEM()
RATIONAL_B_SPLINE_SURFACE(((1.0000000000,1.0000000000),(0.7071067812,0.7071067812),(1.0000000000,1.0000000000)))
REPRESENTATION_ITEM('')
SURFACE()
);

#14307=ORIENTED_EDGE('',*,*,#3158,.F.);
#14316=ORIENTED_EDGE('',*,*,#3149,.F.);
#14323=ORIENTED_EDGE('',*,*,#14252,.F.);
#14332=ORIENTED_EDGE('',*,*,#5130,.F.);
#14341=ORIENTED_EDGE('',*,*,#5121,.F.);
#14346=ORIENTED_EDGE('',*,*,#14112,.F.);
#14347=EDGE_LOOP('',(#14307,#14316,#14323,#14332,#14341,#14346));
#14348=FACE_OUTER_BOUND('',#14347,.T.);
#14349=ADVANCED_FACE('',(#14348),#14290,.T.);
#14350=COLOUR_RGB('',0.39,0.39,0.39);
#14351=FILL_AREA_STYLE_COLOUR('',#14350);
#14352=FILL_AREA_STYLE('',(#14351));
#14353=SURFACE_STYLE_FILL_AREA(#14352);
#14354=SURFACE_STYLE_TRANSPARENT(0.00);
#14355=SURFACE_STYLE_RENDERING_WITH_PROPERTIES(.NORMAL_SHADING.,#14350,(#14354));
#14356=SURFACE_SIDE_STYLE('',(#14353, #14355));
#14357=SURFACE_STYLE_USAGE(.BOTH.,#14356);
#14358=PRESENTATION_STYLE_ASSIGNMENT((#14357));
#14359=STYLED_ITEM('',(#14358),#14349);

#14361=CARTESIAN_POINT('',(1.93378,-2.70000,-9.81124));
#14362=CARTESIAN_POINT('',(3.86756,-2.70000,-19.62249));
#14363=CARTESIAN_POINT('',(0.95266,-2.70000,-10.00462));
#14364=CARTESIAN_POINT('',(2.88644,-2.70000,-19.81586));
#14365=CARTESIAN_POINT('',(0.95266,-3.70000,-10.00462));
#14366=CARTESIAN_POINT('',(2.88644,-3.70000,-19.81586));
#14360=(
BOUNDED_SURFACE()
B_SPLINE_SURFACE(2,1,((#14361,#14362),(#14363,#14364),(#14365,#14366)),.UNSPECIFIED.,.F.,.F.,.F.)
B_SPLINE_SURFACE_WITH_KNOTS((3,3),(2,2),(0.000,1.000),(0.000,1.000),.UNSPECIFIED.)
GEOMETRIC_REPRESENTATION_ITEM()
RATIONAL_B_SPLINE_SURFACE(((1.0000000000,1.0000000000),(0.7071067812,0.7071067812),(1.0000000000,1.0000000000)))
REPRESENTATION_ITEM('')
SURFACE()
);

#14369=(
BOUNDED_CURVE()
B_SPLINE_CURVE(1,(#4682,#2365),.UNSPECIFIED.,.F.,.F.)
B_SPLINE_CURVE_WITH_KNOTS((2,2),(0.000,1.000),.UNSPECIFIED.)
CURVE()
GEOMETRIC_REPRESENTATION_ITEM()
RATIONAL_B_SPLINE_CURVE((1.0000000000,1.0000000000))
REPRESENTATION_ITEM('')
);

#14374=EDGE_CURVE('',#4684,#2367,#14369,.T.);
#14375=ORIENTED_EDGE('',*,*,#14374,.T.);
#14384=ORIENTED_EDGE('',*,*,#2368,.F.);
#14393=ORIENTED_EDGE('',*,*,#2359,.F.);
#14394=(
BOUNDED_CURVE()
B_SPLINE_CURVE(1,(#2347,#4700),.UNSPECIFIED.,.F.,.F.)
B_SPLINE_CURVE_WITH_KNOTS((2,2),(0.000,1.000),.UNSPECIFIED.)
CURVE()
GEOMETRIC_REPRESENTATION_ITEM()
RATIONAL_B_SPLINE_CURVE((1.0000000000,1.0000000000))
REPRESENTATION_ITEM('')
);

#14399=EDGE_CURVE('',#2349,#4702,#14394,.T.);
#14400=ORIENTED_EDGE('',*,*,#14399,.T.);
#14409=ORIENTED_EDGE('',*,*,#4703,.F.);
#14416=ORIENTED_EDGE('',*,*,#4694,.F.);
#14417=EDGE_LOOP('',(#14375,#14384,#14393,#14400,#14409,#14416));
#14418=FACE_OUTER_BOUND('',#14417,.T.);
#14419=ADVANCED_FACE('',(#14418),#14360,.T.);
#14420=COLOUR_RGB('',0.39,0.39,0.39);
#14421=FILL_AREA_STYLE_COLOUR('',#14420);
#14422=FILL_AREA_STYLE('',(#14421));
#14423=SURFACE_STYLE_FILL_AREA(#14422);
#14424=SURFACE_STYLE_TRANSPARENT(0.00);
#14425=SURFACE_STYLE_RENDERING_WITH_PROPERTIES(.NORMAL_SHADING.,#14420,(#14424));
#14426=SURFACE_SIDE_STYLE('',(#14423, #14425));
#14427=SURFACE_STYLE_USAGE(.BOTH.,#14426);
#14428=PRESENTATION_STYLE_ASSIGNMENT((#14427));
#14429=STYLED_ITEM('',(#14428),#14419);

#14431=CARTESIAN_POINT('',(2.91491,-3.70000,-9.61786));
#14432=CARTESIAN_POINT('',(4.84869,-3.70000,-19.42911));
#14433=CARTESIAN_POINT('',(2.91491,-2.70000,-9.61786));
#14434=CARTESIAN_POINT('',(4.84869,-2.70000,-19.42911));
#14430=(
BOUNDED_SURFACE()
B_SPLINE_SURFACE(2,1,((#14431,#14432),(#14433,#14434),(#14361,#14362)),.UNSPECIFIED.,.F.,.F.,.F.)
B_SPLINE_SURFACE_WITH_KNOTS((3,3),(2,2),(0.000,1.000),(0.000,1.000),.UNSPECIFIED.)
GEOMETRIC_REPRESENTATION_ITEM()
RATIONAL_B_SPLINE_SURFACE(((1.0000000000,1.0000000000),(0.7071067812,0.7071067812),(1.0000000000,1.0000000000)))
REPRESENTATION_ITEM('')
SURFACE()
);

#14439=(
BOUNDED_CURVE()
B_SPLINE_CURVE(1,(#4667,#2314),.UNSPECIFIED.,.F.,.F.)
B_SPLINE_CURVE_WITH_KNOTS((2,2),(0.000,1.000),.UNSPECIFIED.)
CURVE()
GEOMETRIC_REPRESENTATION_ITEM()
RATIONAL_B_SPLINE_CURVE((1.0000000000,1.0000000000))
REPRESENTATION_ITEM('')
);

#14444=EDGE_CURVE('',#4668,#2315,#14439,.T.);
#14445=ORIENTED_EDGE('',*,*,#14444,.T.);
#14454=ORIENTED_EDGE('',*,*,#2384,.F.);
#14463=ORIENTED_EDGE('',*,*,#2377,.F.);
#14470=ORIENTED_EDGE('',*,*,#14374,.F.);
#14479=ORIENTED_EDGE('',*,*,#4685,.F.);
#14486=ORIENTED_EDGE('',*,*,#4676,.F.);
#14487=EDGE_LOOP('',(#14445,#14454,#14463,#14470,#14479,#14486));
#14488=FACE_OUTER_BOUND('',#14487,.T.);
#14489=ADVANCED_FACE('',(#14488),#14430,.T.);
#14490=COLOUR_RGB('',0.39,0.39,0.39);
#14491=FILL_AREA_STYLE_COLOUR('',#14490);
#14492=FILL_AREA_STYLE('',(#14491));
#14493=SURFACE_STYLE_FILL_AREA(#14492);
#14494=SURFACE_STYLE_TRANSPARENT(0.00);
#14495=SURFACE_STYLE_RENDERING_WITH_PROPERTIES(.NORMAL_SHADING.,#14490,(#14494));
#14496=SURFACE_SIDE_STYLE('',(#14493, #14495));
#14497=SURFACE_STYLE_USAGE(.BOTH.,#14496);
#14498=PRESENTATION_STYLE_ASSIGNMENT((#14497));
#14499=STYLED_ITEM('',(#14498),#14489);

#14501=CARTESIAN_POINT('',(1.93378,-4.70000,-9.81124));
#14502=CARTESIAN_POINT('',(3.86756,-4.70000,-19.62249));
#14503=CARTESIAN_POINT('',(2.91491,-4.70000,-9.61786));
#14504=CARTESIAN_POINT('',(4.84869,-4.70000,-19.42911));
#14500=(
BOUNDED_SURFACE()
B_SPLINE_SURFACE(2,1,((#14501,#14502),(#14503,#14504),(#14431,#14432)),.UNSPECIFIED.,.F.,.F.,.F.)
B_SPLINE_SURFACE_WITH_KNOTS((3,3),(2,2),(0.000,1.000),(0.000,1.000),.UNSPECIFIED.)
GEOMETRIC_REPRESENTATION_ITEM()
RATIONAL_B_SPLINE_SURFACE(((1.0000000000,1.0000000000),(0.7071067812,0.7071067812),(1.0000000000,1.0000000000)))
REPRESENTATION_ITEM('')
SURFACE()
);

#14509=(
BOUNDED_CURVE()
B_SPLINE_CURVE(1,(#4718,#2329),.UNSPECIFIED.,.F.,.F.)
B_SPLINE_CURVE_WITH_KNOTS((2,2),(0.000,1.000),.UNSPECIFIED.)
CURVE()
GEOMETRIC_REPRESENTATION_ITEM()
RATIONAL_B_SPLINE_CURVE((1.0000000000,1.0000000000))
REPRESENTATION_ITEM('')
);

#14514=EDGE_CURVE('',#4720,#2331,#14509,.T.);
#14515=ORIENTED_EDGE('',*,*,#14514,.T.);
#14524=ORIENTED_EDGE('',*,*,#2332,.F.);
#14533=ORIENTED_EDGE('',*,*,#2323,.F.);
#14540=ORIENTED_EDGE('',*,*,#14444,.F.);
#14549=ORIENTED_EDGE('',*,*,#4737,.F.);
#14556=ORIENTED_EDGE('',*,*,#4730,.F.);
#14557=EDGE_LOOP('',(#14515,#14524,#14533,#14540,#14549,#14556));
#14558=FACE_OUTER_BOUND('',#14557,.T.);
#14559=ADVANCED_FACE('',(#14558),#14500,.T.);
#14560=COLOUR_RGB('',0.39,0.39,0.39);
#14561=FILL_AREA_STYLE_COLOUR('',#14560);
#14562=FILL_AREA_STYLE('',(#14561));
#14563=SURFACE_STYLE_FILL_AREA(#14562);
#14564=SURFACE_STYLE_TRANSPARENT(0.00);
#14565=SURFACE_STYLE_RENDERING_WITH_PROPERTIES(.NORMAL_SHADING.,#14560,(#14564));
#14566=SURFACE_SIDE_STYLE('',(#14563, #14565));
#14567=SURFACE_STYLE_USAGE(.BOTH.,#14566);
#14568=PRESENTATION_STYLE_ASSIGNMENT((#14567));
#14569=STYLED_ITEM('',(#14568),#14559);

#14573=CARTESIAN_POINT('',(0.95266,-4.70000,-10.00462));
#14574=CARTESIAN_POINT('',(2.88644,-4.70000,-19.81586));
#14570=(
BOUNDED_SURFACE()
B_SPLINE_SURFACE(2,1,((#14365,#14366),(#14573,#14574),(#14501,#14502)),.UNSPECIFIED.,.F.,.F.,.F.)
B_SPLINE_SURFACE_WITH_KNOTS((3,3),(2,2),(0.000,1.000),(0.000,1.000),.UNSPECIFIED.)
GEOMETRIC_REPRESENTATION_ITEM()
RATIONAL_B_SPLINE_SURFACE(((1.0000000000,1.0000000000),(0.7071067812,0.7071067812),(1.0000000000,1.0000000000)))
REPRESENTATION_ITEM('')
SURFACE()
);

#14585=ORIENTED_EDGE('',*,*,#14399,.F.);
#14594=ORIENTED_EDGE('',*,*,#2350,.F.);
#14603=ORIENTED_EDGE('',*,*,#2341,.F.);
#14610=ORIENTED_EDGE('',*,*,#14514,.F.);
#14619=ORIENTED_EDGE('',*,*,#4721,.F.);
#14626=ORIENTED_EDGE('',*,*,#4712,.F.);
#14627=EDGE_LOOP('',(#14585,#14594,#14603,#14610,#14619,#14626));
#14628=FACE_OUTER_BOUND('',#14627,.T.);
#14629=ADVANCED_FACE('',(#14628),#14570,.T.);
#14630=COLOUR_RGB('',0.39,0.39,0.39);
#14631=FILL_AREA_STYLE_COLOUR('',#14630);
#14632=FILL_AREA_STYLE('',(#14631));
#14633=SURFACE_STYLE_FILL_AREA(#14632);
#14634=SURFACE_STYLE_TRANSPARENT(0.00);
#14635=SURFACE_STYLE_RENDERING_WITH_PROPERTIES(.NORMAL_SHADING.,#14630,(#14634));
#14636=SURFACE_SIDE_STYLE('',(#14633, #14635));
#14637=SURFACE_STYLE_USAGE(.BOTH.,#14636);
#14638=PRESENTATION_STYLE_ASSIGNMENT((#14637));
#14639=STYLED_ITEM('',(#14638),#14629);

#14641=CARTESIAN_POINT('',(4.40723,-2.70000,-8.97643));
#14642=CARTESIAN_POINT('',(8.81445,-2.70000,-17.95287));
#14643=CARTESIAN_POINT('',(3.50958,-2.70000,-9.41716));
#14644=CARTESIAN_POINT('',(7.91681,-2.70000,-18.39359));
#14645=CARTESIAN_POINT('',(3.50958,-3.70000,-9.41716));
#14646=CARTESIAN_POINT('',(7.91681,-3.70000,-18.39359));
#14640=(
BOUNDED_SURFACE()
B_SPLINE_SURFACE(2,1,((#14641,#14642),(#14643,#14644),(#14645,#14646)),.UNSPECIFIED.,.F.,.F.,.F.)
B_SPLINE_SURFACE_WITH_KNOTS((3,3),(2,2),(0.000,1.000),(0.000,1.000),.UNSPECIFIED.)
GEOMETRIC_REPRESENTATION_ITEM()
RATIONAL_B_SPLINE_SURFACE(((1.0000000000,1.0000000000),(0.7071067812,0.7071067812),(1.0000000000,1.0000000000)))
REPRESENTATION_ITEM('')
SURFACE()
);

#14657=ORIENTED_EDGE('',*,*,#2424,.F.);
#14666=ORIENTED_EDGE('',*,*,#2415,.F.);
#14667=(
BOUNDED_CURVE()
B_SPLINE_CURVE(1,(#2403,#4756),.UNSPECIFIED.,.F.,.F.)
B_SPLINE_CURVE_WITH_KNOTS((2,2),(0.000,1.000),.UNSPECIFIED.)
CURVE()
GEOMETRIC_REPRESENTATION_ITEM()
RATIONAL_B_SPLINE_CURVE((1.0000000000,1.0000000000))
REPRESENTATION_ITEM('')
);

#14672=EDGE_CURVE('',#2405,#4758,#14667,.T.);
#14673=ORIENTED_EDGE('',*,*,#14672,.T.);
#14682=ORIENTED_EDGE('',*,*,#4759,.F.);
#14691=ORIENTED_EDGE('',*,*,#4750,.F.);
#14692=(
BOUNDED_CURVE()
B_SPLINE_CURVE(1,(#4741,#2421),.UNSPECIFIED.,.F.,.F.)
B_SPLINE_CURVE_WITH_KNOTS((2,2),(0.000,1.000),.UNSPECIFIED.)
CURVE()
GEOMETRIC_REPRESENTATION_ITEM()
RATIONAL_B_SPLINE_CURVE((1.0000000000,1.0000000000))
REPRESENTATION_ITEM('')
);

#14695=EDGE_CURVE('',#4742,#2423,#14692,.T.);
#14696=ORIENTED_EDGE('',*,*,#14695,.T.);
#14697=EDGE_LOOP('',(#14657,#14666,#14673,#14682,#14691,#14696));
#14698=FACE_OUTER_BOUND('',#14697,.T.);
#14699=ADVANCED_FACE('',(#14698),#14640,.T.);
#14700=COLOUR_RGB('',0.39,0.39,0.39);
#14701=FILL_AREA_STYLE_COLOUR('',#14700);
#14702=FILL_AREA_STYLE('',(#14701));
#14703=SURFACE_STYLE_FILL_AREA(#14702);
#14704=SURFACE_STYLE_TRANSPARENT(0.00);
#14705=SURFACE_STYLE_RENDERING_WITH_PROPERTIES(.NORMAL_SHADING.,#14700,(#14704));
#14706=SURFACE_SIDE_STYLE('',(#14703, #14705));
#14707=SURFACE_STYLE_USAGE(.BOTH.,#14706);
#14708=PRESENTATION_STYLE_ASSIGNMENT((#14707));
#14709=STYLED_ITEM('',(#14708),#14699);

#14711=CARTESIAN_POINT('',(5.30487,-3.70000,-8.53571));
#14712=CARTESIAN_POINT('',(9.71210,-3.70000,-17.51214));
#14713=CARTESIAN_POINT('',(5.30487,-2.70000,-8.53571));
#14714=CARTESIAN_POINT('',(9.71210,-2.70000,-17.51214));
#14710=(
BOUNDED_SURFACE()
B_SPLINE_SURFACE(2,1,((#14711,#14712),(#14713,#14714),(#14641,#14642)),.UNSPECIFIED.,.F.,.F.,.F.)
B_SPLINE_SURFACE_WITH_KNOTS((3,3),(2,2),(0.000,1.000),(0.000,1.000),.UNSPECIFIED.)
GEOMETRIC_REPRESENTATION_ITEM()
RATIONAL_B_SPLINE_SURFACE(((1.0000000000,1.0000000000),(0.7071067812,0.7071067812),(1.0000000000,1.0000000000)))
REPRESENTATION_ITEM('')
SURFACE()
);

#14727=ORIENTED_EDGE('',*,*,#2442,.F.);
#14736=ORIENTED_EDGE('',*,*,#2433,.F.);
#14743=ORIENTED_EDGE('',*,*,#14695,.F.);
#14752=ORIENTED_EDGE('',*,*,#4811,.F.);
#14761=ORIENTED_EDGE('',*,*,#4804,.F.);
#14762=(
BOUNDED_CURVE()
B_SPLINE_CURVE(1,(#4792,#2439),.UNSPECIFIED.,.F.,.F.)
B_SPLINE_CURVE_WITH_KNOTS((2,2),(0.000,1.000),.UNSPECIFIED.)
CURVE()
GEOMETRIC_REPRESENTATION_ITEM()
RATIONAL_B_SPLINE_CURVE((1.0000000000,1.0000000000))
REPRESENTATION_ITEM('')
);

#14765=EDGE_CURVE('',#4794,#2441,#14762,.T.);
#14766=ORIENTED_EDGE('',*,*,#14765,.T.);
#14767=EDGE_LOOP('',(#14727,#14736,#14743,#14752,#14761,#14766));
#14768=FACE_OUTER_BOUND('',#14767,.T.);
#14769=ADVANCED_FACE('',(#14768),#14710,.T.);
#14770=COLOUR_RGB('',0.39,0.39,0.39);
#14771=FILL_AREA_STYLE_COLOUR('',#14770);
#14772=FILL_AREA_STYLE('',(#14771));
#14773=SURFACE_STYLE_FILL_AREA(#14772);
#14774=SURFACE_STYLE_TRANSPARENT(0.00);
#14775=SURFACE_STYLE_RENDERING_WITH_PROPERTIES(.NORMAL_SHADING.,#14770,(#14774));
#14776=SURFACE_SIDE_STYLE('',(#14773, #14775));
#14777=SURFACE_STYLE_USAGE(.BOTH.,#14776);
#14778=PRESENTATION_STYLE_ASSIGNMENT((#14777));
#14779=STYLED_ITEM('',(#14778),#14769);

#14781=CARTESIAN_POINT('',(4.40723,-4.70000,-8.97643));
#14782=CARTESIAN_POINT('',(8.81445,-4.70000,-17.95287));
#14783=CARTESIAN_POINT('',(5.30487,-4.70000,-8.53571));
#14784=CARTESIAN_POINT('',(9.71210,-4.70000,-17.51214));
#14780=(
BOUNDED_SURFACE()
B_SPLINE_SURFACE(2,1,((#14781,#14782),(#14783,#14784),(#14711,#14712)),.UNSPECIFIED.,.F.,.F.,.F.)
B_SPLINE_SURFACE_WITH_KNOTS((3,3),(2,2),(0.000,1.000),(0.000,1.000),.UNSPECIFIED.)
GEOMETRIC_REPRESENTATION_ITEM()
RATIONAL_B_SPLINE_SURFACE(((1.0000000000,1.0000000000),(0.7071067812,0.7071067812),(1.0000000000,1.0000000000)))
REPRESENTATION_ITEM('')
SURFACE()
);

#14797=ORIENTED_EDGE('',*,*,#2458,.F.);
#14806=ORIENTED_EDGE('',*,*,#2451,.F.);
#14813=ORIENTED_EDGE('',*,*,#14765,.F.);
#14822=ORIENTED_EDGE('',*,*,#4795,.F.);
#14831=ORIENTED_EDGE('',*,*,#4786,.F.);
#14832=(
BOUNDED_CURVE()
B_SPLINE_CURVE(1,(#4774,#2388),.UNSPECIFIED.,.F.,.F.)
B_SPLINE_CURVE_WITH_KNOTS((2,2),(0.000,1.000),.UNSPECIFIED.)
CURVE()
GEOMETRIC_REPRESENTATION_ITEM()
RATIONAL_B_SPLINE_CURVE((1.0000000000,1.0000000000))
REPRESENTATION_ITEM('')
);

#14835=EDGE_CURVE('',#4776,#2389,#14832,.T.);
#14836=ORIENTED_EDGE('',*,*,#14835,.T.);
#14837=EDGE_LOOP('',(#14797,#14806,#14813,#14822,#14831,#14836));
#14838=FACE_OUTER_BOUND('',#14837,.T.);
#14839=ADVANCED_FACE('',(#14838),#14780,.T.);
#14840=COLOUR_RGB('',0.39,0.39,0.39);
#14841=FILL_AREA_STYLE_COLOUR('',#14840);
#14842=FILL_AREA_STYLE('',(#14841));
#14843=SURFACE_STYLE_FILL_AREA(#14842);
#14844=SURFACE_STYLE_TRANSPARENT(0.00);
#14845=SURFACE_STYLE_RENDERING_WITH_PROPERTIES(.NORMAL_SHADING.,#14840,(#14844));
#14846=SURFACE_SIDE_STYLE('',(#14843, #14845));
#14847=SURFACE_STYLE_USAGE(.BOTH.,#14846);
#14848=PRESENTATION_STYLE_ASSIGNMENT((#14847));
#14849=STYLED_ITEM('',(#14848),#14839);

#14853=CARTESIAN_POINT('',(3.50958,-4.70000,-9.41716));
#14854=CARTESIAN_POINT('',(7.91681,-4.70000,-18.39359));
#14850=(
BOUNDED_SURFACE()
B_SPLINE_SURFACE(2,1,((#14645,#14646),(#14853,#14854),(#14781,#14782)),.UNSPECIFIED.,.F.,.F.,.F.)
B_SPLINE_SURFACE_WITH_KNOTS((3,3),(2,2),(0.000,1.000),(0.000,1.000),.UNSPECIFIED.)
GEOMETRIC_REPRESENTATION_ITEM()
RATIONAL_B_SPLINE_SURFACE(((1.0000000000,1.0000000000),(0.7071067812,0.7071067812),(1.0000000000,1.0000000000)))
REPRESENTATION_ITEM('')
SURFACE()
);

#14867=ORIENTED_EDGE('',*,*,#2406,.F.);
#14876=ORIENTED_EDGE('',*,*,#2397,.F.);
#14883=ORIENTED_EDGE('',*,*,#14835,.F.);
#14892=ORIENTED_EDGE('',*,*,#4777,.F.);
#14901=ORIENTED_EDGE('',*,*,#4768,.F.);
#14906=ORIENTED_EDGE('',*,*,#14672,.F.);
#14907=EDGE_LOOP('',(#14867,#14876,#14883,#14892,#14901,#14906));
#14908=FACE_OUTER_BOUND('',#14907,.T.);
#14909=ADVANCED_FACE('',(#14908),#14850,.T.);
#14910=COLOUR_RGB('',0.39,0.39,0.39);
#14911=FILL_AREA_STYLE_COLOUR('',#14910);
#14912=FILL_AREA_STYLE('',(#14911));
#14913=SURFACE_STYLE_FILL_AREA(#14912);
#14914=SURFACE_STYLE_TRANSPARENT(0.00);
#14915=SURFACE_STYLE_RENDERING_WITH_PROPERTIES(.NORMAL_SHADING.,#14910,(#14914));
#14916=SURFACE_SIDE_STYLE('',(#14913, #14915));
#14917=SURFACE_STYLE_USAGE(.BOTH.,#14916);
#14918=PRESENTATION_STYLE_ASSIGNMENT((#14917));
#14919=STYLED_ITEM('',(#14918),#14909);

#14921=CARTESIAN_POINT('',(7.52989,-2.70000,-6.58033));
#14922=CARTESIAN_POINT('',(15.05979,-2.70000,-13.16065));
#14923=CARTESIAN_POINT('',(6.87186,-2.70000,-7.33332));
#14924=CARTESIAN_POINT('',(14.40176,-2.70000,-13.91364));
#14925=CARTESIAN_POINT('',(6.87186,-3.70000,-7.33332));
#14926=CARTESIAN_POINT('',(14.40176,-3.70000,-13.91364));
#14920=(
BOUNDED_SURFACE()
B_SPLINE_SURFACE(2,1,((#14921,#14922),(#14923,#14924),(#14925,#14926)),.UNSPECIFIED.,.F.,.F.,.F.)
B_SPLINE_SURFACE_WITH_KNOTS((3,3),(2,2),(0.000,1.000),(0.000,1.000),.UNSPECIFIED.)
GEOMETRIC_REPRESENTATION_ITEM()
RATIONAL_B_SPLINE_SURFACE(((1.0000000000,1.0000000000),(0.7071067812,0.7071067812),(1.0000000000,1.0000000000)))
REPRESENTATION_ITEM('')
SURFACE()
);

#14929=(
BOUNDED_CURVE()
B_SPLINE_CURVE(1,(#4866,#2477),.UNSPECIFIED.,.F.,.F.)
B_SPLINE_CURVE_WITH_KNOTS((2,2),(0.000,1.000),.UNSPECIFIED.)
CURVE()
GEOMETRIC_REPRESENTATION_ITEM()
RATIONAL_B_SPLINE_CURVE((1.0000000000,1.0000000000))
REPRESENTATION_ITEM('')
);

#14934=EDGE_CURVE('',#4868,#2479,#14929,.T.);
#14935=ORIENTED_EDGE('',*,*,#14934,.T.);
#14944=ORIENTED_EDGE('',*,*,#2480,.F.);
#14953=ORIENTED_EDGE('',*,*,#2471,.F.);
#14954=(
BOUNDED_CURVE()
B_SPLINE_CURVE(1,(#2462,#4815),.UNSPECIFIED.,.F.,.F.)
B_SPLINE_CURVE_WITH_KNOTS((2,2),(0.000,1.000),.UNSPECIFIED.)
CURVE()
GEOMETRIC_REPRESENTATION_ITEM()
RATIONAL_B_SPLINE_CURVE((1.0000000000,1.0000000000))
REPRESENTATION_ITEM('')
);

#14959=EDGE_CURVE('',#2463,#4816,#14954,.T.);
#14960=ORIENTED_EDGE('',*,*,#14959,.T.);
#14969=ORIENTED_EDGE('',*,*,#4885,.F.);
#14976=ORIENTED_EDGE('',*,*,#4878,.F.);
#14977=EDGE_LOOP('',(#14935,#14944,#14953,#14960,#14969,#14976));
#14978=FACE_OUTER_BOUND('',#14977,.T.);
#14979=ADVANCED_FACE('',(#14978),#14920,.T.);
#14980=COLOUR_RGB('',0.39,0.39,0.39);
#14981=FILL_AREA_STYLE_COLOUR('',#14980);
#14982=FILL_AREA_STYLE('',(#14981));
#14983=SURFACE_STYLE_FILL_AREA(#14982);
#14984=SURFACE_STYLE_TRANSPARENT(0.00);
#14985=SURFACE_STYLE_RENDERING_WITH_PROPERTIES(.NORMAL_SHADING.,#14980,(#14984));
#14986=SURFACE_SIDE_STYLE('',(#14983, #14985));
#14987=SURFACE_STYLE_USAGE(.BOTH.,#14986);
#14988=PRESENTATION_STYLE_ASSIGNMENT((#14987));
#14989=STYLED_ITEM('',(#14988),#14979);

#14991=CARTESIAN_POINT('',(8.18793,-3.70000,-5.82734));
#14992=CARTESIAN_POINT('',(15.71782,-3.70000,-12.40766));
#14993=CARTESIAN_POINT('',(8.18793,-2.70000,-5.82734));
#14994=CARTESIAN_POINT('',(15.71782,-2.70000,-12.40766));
#14990=(
BOUNDED_SURFACE()
B_SPLINE_SURFACE(2,1,((#14991,#14992),(#14993,#14994),(#14921,#14922)),.UNSPECIFIED.,.F.,.F.,.F.)
B_SPLINE_SURFACE_WITH_KNOTS((3,3),(2,2),(0.000,1.000),(0.000,1.000),.UNSPECIFIED.)
GEOMETRIC_REPRESENTATION_ITEM()
RATIONAL_B_SPLINE_SURFACE(((1.0000000000,1.0000000000),(0.7071067812,0.7071067812),(1.0000000000,1.0000000000)))
REPRESENTATION_ITEM('')
SURFACE()
);

#14999=(
BOUNDED_CURVE()
B_SPLINE_CURVE(1,(#4848,#2495),.UNSPECIFIED.,.F.,.F.)
B_SPLINE_CURVE_WITH_KNOTS((2,2),(0.000,1.000),.UNSPECIFIED.)
CURVE()
GEOMETRIC_REPRESENTATION_ITEM()
RATIONAL_B_SPLINE_CURVE((1.0000000000,1.0000000000))
REPRESENTATION_ITEM('')
);

#15004=EDGE_CURVE('',#4850,#2497,#14999,.T.);
#15005=ORIENTED_EDGE('',*,*,#15004,.T.);
#15014=ORIENTED_EDGE('',*,*,#2498,.F.);
#15023=ORIENTED_EDGE('',*,*,#2489,.F.);
#15030=ORIENTED_EDGE('',*,*,#14934,.F.);
#15039=ORIENTED_EDGE('',*,*,#4869,.F.);
#15046=ORIENTED_EDGE('',*,*,#4860,.F.);
#15047=EDGE_LOOP('',(#15005,#15014,#15023,#15030,#15039,#15046));
#15048=FACE_OUTER_BOUND('',#15047,.T.);
#15049=ADVANCED_FACE('',(#15048),#14990,.T.);
#15050=COLOUR_RGB('',0.39,0.39,0.39);
#15051=FILL_AREA_STYLE_COLOUR('',#15050);
#15052=FILL_AREA_STYLE('',(#15051));
#15053=SURFACE_STYLE_FILL_AREA(#15052);
#15054=SURFACE_STYLE_TRANSPARENT(0.00);
#15055=SURFACE_STYLE_RENDERING_WITH_PROPERTIES(.NORMAL_SHADING.,#15050,(#15054));
#15056=SURFACE_SIDE_STYLE('',(#15053, #15055));
#15057=SURFACE_STYLE_USAGE(.BOTH.,#15056);
#15058=PRESENTATION_STYLE_ASSIGNMENT((#15057));
#15059=STYLED_ITEM('',(#15058),#15049);

#15061=CARTESIAN_POINT('',(7.52989,-4.70000,-6.58033));
#15062=CARTESIAN_POINT('',(15.05979,-4.70000,-13.16065));
#15063=CARTESIAN_POINT('',(8.18793,-4.70000,-5.82734));
#15064=CARTESIAN_POINT('',(15.71782,-4.70000,-12.40766));
#15060=(
BOUNDED_SURFACE()
B_SPLINE_SURFACE(2,1,((#15061,#15062),(#15063,#15064),(#14991,#14992)),.UNSPECIFIED.,.F.,.F.,.F.)
B_SPLINE_SURFACE_WITH_KNOTS((3,3),(2,2),(0.000,1.000),(0.000,1.000),.UNSPECIFIED.)
GEOMETRIC_REPRESENTATION_ITEM()
RATIONAL_B_SPLINE_SURFACE(((1.0000000000,1.0000000000),(0.7071067812,0.7071067812),(1.0000000000,1.0000000000)))
REPRESENTATION_ITEM('')
SURFACE()
);

#15069=(
BOUNDED_CURVE()
B_SPLINE_CURVE(1,(#4830,#2513),.UNSPECIFIED.,.F.,.F.)
B_SPLINE_CURVE_WITH_KNOTS((2,2),(0.000,1.000),.UNSPECIFIED.)
CURVE()
GEOMETRIC_REPRESENTATION_ITEM()
RATIONAL_B_SPLINE_CURVE((1.0000000000,1.0000000000))
REPRESENTATION_ITEM('')
);

#15074=EDGE_CURVE('',#4832,#2515,#15069,.T.);
#15075=ORIENTED_EDGE('',*,*,#15074,.T.);
#15084=ORIENTED_EDGE('',*,*,#2516,.F.);
#15093=ORIENTED_EDGE('',*,*,#2507,.F.);
#15100=ORIENTED_EDGE('',*,*,#15004,.F.);
#15109=ORIENTED_EDGE('',*,*,#4851,.F.);
#15116=ORIENTED_EDGE('',*,*,#4842,.F.);
#15117=EDGE_LOOP('',(#15075,#15084,#15093,#15100,#15109,#15116));
#15118=FACE_OUTER_BOUND('',#15117,.T.);
#15119=ADVANCED_FACE('',(#15118),#15060,.T.);
#15120=COLOUR_RGB('',0.39,0.39,0.39);
#15121=FILL_AREA_STYLE_COLOUR('',#15120);
#15122=FILL_AREA_STYLE('',(#15121));
#15123=SURFACE_STYLE_FILL_AREA(#15122);
#15124=SURFACE_STYLE_TRANSPARENT(0.00);
#15125=SURFACE_STYLE_RENDERING_WITH_PROPERTIES(.NORMAL_SHADING.,#15120,(#15124));
#15126=SURFACE_SIDE_STYLE('',(#15123, #15125));
#15127=SURFACE_STYLE_USAGE(.BOTH.,#15126);
#15128=PRESENTATION_STYLE_ASSIGNMENT((#15127));
#15129=STYLED_ITEM('',(#15128),#15119);

#15133=CARTESIAN_POINT('',(6.87186,-4.70000,-7.33332));
#15134=CARTESIAN_POINT('',(14.40176,-4.70000,-13.91364));
#15130=(
BOUNDED_SURFACE()
B_SPLINE_SURFACE(2,1,((#14925,#14926),(#15133,#15134),(#15061,#15062)),.UNSPECIFIED.,.F.,.F.,.F.)
B_SPLINE_SURFACE_WITH_KNOTS((3,3),(2,2),(0.000,1.000),(0.000,1.000),.UNSPECIFIED.)
GEOMETRIC_REPRESENTATION_ITEM()
RATIONAL_B_SPLINE_SURFACE(((1.0000000000,1.0000000000),(0.7071067812,0.7071067812),(1.0000000000,1.0000000000)))
REPRESENTATION_ITEM('')
SURFACE()
);

#15145=ORIENTED_EDGE('',*,*,#14959,.F.);
#15154=ORIENTED_EDGE('',*,*,#2532,.F.);
#15163=ORIENTED_EDGE('',*,*,#2525,.F.);
#15170=ORIENTED_EDGE('',*,*,#15074,.F.);
#15179=ORIENTED_EDGE('',*,*,#4833,.F.);
#15186=ORIENTED_EDGE('',*,*,#4824,.F.);
#15187=EDGE_LOOP('',(#15145,#15154,#15163,#15170,#15179,#15186));
#15188=FACE_OUTER_BOUND('',#15187,.T.);
#15189=ADVANCED_FACE('',(#15188),#15130,.T.);
#15190=COLOUR_RGB('',0.39,0.39,0.39);
#15191=FILL_AREA_STYLE_COLOUR('',#15190);
#15192=FILL_AREA_STYLE('',(#15191));
#15193=SURFACE_STYLE_FILL_AREA(#15192);
#15194=SURFACE_STYLE_TRANSPARENT(0.00);
#15195=SURFACE_STYLE_RENDERING_WITH_PROPERTIES(.NORMAL_SHADING.,#15190,(#15194));
#15196=SURFACE_SIDE_STYLE('',(#15193, #15195));
#15197=SURFACE_STYLE_USAGE(.BOTH.,#15196);
#15198=PRESENTATION_STYLE_ASSIGNMENT((#15197));
#15199=STYLED_ITEM('',(#15198),#15189);

#15201=CARTESIAN_POINT('',(8.97643,-2.70000,-4.40723));
#15202=CARTESIAN_POINT('',(17.95287,-2.70000,-8.81445));
#15203=CARTESIAN_POINT('',(8.53571,-2.70000,-5.30487));
#15204=CARTESIAN_POINT('',(17.51214,-2.70000,-9.71210));
#15205=CARTESIAN_POINT('',(8.53571,-3.70000,-5.30487));
#15206=CARTESIAN_POINT('',(17.51214,-3.70000,-9.71210));
#15200=(
BOUNDED_SURFACE()
B_SPLINE_SURFACE(2,1,((#15201,#15202),(#15203,#15204),(#15205,#15206)),.UNSPECIFIED.,.F.,.F.,.F.)
B_SPLINE_SURFACE_WITH_KNOTS((3,3),(2,2),(0.000,1.000),(0.000,1.000),.UNSPECIFIED.)
GEOMETRIC_REPRESENTATION_ITEM()
RATIONAL_B_SPLINE_SURFACE(((1.0000000000,1.0000000000),(0.7071067812,0.7071067812),(1.0000000000,1.0000000000)))
REPRESENTATION_ITEM('')
SURFACE()
);

#15217=ORIENTED_EDGE('',*,*,#2606,.F.);
#15226=ORIENTED_EDGE('',*,*,#2599,.F.);
#15227=(
BOUNDED_CURVE()
B_SPLINE_CURVE(1,(#2587,#4940),.UNSPECIFIED.,.F.,.F.)
B_SPLINE_CURVE_WITH_KNOTS((2,2),(0.000,1.000),.UNSPECIFIED.)
CURVE()
GEOMETRIC_REPRESENTATION_ITEM()
RATIONAL_B_SPLINE_CURVE((1.0000000000,1.0000000000))
REPRESENTATION_ITEM('')
);

#15232=EDGE_CURVE('',#2589,#4942,#15227,.T.);
#15233=ORIENTED_EDGE('',*,*,#15232,.T.);
#15242=ORIENTED_EDGE('',*,*,#4943,.F.);
#15251=ORIENTED_EDGE('',*,*,#4934,.F.);
#15252=(
BOUNDED_CURVE()
B_SPLINE_CURVE(1,(#4922,#2536),.UNSPECIFIED.,.F.,.F.)
B_SPLINE_CURVE_WITH_KNOTS((2,2),(0.000,1.000),.UNSPECIFIED.)
CURVE()
GEOMETRIC_REPRESENTATION_ITEM()
RATIONAL_B_SPLINE_CURVE((1.0000000000,1.0000000000))
REPRESENTATION_ITEM('')
);

#15255=EDGE_CURVE('',#4924,#2537,#15252,.T.);
#15256=ORIENTED_EDGE('',*,*,#15255,.T.);
#15257=EDGE_LOOP('',(#15217,#15226,#15233,#15242,#15251,#15256));
#15258=FACE_OUTER_BOUND('',#15257,.T.);
#15259=ADVANCED_FACE('',(#15258),#15200,.T.);
#15260=COLOUR_RGB('',0.39,0.39,0.39);
#15261=FILL_AREA_STYLE_COLOUR('',#15260);
#15262=FILL_AREA_STYLE('',(#15261));
#15263=SURFACE_STYLE_FILL_AREA(#15262);
#15264=SURFACE_STYLE_TRANSPARENT(0.00);
#15265=SURFACE_STYLE_RENDERING_WITH_PROPERTIES(.NORMAL_SHADING.,#15260,(#15264));
#15266=SURFACE_SIDE_STYLE('',(#15263, #15265));
#15267=SURFACE_STYLE_USAGE(.BOTH.,#15266);
#15268=PRESENTATION_STYLE_ASSIGNMENT((#15267));
#15269=STYLED_ITEM('',(#15268),#15259);

#15271=CARTESIAN_POINT('',(9.41716,-3.70000,-3.50958));
#15272=CARTESIAN_POINT('',(18.39359,-3.70000,-7.91681));
#15273=CARTESIAN_POINT('',(9.41716,-2.70000,-3.50958));
#15274=CARTESIAN_POINT('',(18.39359,-2.70000,-7.91681));
#15270=(
BOUNDED_SURFACE()
B_SPLINE_SURFACE(2,1,((#15271,#15272),(#15273,#15274),(#15201,#15202)),.UNSPECIFIED.,.F.,.F.,.F.)
B_SPLINE_SURFACE_WITH_KNOTS((3,3),(2,2),(0.000,1.000),(0.000,1.000),.UNSPECIFIED.)
GEOMETRIC_REPRESENTATION_ITEM()
RATIONAL_B_SPLINE_SURFACE(((1.0000000000,1.0000000000),(0.7071067812,0.7071067812),(1.0000000000,1.0000000000)))
REPRESENTATION_ITEM('')
SURFACE()
);

#15287=ORIENTED_EDGE('',*,*,#2554,.F.);
#15296=ORIENTED_EDGE('',*,*,#2545,.F.);
#15303=ORIENTED_EDGE('',*,*,#15255,.F.);
#15312=ORIENTED_EDGE('',*,*,#4925,.F.);
#15321=ORIENTED_EDGE('',*,*,#4916,.F.);
#15322=(
BOUNDED_CURVE()
B_SPLINE_CURVE(1,(#4904,#2551),.UNSPECIFIED.,.F.,.F.)
B_SPLINE_CURVE_WITH_KNOTS((2,2),(0.000,1.000),.UNSPECIFIED.)
CURVE()
GEOMETRIC_REPRESENTATION_ITEM()
RATIONAL_B_SPLINE_CURVE((1.0000000000,1.0000000000))
REPRESENTATION_ITEM('')
);

#15325=EDGE_CURVE('',#4906,#2553,#15322,.T.);
#15326=ORIENTED_EDGE('',*,*,#15325,.T.);
#15327=EDGE_LOOP('',(#15287,#15296,#15303,#15312,#15321,#15326));
#15328=FACE_OUTER_BOUND('',#15327,.T.);
#15329=ADVANCED_FACE('',(#15328),#15270,.T.);
#15330=COLOUR_RGB('',0.39,0.39,0.39);
#15331=FILL_AREA_STYLE_COLOUR('',#15330);
#15332=FILL_AREA_STYLE('',(#15331));
#15333=SURFACE_STYLE_FILL_AREA(#15332);
#15334=SURFACE_STYLE_TRANSPARENT(0.00);
#15335=SURFACE_STYLE_RENDERING_WITH_PROPERTIES(.NORMAL_SHADING.,#15330,(#15334));
#15336=SURFACE_SIDE_STYLE('',(#15333, #15335));
#15337=SURFACE_STYLE_USAGE(.BOTH.,#15336);
#15338=PRESENTATION_STYLE_ASSIGNMENT((#15337));
#15339=STYLED_ITEM('',(#15338),#15329);

#15341=CARTESIAN_POINT('',(8.97643,-4.70000,-4.40723));
#15342=CARTESIAN_POINT('',(17.95287,-4.70000,-8.81445));
#15343=CARTESIAN_POINT('',(9.41716,-4.70000,-3.50958));
#15344=CARTESIAN_POINT('',(18.39359,-4.70000,-7.91681));
#15340=(
BOUNDED_SURFACE()
B_SPLINE_SURFACE(2,1,((#15341,#15342),(#15343,#15344),(#15271,#15272)),.UNSPECIFIED.,.F.,.F.,.F.)
B_SPLINE_SURFACE_WITH_KNOTS((3,3),(2,2),(0.000,1.000),(0.000,1.000),.UNSPECIFIED.)
GEOMETRIC_REPRESENTATION_ITEM()
RATIONAL_B_SPLINE_SURFACE(((1.0000000000,1.0000000000),(0.7071067812,0.7071067812),(1.0000000000,1.0000000000)))
REPRESENTATION_ITEM('')
SURFACE()
);

#15357=ORIENTED_EDGE('',*,*,#2572,.F.);
#15366=ORIENTED_EDGE('',*,*,#2563,.F.);
#15373=ORIENTED_EDGE('',*,*,#15325,.F.);
#15382=ORIENTED_EDGE('',*,*,#4907,.F.);
#15391=ORIENTED_EDGE('',*,*,#4898,.F.);
#15392=(
BOUNDED_CURVE()
B_SPLINE_CURVE(1,(#4889,#2569),.UNSPECIFIED.,.F.,.F.)
B_SPLINE_CURVE_WITH_KNOTS((2,2),(0.000,1.000),.UNSPECIFIED.)
CURVE()
GEOMETRIC_REPRESENTATION_ITEM()
RATIONAL_B_SPLINE_CURVE((1.0000000000,1.0000000000))
REPRESENTATION_ITEM('')
);

#15395=EDGE_CURVE('',#4890,#2571,#15392,.T.);
#15396=ORIENTED_EDGE('',*,*,#15395,.T.);
#15397=EDGE_LOOP('',(#15357,#15366,#15373,#15382,#15391,#15396));
#15398=FACE_OUTER_BOUND('',#15397,.T.);
#15399=ADVANCED_FACE('',(#15398),#15340,.T.);
#15400=COLOUR_RGB('',0.39,0.39,0.39);
#15401=FILL_AREA_STYLE_COLOUR('',#15400);
#15402=FILL_AREA_STYLE('',(#15401));
#15403=SURFACE_STYLE_FILL_AREA(#15402);
#15404=SURFACE_STYLE_TRANSPARENT(0.00);
#15405=SURFACE_STYLE_RENDERING_WITH_PROPERTIES(.NORMAL_SHADING.,#15400,(#15404));
#15406=SURFACE_SIDE_STYLE('',(#15403, #15405));
#15407=SURFACE_STYLE_USAGE(.BOTH.,#15406);
#15408=PRESENTATION_STYLE_ASSIGNMENT((#15407));
#15409=STYLED_ITEM('',(#15408),#15399);

#15413=CARTESIAN_POINT('',(8.53571,-4.70000,-5.30487));
#15414=CARTESIAN_POINT('',(17.51214,-4.70000,-9.71210));
#15410=(
BOUNDED_SURFACE()
B_SPLINE_SURFACE(2,1,((#15205,#15206),(#15413,#15414),(#15341,#15342)),.UNSPECIFIED.,.F.,.F.,.F.)
B_SPLINE_SURFACE_WITH_KNOTS((3,3),(2,2),(0.000,1.000),(0.000,1.000),.UNSPECIFIED.)
GEOMETRIC_REPRESENTATION_ITEM()
RATIONAL_B_SPLINE_SURFACE(((1.0000000000,1.0000000000),(0.7071067812,0.7071067812),(1.0000000000,1.0000000000)))
REPRESENTATION_ITEM('')
SURFACE()
);

#15427=ORIENTED_EDGE('',*,*,#2590,.F.);
#15436=ORIENTED_EDGE('',*,*,#2581,.F.);
#15443=ORIENTED_EDGE('',*,*,#15395,.F.);
#15452=ORIENTED_EDGE('',*,*,#4959,.F.);
#15461=ORIENTED_EDGE('',*,*,#4952,.F.);
#15466=ORIENTED_EDGE('',*,*,#15232,.F.);
#15467=EDGE_LOOP('',(#15427,#15436,#15443,#15452,#15461,#15466));
#15468=FACE_OUTER_BOUND('',#15467,.T.);
#15469=ADVANCED_FACE('',(#15468),#15410,.T.);
#15470=COLOUR_RGB('',0.39,0.39,0.39);
#15471=FILL_AREA_STYLE_COLOUR('',#15470);
#15472=FILL_AREA_STYLE('',(#15471));
#15473=SURFACE_STYLE_FILL_AREA(#15472);
#15474=SURFACE_STYLE_TRANSPARENT(0.00);
#15475=SURFACE_STYLE_RENDERING_WITH_PROPERTIES(.NORMAL_SHADING.,#15470,(#15474));
#15476=SURFACE_SIDE_STYLE('',(#15473, #15475));
#15477=SURFACE_STYLE_USAGE(.BOTH.,#15476);
#15478=PRESENTATION_STYLE_ASSIGNMENT((#15477));
#15479=STYLED_ITEM('',(#15478),#15469);

#15481=CARTESIAN_POINT('',(9.81124,-2.70000,-1.93378));
#15482=CARTESIAN_POINT('',(19.62249,-2.70000,-3.86756));
#15483=CARTESIAN_POINT('',(9.61786,-2.70000,-2.91491));
#15484=CARTESIAN_POINT('',(19.42911,-2.70000,-4.84869));
#15485=CARTESIAN_POINT('',(9.61786,-3.70000,-2.91491));
#15486=CARTESIAN_POINT('',(19.42911,-3.70000,-4.84869));
#15480=(
BOUNDED_SURFACE()
B_SPLINE_SURFACE(2,1,((#15481,#15482),(#15483,#15484),(#15485,#15486)),.UNSPECIFIED.,.F.,.F.,.F.)
B_SPLINE_SURFACE_WITH_KNOTS((3,3),(2,2),(0.000,1.000),(0.000,1.000),.UNSPECIFIED.)
GEOMETRIC_REPRESENTATION_ITEM()
RATIONAL_B_SPLINE_SURFACE(((1.0000000000,1.0000000000),(0.7071067812,0.7071067812),(1.0000000000,1.0000000000)))
REPRESENTATION_ITEM('')
SURFACE()
);

#15489=(
BOUNDED_CURVE()
B_SPLINE_CURVE(1,(#4978,#2661),.UNSPECIFIED.,.F.,.F.)
B_SPLINE_CURVE_WITH_KNOTS((2,2),(0.000,1.000),.UNSPECIFIED.)
CURVE()
GEOMETRIC_REPRESENTATION_ITEM()
RATIONAL_B_SPLINE_CURVE((1.0000000000,1.0000000000))
REPRESENTATION_ITEM('')
);

#15494=EDGE_CURVE('',#4980,#2663,#15489,.T.);
#15495=ORIENTED_EDGE('',*,*,#15494,.T.);
#15504=ORIENTED_EDGE('',*,*,#2664,.F.);
#15513=ORIENTED_EDGE('',*,*,#2655,.F.);
#15514=(
BOUNDED_CURVE()
B_SPLINE_CURVE(1,(#2643,#4996),.UNSPECIFIED.,.F.,.F.)
B_SPLINE_CURVE_WITH_KNOTS((2,2),(0.000,1.000),.UNSPECIFIED.)
CURVE()
GEOMETRIC_REPRESENTATION_ITEM()
RATIONAL_B_SPLINE_CURVE((1.0000000000,1.0000000000))
REPRESENTATION_ITEM('')
);

#15519=EDGE_CURVE('',#2645,#4998,#15514,.T.);
#15520=ORIENTED_EDGE('',*,*,#15519,.T.);
#15529=ORIENTED_EDGE('',*,*,#4999,.F.);
#15536=ORIENTED_EDGE('',*,*,#4990,.F.);
#15537=EDGE_LOOP('',(#15495,#15504,#15513,#15520,#15529,#15536));
#15538=FACE_OUTER_BOUND('',#15537,.T.);
#15539=ADVANCED_FACE('',(#15538),#15480,.T.);
#15540=COLOUR_RGB('',0.39,0.39,0.39);
#15541=FILL_AREA_STYLE_COLOUR('',#15540);
#15542=FILL_AREA_STYLE('',(#15541));
#15543=SURFACE_STYLE_FILL_AREA(#15542);
#15544=SURFACE_STYLE_TRANSPARENT(0.00);
#15545=SURFACE_STYLE_RENDERING_WITH_PROPERTIES(.NORMAL_SHADING.,#15540,(#15544));
#15546=SURFACE_SIDE_STYLE('',(#15543, #15545));
#15547=SURFACE_STYLE_USAGE(.BOTH.,#15546);
#15548=PRESENTATION_STYLE_ASSIGNMENT((#15547));
#15549=STYLED_ITEM('',(#15548),#15539);

#15551=CARTESIAN_POINT('',(10.00462,-3.70000,-0.95266));
#15552=CARTESIAN_POINT('',(19.81586,-3.70000,-2.88644));
#15553=CARTESIAN_POINT('',(10.00462,-2.70000,-0.95266));
#15554=CARTESIAN_POINT('',(19.81586,-2.70000,-2.88644));
#15550=(
BOUNDED_SURFACE()
B_SPLINE_SURFACE(2,1,((#15551,#15552),(#15553,#15554),(#15481,#15482)),.UNSPECIFIED.,.F.,.F.,.F.)
B_SPLINE_SURFACE_WITH_KNOTS((3,3),(2,2),(0.000,1.000),(0.000,1.000),.UNSPECIFIED.)
GEOMETRIC_REPRESENTATION_ITEM()
RATIONAL_B_SPLINE_SURFACE(((1.0000000000,1.0000000000),(0.7071067812,0.7071067812),(1.0000000000,1.0000000000)))
REPRESENTATION_ITEM('')
SURFACE()
);

#15559=(
BOUNDED_CURVE()
B_SPLINE_CURVE(1,(#4963,#2610),.UNSPECIFIED.,.F.,.F.)
B_SPLINE_CURVE_WITH_KNOTS((2,2),(0.000,1.000),.UNSPECIFIED.)
CURVE()
GEOMETRIC_REPRESENTATION_ITEM()
RATIONAL_B_SPLINE_CURVE((1.0000000000,1.0000000000))
REPRESENTATION_ITEM('')
);

#15564=EDGE_CURVE('',#4964,#2611,#15559,.T.);
#15565=ORIENTED_EDGE('',*,*,#15564,.T.);
#15574=ORIENTED_EDGE('',*,*,#2680,.F.);
#15583=ORIENTED_EDGE('',*,*,#2673,.F.);
#15590=ORIENTED_EDGE('',*,*,#15494,.F.);
#15599=ORIENTED_EDGE('',*,*,#4981,.F.);
#15606=ORIENTED_EDGE('',*,*,#4972,.F.);
#15607=EDGE_LOOP('',(#15565,#15574,#15583,#15590,#15599,#15606));
#15608=FACE_OUTER_BOUND('',#15607,.T.);
#15609=ADVANCED_FACE('',(#15608),#15550,.T.);
#15610=COLOUR_RGB('',0.39,0.39,0.39);
#15611=FILL_AREA_STYLE_COLOUR('',#15610);
#15612=FILL_AREA_STYLE('',(#15611));
#15613=SURFACE_STYLE_FILL_AREA(#15612);
#15614=SURFACE_STYLE_TRANSPARENT(0.00);
#15615=SURFACE_STYLE_RENDERING_WITH_PROPERTIES(.NORMAL_SHADING.,#15610,(#15614));
#15616=SURFACE_SIDE_STYLE('',(#15613, #15615));
#15617=SURFACE_STYLE_USAGE(.BOTH.,#15616);
#15618=PRESENTATION_STYLE_ASSIGNMENT((#15617));
#15619=STYLED_ITEM('',(#15618),#15609);

#15621=CARTESIAN_POINT('',(9.81124,-4.70000,-1.93378));
#15622=CARTESIAN_POINT('',(19.62249,-4.70000,-3.86756));
#15623=CARTESIAN_POINT('',(10.00462,-4.70000,-0.95266));
#15624=CARTESIAN_POINT('',(19.81586,-4.70000,-2.88644));
#15620=(
BOUNDED_SURFACE()
B_SPLINE_SURFACE(2,1,((#15621,#15622),(#15623,#15624),(#15551,#15552)),.UNSPECIFIED.,.F.,.F.,.F.)
B_SPLINE_SURFACE_WITH_KNOTS((3,3),(2,2),(0.000,1.000),(0.000,1.000),.UNSPECIFIED.)
GEOMETRIC_REPRESENTATION_ITEM()
RATIONAL_B_SPLINE_SURFACE(((1.0000000000,1.0000000000),(0.7071067812,0.7071067812),(1.0000000000,1.0000000000)))
REPRESENTATION_ITEM('')
SURFACE()
);

#15629=(
BOUNDED_CURVE()
B_SPLINE_CURVE(1,(#5014,#2625),.UNSPECIFIED.,.F.,.F.)
B_SPLINE_CURVE_WITH_KNOTS((2,2),(0.000,1.000),.UNSPECIFIED.)
CURVE()
GEOMETRIC_REPRESENTATION_ITEM()
RATIONAL_B_SPLINE_CURVE((1.0000000000,1.0000000000))
REPRESENTATION_ITEM('')
);

#15634=EDGE_CURVE('',#5016,#2627,#15629,.T.);
#15635=ORIENTED_EDGE('',*,*,#15634,.T.);
#15644=ORIENTED_EDGE('',*,*,#2628,.F.);
#15653=ORIENTED_EDGE('',*,*,#2619,.F.);
#15660=ORIENTED_EDGE('',*,*,#15564,.F.);
#15669=ORIENTED_EDGE('',*,*,#5033,.F.);
#15676=ORIENTED_EDGE('',*,*,#5026,.F.);
#15677=EDGE_LOOP('',(#15635,#15644,#15653,#15660,#15669,#15676));
#15678=FACE_OUTER_BOUND('',#15677,.T.);
#15679=ADVANCED_FACE('',(#15678),#15620,.T.);
#15680=COLOUR_RGB('',0.39,0.39,0.39);
#15681=FILL_AREA_STYLE_COLOUR('',#15680);
#15682=FILL_AREA_STYLE('',(#15681));
#15683=SURFACE_STYLE_FILL_AREA(#15682);
#15684=SURFACE_STYLE_TRANSPARENT(0.00);
#15685=SURFACE_STYLE_RENDERING_WITH_PROPERTIES(.NORMAL_SHADING.,#15680,(#15684));
#15686=SURFACE_SIDE_STYLE('',(#15683, #15685));
#15687=SURFACE_STYLE_USAGE(.BOTH.,#15686);
#15688=PRESENTATION_STYLE_ASSIGNMENT((#15687));
#15689=STYLED_ITEM('',(#15688),#15679);

#15693=CARTESIAN_POINT('',(9.61786,-4.70000,-2.91491));
#15694=CARTESIAN_POINT('',(19.42911,-4.70000,-4.84869));
#15690=(
BOUNDED_SURFACE()
B_SPLINE_SURFACE(2,1,((#15485,#15486),(#15693,#15694),(#15621,#15622)),.UNSPECIFIED.,.F.,.F.,.F.)
B_SPLINE_SURFACE_WITH_KNOTS((3,3),(2,2),(0.000,1.000),(0.000,1.000),.UNSPECIFIED.)
GEOMETRIC_REPRESENTATION_ITEM()
RATIONAL_B_SPLINE_SURFACE(((1.0000000000,1.0000000000),(0.7071067812,0.7071067812),(1.0000000000,1.0000000000)))
REPRESENTATION_ITEM('')
SURFACE()
);

#15705=ORIENTED_EDGE('',*,*,#15519,.F.);
#15714=ORIENTED_EDGE('',*,*,#2646,.F.);
#15723=ORIENTED_EDGE('',*,*,#2637,.F.);
#15730=ORIENTED_EDGE('',*,*,#15634,.F.);
#15739=ORIENTED_EDGE('',*,*,#5017,.F.);
#15746=ORIENTED_EDGE('',*,*,#5008,.F.);
#15747=EDGE_LOOP('',(#15705,#15714,#15723,#15730,#15739,#15746));
#15748=FACE_OUTER_BOUND('',#15747,.T.);
#15749=ADVANCED_FACE('',(#15748),#15690,.T.);
#15750=COLOUR_RGB('',0.39,0.39,0.39);
#15751=FILL_AREA_STYLE_COLOUR('',#15750);
#15752=FILL_AREA_STYLE('',(#15751));
#15753=SURFACE_STYLE_FILL_AREA(#15752);
#15754=SURFACE_STYLE_TRANSPARENT(0.00);
#15755=SURFACE_STYLE_RENDERING_WITH_PROPERTIES(.NORMAL_SHADING.,#15750,(#15754));
#15756=SURFACE_SIDE_STYLE('',(#15753, #15755));
#15757=SURFACE_STYLE_USAGE(.BOTH.,#15756);
#15758=PRESENTATION_STYLE_ASSIGNMENT((#15757));
#15759=STYLED_ITEM('',(#15758),#15749);

#15761=CARTESIAN_POINT('',(9.97743,-2.70000,0.67145));
#15762=CARTESIAN_POINT('',(19.95487,-2.70000,1.34289));
#15763=CARTESIAN_POINT('',(10.04458,-2.70000,-0.32630));
#15764=CARTESIAN_POINT('',(20.02201,-2.70000,0.34515));
#15765=CARTESIAN_POINT('',(10.04458,-3.70000,-0.32630));
#15766=CARTESIAN_POINT('',(20.02201,-3.70000,0.34515));
#15760=(
BOUNDED_SURFACE()
B_SPLINE_SURFACE(2,1,((#15761,#15762),(#15763,#15764),(#15765,#15766)),.UNSPECIFIED.,.F.,.F.,.F.)
B_SPLINE_SURFACE_WITH_KNOTS((3,3),(2,2),(0.000,1.000),(0.000,1.000),.UNSPECIFIED.)
GEOMETRIC_REPRESENTATION_ITEM()
RATIONAL_B_SPLINE_SURFACE(((1.0000000000,1.0000000000),(0.7071067812,0.7071067812),(1.0000000000,1.0000000000)))
REPRESENTATION_ITEM('')
SURFACE()
);

#15769=(
BOUNDED_CURVE()
B_SPLINE_CURVE(1,(#4161,#1853),.UNSPECIFIED.,.F.,.F.)
B_SPLINE_CURVE_WITH_KNOTS((2,2),(0.000,1.000),.UNSPECIFIED.)
CURVE()
GEOMETRIC_REPRESENTATION_ITEM()
RATIONAL_B_SPLINE_CURVE((1.0000000000,1.0000000000))
REPRESENTATION_ITEM('')
);

#15774=EDGE_CURVE('',#4163,#1855,#15769,.T.);
#15775=ORIENTED_EDGE('',*,*,#15774,.T.);
#15784=ORIENTED_EDGE('',*,*,#1856,.F.);
#15793=ORIENTED_EDGE('',*,*,#1847,.F.);
#15794=(
BOUNDED_CURVE()
B_SPLINE_CURVE(1,(#1835,#4646),.UNSPECIFIED.,.F.,.F.)
B_SPLINE_CURVE_WITH_KNOTS((2,2),(0.000,1.000),.UNSPECIFIED.)
CURVE()
GEOMETRIC_REPRESENTATION_ITEM()
RATIONAL_B_SPLINE_CURVE((1.0000000000,1.0000000000))
REPRESENTATION_ITEM('')
);

#15799=EDGE_CURVE('',#1837,#4648,#15794,.T.);
#15800=ORIENTED_EDGE('',*,*,#15799,.T.);
#15809=ORIENTED_EDGE('',*,*,#4649,.F.);
#15816=ORIENTED_EDGE('',*,*,#4173,.F.);
#15817=EDGE_LOOP('',(#15775,#15784,#15793,#15800,#15809,#15816));
#15818=FACE_OUTER_BOUND('',#15817,.T.);
#15819=ADVANCED_FACE('',(#15818),#15760,.T.);
#15820=COLOUR_RGB('',0.39,0.39,0.39);
#15821=FILL_AREA_STYLE_COLOUR('',#15820);
#15822=FILL_AREA_STYLE('',(#15821));
#15823=SURFACE_STYLE_FILL_AREA(#15822);
#15824=SURFACE_STYLE_TRANSPARENT(0.00);
#15825=SURFACE_STYLE_RENDERING_WITH_PROPERTIES(.NORMAL_SHADING.,#15820,(#15824));
#15826=SURFACE_SIDE_STYLE('',(#15823, #15825));
#15827=SURFACE_STYLE_USAGE(.BOTH.,#15826);
#15828=PRESENTATION_STYLE_ASSIGNMENT((#15827));
#15829=STYLED_ITEM('',(#15828),#15819);

#15831=CARTESIAN_POINT('',(9.91029,-3.70000,1.66919));
#15832=CARTESIAN_POINT('',(19.88772,-3.70000,2.34064));
#15833=CARTESIAN_POINT('',(9.91029,-2.70000,1.66919));
#15834=CARTESIAN_POINT('',(19.88772,-2.70000,2.34064));
#15830=(
BOUNDED_SURFACE()
B_SPLINE_SURFACE(2,1,((#15831,#15832),(#15833,#15834),(#15761,#15762)),.UNSPECIFIED.,.F.,.F.,.F.)
B_SPLINE_SURFACE_WITH_KNOTS((3,3),(2,2),(0.000,1.000),(0.000,1.000),.UNSPECIFIED.)
GEOMETRIC_REPRESENTATION_ITEM()
RATIONAL_B_SPLINE_SURFACE(((1.0000000000,1.0000000000),(0.7071067812,0.7071067812),(1.0000000000,1.0000000000)))
REPRESENTATION_ITEM('')
SURFACE()
);

#15847=ORIENTED_EDGE('',*,*,#1874,.F.);
#15856=ORIENTED_EDGE('',*,*,#1865,.F.);
#15863=ORIENTED_EDGE('',*,*,#15774,.F.);
#15872=ORIENTED_EDGE('',*,*,#4164,.F.);
#15881=ORIENTED_EDGE('',*,*,#4155,.F.);
#15882=(
BOUNDED_CURVE()
B_SPLINE_CURVE(1,(#4143,#1871),.UNSPECIFIED.,.F.,.F.)
B_SPLINE_CURVE_WITH_KNOTS((2,2),(0.000,1.000),.UNSPECIFIED.)
CURVE()
GEOMETRIC_REPRESENTATION_ITEM()
RATIONAL_B_SPLINE_CURVE((1.0000000000,1.0000000000))
REPRESENTATION_ITEM('')
);

#15885=EDGE_CURVE('',#4145,#1873,#15882,.T.);
#15886=ORIENTED_EDGE('',*,*,#15885,.T.);
#15887=EDGE_LOOP('',(#15847,#15856,#15863,#15872,#15881,#15886));
#15888=FACE_OUTER_BOUND('',#15887,.T.);
#15889=ADVANCED_FACE('',(#15888),#15830,.T.);
#15890=COLOUR_RGB('',0.39,0.39,0.39);
#15891=FILL_AREA_STYLE_COLOUR('',#15890);
#15892=FILL_AREA_STYLE('',(#15891));
#15893=SURFACE_STYLE_FILL_AREA(#15892);
#15894=SURFACE_STYLE_TRANSPARENT(0.00);
#15895=SURFACE_STYLE_RENDERING_WITH_PROPERTIES(.NORMAL_SHADING.,#15890,(#15894));
#15896=SURFACE_SIDE_STYLE('',(#15893, #15895));
#15897=SURFACE_STYLE_USAGE(.BOTH.,#15896);
#15898=PRESENTATION_STYLE_ASSIGNMENT((#15897));
#15899=STYLED_ITEM('',(#15898),#15889);

#15901=CARTESIAN_POINT('',(9.97743,-4.70000,0.67145));
#15902=CARTESIAN_POINT('',(19.95487,-4.70000,1.34289));
#15903=CARTESIAN_POINT('',(9.91029,-4.70000,1.66919));
#15904=CARTESIAN_POINT('',(19.88772,-4.70000,2.34064));
#15900=(
BOUNDED_SURFACE()
B_SPLINE_SURFACE(2,1,((#15901,#15902),(#15903,#15904),(#15831,#15832)),.UNSPECIFIED.,.F.,.F.,.F.)
B_SPLINE_SURFACE_WITH_KNOTS((3,3),(2,2),(0.000,1.000),(0.000,1.000),.UNSPECIFIED.)
GEOMETRIC_REPRESENTATION_ITEM()
RATIONAL_B_SPLINE_SURFACE(((1.0000000000,1.0000000000),(0.7071067812,0.7071067812),(1.0000000000,1.0000000000)))
REPRESENTATION_ITEM('')
SURFACE()
);

#15917=ORIENTED_EDGE('',*,*,#1890,.F.);
#15926=ORIENTED_EDGE('',*,*,#1883,.F.);
#15933=ORIENTED_EDGE('',*,*,#15885,.F.);
#15942=ORIENTED_EDGE('',*,*,#4146,.F.);
#15951=ORIENTED_EDGE('',*,*,#4137,.F.);
#15952=(
BOUNDED_CURVE()
B_SPLINE_CURVE(1,(#4125,#1820),.UNSPECIFIED.,.F.,.F.)
B_SPLINE_CURVE_WITH_KNOTS((2,2),(0.000,1.000),.UNSPECIFIED.)
CURVE()
GEOMETRIC_REPRESENTATION_ITEM()
RATIONAL_B_SPLINE_CURVE((1.0000000000,1.0000000000))
REPRESENTATION_ITEM('')
);

#15955=EDGE_CURVE('',#4127,#1821,#15952,.T.);
#15956=ORIENTED_EDGE('',*,*,#15955,.T.);
#15957=EDGE_LOOP('',(#15917,#15926,#15933,#15942,#15951,#15956));
#15958=FACE_OUTER_BOUND('',#15957,.T.);
#15959=ADVANCED_FACE('',(#15958),#15900,.T.);
#15960=COLOUR_RGB('',0.39,0.39,0.39);
#15961=FILL_AREA_STYLE_COLOUR('',#15960);
#15962=FILL_AREA_STYLE('',(#15961));
#15963=SURFACE_STYLE_FILL_AREA(#15962);
#15964=SURFACE_STYLE_TRANSPARENT(0.00);
#15965=SURFACE_STYLE_RENDERING_WITH_PROPERTIES(.NORMAL_SHADING.,#15960,(#15964));
#15966=SURFACE_SIDE_STYLE('',(#15963, #15965));
#15967=SURFACE_STYLE_USAGE(.BOTH.,#15966);
#15968=PRESENTATION_STYLE_ASSIGNMENT((#15967));
#15969=STYLED_ITEM('',(#15968),#15959);

#15973=CARTESIAN_POINT('',(10.04458,-4.70000,-0.32630));
#15974=CARTESIAN_POINT('',(20.02201,-4.70000,0.34515));
#15970=(
BOUNDED_SURFACE()
B_SPLINE_SURFACE(2,1,((#15765,#15766),(#15973,#15974),(#15901,#15902)),.UNSPECIFIED.,.F.,.F.,.F.)
B_SPLINE_SURFACE_WITH_KNOTS((3,3),(2,2),(0.000,1.000),(0.000,1.000),.UNSPECIFIED.)
GEOMETRIC_REPRESENTATION_ITEM()
RATIONAL_B_SPLINE_SURFACE(((1.0000000000,1.0000000000),(0.7071067812,0.7071067812),(1.0000000000,1.0000000000)))
REPRESENTATION_ITEM('')
SURFACE()
);

#15987=ORIENTED_EDGE('',*,*,#1838,.F.);
#15996=ORIENTED_EDGE('',*,*,#1829,.F.);
#16003=ORIENTED_EDGE('',*,*,#15955,.F.);
#16012=ORIENTED_EDGE('',*,*,#4128,.F.);
#16021=ORIENTED_EDGE('',*,*,#4658,.F.);
#16026=ORIENTED_EDGE('',*,*,#15799,.F.);
#16027=EDGE_LOOP('',(#15987,#15996,#16003,#16012,#16021,#16026));
#16028=FACE_OUTER_BOUND('',#16027,.T.);
#16029=ADVANCED_FACE('',(#16028),#15970,.T.);
#16030=COLOUR_RGB('',0.39,0.39,0.39);
#16031=FILL_AREA_STYLE_COLOUR('',#16030);
#16032=FILL_AREA_STYLE('',(#16031));
#16033=SURFACE_STYLE_FILL_AREA(#16032);
#16034=SURFACE_STYLE_TRANSPARENT(0.00);
#16035=SURFACE_STYLE_RENDERING_WITH_PROPERTIES(.NORMAL_SHADING.,#16030,(#16034));
#16036=SURFACE_SIDE_STYLE('',(#16033, #16035));
#16037=SURFACE_STYLE_USAGE(.BOTH.,#16036);
#16038=PRESENTATION_STYLE_ASSIGNMENT((#16037));
#16039=STYLED_ITEM('',(#16038),#16029);

#16041=CARTESIAN_POINT('',(18.92735,-4.70000,6.46183));
#16042=CARTESIAN_POINT('',(9.46368,-4.70000,3.23092));
#16043=CARTESIAN_POINT('',(19.25045,-4.70000,5.51547));
#16044=CARTESIAN_POINT('',(9.78677,-4.70000,2.28455));
#16045=CARTESIAN_POINT('',(19.25045,-3.70000,5.51547));
#16046=CARTESIAN_POINT('',(9.78677,-3.70000,2.28455));
#16040=(
BOUNDED_SURFACE()
B_SPLINE_SURFACE(2,1,((#16041,#16042),(#16043,#16044),(#16045,#16046)),.UNSPECIFIED.,.F.,.F.,.F.)
B_SPLINE_SURFACE_WITH_KNOTS((3,3),(2,2),(0.000,1.000),(0.000,1.000),.UNSPECIFIED.)
GEOMETRIC_REPRESENTATION_ITEM()
RATIONAL_B_SPLINE_SURFACE(((1.0000000000,1.0000000000),(0.7071067812,0.7071067812),(1.0000000000,1.0000000000)))
REPRESENTATION_ITEM('')
SURFACE()
);

#16049=(
BOUNDED_CURVE()
B_SPLINE_CURVE(1,(#1945,#4212),.UNSPECIFIED.,.F.,.F.)
B_SPLINE_CURVE_WITH_KNOTS((2,2),(0.000,1.000),.UNSPECIFIED.)
CURVE()
GEOMETRIC_REPRESENTATION_ITEM()
RATIONAL_B_SPLINE_CURVE((1.0000000000,1.0000000000))
REPRESENTATION_ITEM('')
);

#16054=EDGE_CURVE('',#1947,#4214,#16049,.T.);
#16055=ORIENTED_EDGE('',*,*,#16054,.T.);
#16064=ORIENTED_EDGE('',*,*,#4215,.F.);
#16073=ORIENTED_EDGE('',*,*,#4206,.F.);
#16074=(
BOUNDED_CURVE()
B_SPLINE_CURVE(1,(#4197,#1894),.UNSPECIFIED.,.F.,.F.)
B_SPLINE_CURVE_WITH_KNOTS((2,2),(0.000,1.000),.UNSPECIFIED.)
CURVE()
GEOMETRIC_REPRESENTATION_ITEM()
RATIONAL_B_SPLINE_CURVE((1.0000000000,1.0000000000))
REPRESENTATION_ITEM('')
);

#16079=EDGE_CURVE('',#4198,#1895,#16074,.T.);
#16080=ORIENTED_EDGE('',*,*,#16079,.T.);
#16089=ORIENTED_EDGE('',*,*,#1964,.F.);
#16096=ORIENTED_EDGE('',*,*,#1957,.F.);
#16097=EDGE_LOOP('',(#16055,#16064,#16073,#16080,#16089,#16096));
#16098=FACE_OUTER_BOUND('',#16097,.T.);
#16099=ADVANCED_FACE('',(#16098),#16040,.T.);
#16100=COLOUR_RGB('',0.39,0.39,0.39);
#16101=FILL_AREA_STYLE_COLOUR('',#16100);
#16102=FILL_AREA_STYLE('',(#16101));
#16103=SURFACE_STYLE_FILL_AREA(#16102);
#16104=SURFACE_STYLE_TRANSPARENT(0.00);
#16105=SURFACE_STYLE_RENDERING_WITH_PROPERTIES(.NORMAL_SHADING.,#16100,(#16104));
#16106=SURFACE_SIDE_STYLE('',(#16103, #16105));
#16107=SURFACE_STYLE_USAGE(.BOTH.,#16106);
#16108=PRESENTATION_STYLE_ASSIGNMENT((#16107));
#16109=STYLED_ITEM('',(#16108),#16099);

#16111=CARTESIAN_POINT('',(18.60426,-3.70000,7.40820));
#16112=CARTESIAN_POINT('',(9.14059,-3.70000,4.17728));
#16113=CARTESIAN_POINT('',(18.60426,-4.70000,7.40820));
#16114=CARTESIAN_POINT('',(9.14059,-4.70000,4.17728));
#16110=(
BOUNDED_SURFACE()
B_SPLINE_SURFACE(2,1,((#16111,#16112),(#16113,#16114),(#16041,#16042)),.UNSPECIFIED.,.F.,.F.,.F.)
B_SPLINE_SURFACE_WITH_KNOTS((3,3),(2,2),(0.000,1.000),(0.000,1.000),.UNSPECIFIED.)
GEOMETRIC_REPRESENTATION_ITEM()
RATIONAL_B_SPLINE_SURFACE(((1.0000000000,1.0000000000),(0.7071067812,0.7071067812),(1.0000000000,1.0000000000)))
REPRESENTATION_ITEM('')
SURFACE()
);

#16119=(
BOUNDED_CURVE()
B_SPLINE_CURVE(1,(#1927,#4230),.UNSPECIFIED.,.F.,.F.)
B_SPLINE_CURVE_WITH_KNOTS((2,2),(0.000,1.000),.UNSPECIFIED.)
CURVE()
GEOMETRIC_REPRESENTATION_ITEM()
RATIONAL_B_SPLINE_CURVE((1.0000000000,1.0000000000))
REPRESENTATION_ITEM('')
);

#16124=EDGE_CURVE('',#1929,#4232,#16119,.T.);
#16125=ORIENTED_EDGE('',*,*,#16124,.T.);
#16134=ORIENTED_EDGE('',*,*,#4233,.F.);
#16143=ORIENTED_EDGE('',*,*,#4224,.F.);
#16150=ORIENTED_EDGE('',*,*,#16054,.F.);
#16159=ORIENTED_EDGE('',*,*,#1948,.F.);
#16166=ORIENTED_EDGE('',*,*,#1939,.F.);
#16167=EDGE_LOOP('',(#16125,#16134,#16143,#16150,#16159,#16166));
#16168=FACE_OUTER_BOUND('',#16167,.T.);
#16169=ADVANCED_FACE('',(#16168),#16110,.T.);
#16170=COLOUR_RGB('',0.39,0.39,0.39);
#16171=FILL_AREA_STYLE_COLOUR('',#16170);
#16172=FILL_AREA_STYLE('',(#16171));
#16173=SURFACE_STYLE_FILL_AREA(#16172);
#16174=SURFACE_STYLE_TRANSPARENT(0.00);
#16175=SURFACE_STYLE_RENDERING_WITH_PROPERTIES(.NORMAL_SHADING.,#16170,(#16174));
#16176=SURFACE_SIDE_STYLE('',(#16173, #16175));
#16177=SURFACE_STYLE_USAGE(.BOTH.,#16176);
#16178=PRESENTATION_STYLE_ASSIGNMENT((#16177));
#16179=STYLED_ITEM('',(#16178),#16169);

#16181=CARTESIAN_POINT('',(18.92735,-2.70000,6.46183));
#16182=CARTESIAN_POINT('',(9.46368,-2.70000,3.23092));
#16183=CARTESIAN_POINT('',(18.60426,-2.70000,7.40820));
#16184=CARTESIAN_POINT('',(9.14059,-2.70000,4.17728));
#16180=(
BOUNDED_SURFACE()
B_SPLINE_SURFACE(2,1,((#16181,#16182),(#16183,#16184),(#16111,#16112)),.UNSPECIFIED.,.F.,.F.,.F.)
B_SPLINE_SURFACE_WITH_KNOTS((3,3),(2,2),(0.000,1.000),(0.000,1.000),.UNSPECIFIED.)
GEOMETRIC_REPRESENTATION_ITEM()
RATIONAL_B_SPLINE_SURFACE(((1.0000000000,1.0000000000),(0.7071067812,0.7071067812),(1.0000000000,1.0000000000)))
REPRESENTATION_ITEM('')
SURFACE()
);

#16189=(
BOUNDED_CURVE()
B_SPLINE_CURVE(1,(#1909,#4248),.UNSPECIFIED.,.F.,.F.)
B_SPLINE_CURVE_WITH_KNOTS((2,2),(0.000,1.000),.UNSPECIFIED.)
CURVE()
GEOMETRIC_REPRESENTATION_ITEM()
RATIONAL_B_SPLINE_CURVE((1.0000000000,1.0000000000))
REPRESENTATION_ITEM('')
);

#16194=EDGE_CURVE('',#1911,#4250,#16189,.T.);
#16195=ORIENTED_EDGE('',*,*,#16194,.T.);
#16204=ORIENTED_EDGE('',*,*,#4251,.F.);
#16213=ORIENTED_EDGE('',*,*,#4242,.F.);
#16220=ORIENTED_EDGE('',*,*,#16124,.F.);
#16229=ORIENTED_EDGE('',*,*,#1930,.F.);
#16236=ORIENTED_EDGE('',*,*,#1921,.F.);
#16237=EDGE_LOOP('',(#16195,#16204,#16213,#16220,#16229,#16236));
#16238=FACE_OUTER_BOUND('',#16237,.T.);
#16239=ADVANCED_FACE('',(#16238),#16180,.T.);
#16240=COLOUR_RGB('',0.39,0.39,0.39);
#16241=FILL_AREA_STYLE_COLOUR('',#16240);
#16242=FILL_AREA_STYLE('',(#16241));
#16243=SURFACE_STYLE_FILL_AREA(#16242);
#16244=SURFACE_STYLE_TRANSPARENT(0.00);
#16245=SURFACE_STYLE_RENDERING_WITH_PROPERTIES(.NORMAL_SHADING.,#16240,(#16244));
#16246=SURFACE_SIDE_STYLE('',(#16243, #16245));
#16247=SURFACE_STYLE_USAGE(.BOTH.,#16246);
#16248=PRESENTATION_STYLE_ASSIGNMENT((#16247));
#16249=STYLED_ITEM('',(#16248),#16239);

#16253=CARTESIAN_POINT('',(19.25045,-2.70000,5.51547));
#16254=CARTESIAN_POINT('',(9.78677,-2.70000,2.28455));
#16250=(
BOUNDED_SURFACE()
B_SPLINE_SURFACE(2,1,((#16045,#16046),(#16253,#16254),(#16181,#16182)),.UNSPECIFIED.,.F.,.F.,.F.)
B_SPLINE_SURFACE_WITH_KNOTS((3,3),(2,2),(0.000,1.000),(0.000,1.000),.UNSPECIFIED.)
GEOMETRIC_REPRESENTATION_ITEM()
RATIONAL_B_SPLINE_SURFACE(((1.0000000000,1.0000000000),(0.7071067812,0.7071067812),(1.0000000000,1.0000000000)))
REPRESENTATION_ITEM('')
SURFACE()
);

#16265=ORIENTED_EDGE('',*,*,#16079,.F.);
#16274=ORIENTED_EDGE('',*,*,#4267,.F.);
#16283=ORIENTED_EDGE('',*,*,#4260,.F.);
#16290=ORIENTED_EDGE('',*,*,#16194,.F.);
#16299=ORIENTED_EDGE('',*,*,#1912,.F.);
#16306=ORIENTED_EDGE('',*,*,#1903,.F.);
#16307=EDGE_LOOP('',(#16265,#16274,#16283,#16290,#16299,#16306));
#16308=FACE_OUTER_BOUND('',#16307,.T.);
#16309=ADVANCED_FACE('',(#16308),#16250,.T.);
#16310=COLOUR_RGB('',0.39,0.39,0.39);
#16311=FILL_AREA_STYLE_COLOUR('',#16310);
#16312=FILL_AREA_STYLE('',(#16311));
#16313=SURFACE_STYLE_FILL_AREA(#16312);
#16314=SURFACE_STYLE_TRANSPARENT(0.00);
#16315=SURFACE_STYLE_RENDERING_WITH_PROPERTIES(.NORMAL_SHADING.,#16310,(#16314));
#16316=SURFACE_SIDE_STYLE('',(#16313, #16315));
#16317=SURFACE_STYLE_USAGE(.BOTH.,#16316);
#16318=PRESENTATION_STYLE_ASSIGNMENT((#16317));
#16319=STYLED_ITEM('',(#16318),#16309);

#16321=CARTESIAN_POINT('',(8.30499,-2.70000,5.57021));
#16322=CARTESIAN_POINT('',(16.60997,-2.70000,11.14041));
#16323=CARTESIAN_POINT('',(8.86201,-2.70000,4.73971));
#16324=CARTESIAN_POINT('',(17.16699,-2.70000,10.30991));
#16325=CARTESIAN_POINT('',(8.86201,-3.70000,4.73971));
#16326=CARTESIAN_POINT('',(17.16699,-3.70000,10.30991));
#16320=(
BOUNDED_SURFACE()
B_SPLINE_SURFACE(2,1,((#16321,#16322),(#16323,#16324),(#16325,#16326)),.UNSPECIFIED.,.F.,.F.,.F.)
B_SPLINE_SURFACE_WITH_KNOTS((3,3),(2,2),(0.000,1.000),(0.000,1.000),.UNSPECIFIED.)
GEOMETRIC_REPRESENTATION_ITEM()
RATIONAL_B_SPLINE_SURFACE(((1.0000000000,1.0000000000),(0.7071067812,0.7071067812),(1.0000000000,1.0000000000)))
REPRESENTATION_ITEM('')
SURFACE()
);

#16337=ORIENTED_EDGE('',*,*,#2038,.F.);
#16346=ORIENTED_EDGE('',*,*,#2031,.F.);
#16347=(
BOUNDED_CURVE()
B_SPLINE_CURVE(1,(#2019,#4322),.UNSPECIFIED.,.F.,.F.)
B_SPLINE_CURVE_WITH_KNOTS((2,2),(0.000,1.000),.UNSPECIFIED.)
CURVE()
GEOMETRIC_REPRESENTATION_ITEM()
RATIONAL_B_SPLINE_CURVE((1.0000000000,1.0000000000))
REPRESENTATION_ITEM('')
);

#16352=EDGE_CURVE('',#2021,#4324,#16347,.T.);
#16353=ORIENTED_EDGE('',*,*,#16352,.T.);
#16362=ORIENTED_EDGE('',*,*,#4325,.F.);
#16371=ORIENTED_EDGE('',*,*,#4316,.F.);
#16372=(
BOUNDED_CURVE()
B_SPLINE_CURVE(1,(#4304,#1968),.UNSPECIFIED.,.F.,.F.)
B_SPLINE_CURVE_WITH_KNOTS((2,2),(0.000,1.000),.UNSPECIFIED.)
CURVE()
GEOMETRIC_REPRESENTATION_ITEM()
RATIONAL_B_SPLINE_CURVE((1.0000000000,1.0000000000))
REPRESENTATION_ITEM('')
);

#16375=EDGE_CURVE('',#4306,#1969,#16372,.T.);
#16376=ORIENTED_EDGE('',*,*,#16375,.T.);
#16377=EDGE_LOOP('',(#16337,#16346,#16353,#16362,#16371,#16376));
#16378=FACE_OUTER_BOUND('',#16377,.T.);
#16379=ADVANCED_FACE('',(#16378),#16320,.T.);
#16380=COLOUR_RGB('',0.39,0.39,0.39);
#16381=FILL_AREA_STYLE_COLOUR('',#16380);
#16382=FILL_AREA_STYLE('',(#16381));
#16383=SURFACE_STYLE_FILL_AREA(#16382);
#16384=SURFACE_STYLE_TRANSPARENT(0.00);
#16385=SURFACE_STYLE_RENDERING_WITH_PROPERTIES(.NORMAL_SHADING.,#16380,(#16384));
#16386=SURFACE_SIDE_STYLE('',(#16383, #16385));
#16387=SURFACE_STYLE_USAGE(.BOTH.,#16386);
#16388=PRESENTATION_STYLE_ASSIGNMENT((#16387));
#16389=STYLED_ITEM('',(#16388),#16379);

#16391=CARTESIAN_POINT('',(7.74797,-3.70000,6.40070));
#16392=CARTESIAN_POINT('',(16.05295,-3.70000,11.97091));
#16393=CARTESIAN_POINT('',(7.74797,-2.70000,6.40070));
#16394=CARTESIAN_POINT('',(16.05295,-2.70000,11.97091));
#16390=(
BOUNDED_SURFACE()
B_SPLINE_SURFACE(2,1,((#16391,#16392),(#16393,#16394),(#16321,#16322)),.UNSPECIFIED.,.F.,.F.,.F.)
B_SPLINE_SURFACE_WITH_KNOTS((3,3),(2,2),(0.000,1.000),(0.000,1.000),.UNSPECIFIED.)
GEOMETRIC_REPRESENTATION_ITEM()
RATIONAL_B_SPLINE_SURFACE(((1.0000000000,1.0000000000),(0.7071067812,0.7071067812),(1.0000000000,1.0000000000)))
REPRESENTATION_ITEM('')
SURFACE()
);

#16407=ORIENTED_EDGE('',*,*,#1986,.F.);
#16416=ORIENTED_EDGE('',*,*,#1977,.F.);
#16423=ORIENTED_EDGE('',*,*,#16375,.F.);
#16432=ORIENTED_EDGE('',*,*,#4307,.F.);
#16441=ORIENTED_EDGE('',*,*,#4298,.F.);
#16442=(
BOUNDED_CURVE()
B_SPLINE_CURVE(1,(#4286,#1983),.UNSPECIFIED.,.F.,.F.)
B_SPLINE_CURVE_WITH_KNOTS((2,2),(0.000,1.000),.UNSPECIFIED.)
CURVE()
GEOMETRIC_REPRESENTATION_ITEM()
RATIONAL_B_SPLINE_CURVE((1.0000000000,1.0000000000))
REPRESENTATION_ITEM('')
);

#16445=EDGE_CURVE('',#4288,#1985,#16442,.T.);
#16446=ORIENTED_EDGE('',*,*,#16445,.T.);
#16447=EDGE_LOOP('',(#16407,#16416,#16423,#16432,#16441,#16446));
#16448=FACE_OUTER_BOUND('',#16447,.T.);
#16449=ADVANCED_FACE('',(#16448),#16390,.T.);
#16450=COLOUR_RGB('',0.39,0.39,0.39);
#16451=FILL_AREA_STYLE_COLOUR('',#16450);
#16452=FILL_AREA_STYLE('',(#16451));
#16453=SURFACE_STYLE_FILL_AREA(#16452);
#16454=SURFACE_STYLE_TRANSPARENT(0.00);
#16455=SURFACE_STYLE_RENDERING_WITH_PROPERTIES(.NORMAL_SHADING.,#16450,(#16454));
#16456=SURFACE_SIDE_STYLE('',(#16453, #16455));
#16457=SURFACE_STYLE_USAGE(.BOTH.,#16456);
#16458=PRESENTATION_STYLE_ASSIGNMENT((#16457));
#16459=STYLED_ITEM('',(#16458),#16449);

#16461=CARTESIAN_POINT('',(8.30499,-4.70000,5.57021));
#16462=CARTESIAN_POINT('',(16.60997,-4.70000,11.14041));
#16463=CARTESIAN_POINT('',(7.74797,-4.70000,6.40070));
#16464=CARTESIAN_POINT('',(16.05295,-4.70000,11.97091));
#16460=(
BOUNDED_SURFACE()
B_SPLINE_SURFACE(2,1,((#16461,#16462),(#16463,#16464),(#16391,#16392)),.UNSPECIFIED.,.F.,.F.,.F.)
B_SPLINE_SURFACE_WITH_KNOTS((3,3),(2,2),(0.000,1.000),(0.000,1.000),.UNSPECIFIED.)
GEOMETRIC_REPRESENTATION_ITEM()
RATIONAL_B_SPLINE_SURFACE(((1.0000000000,1.0000000000),(0.7071067812,0.7071067812),(1.0000000000,1.0000000000)))
REPRESENTATION_ITEM('')
SURFACE()
);

#16477=ORIENTED_EDGE('',*,*,#2004,.F.);
#16486=ORIENTED_EDGE('',*,*,#1995,.F.);
#16493=ORIENTED_EDGE('',*,*,#16445,.F.);
#16502=ORIENTED_EDGE('',*,*,#4289,.F.);
#16511=ORIENTED_EDGE('',*,*,#4280,.F.);
#16512=(
BOUNDED_CURVE()
B_SPLINE_CURVE(1,(#4271,#2001),.UNSPECIFIED.,.F.,.F.)
B_SPLINE_CURVE_WITH_KNOTS((2,2),(0.000,1.000),.UNSPECIFIED.)
CURVE()
GEOMETRIC_REPRESENTATION_ITEM()
RATIONAL_B_SPLINE_CURVE((1.0000000000,1.0000000000))
REPRESENTATION_ITEM('')
);

#16515=EDGE_CURVE('',#4272,#2003,#16512,.T.);
#16516=ORIENTED_EDGE('',*,*,#16515,.T.);
#16517=EDGE_LOOP('',(#16477,#16486,#16493,#16502,#16511,#16516));
#16518=FACE_OUTER_BOUND('',#16517,.T.);
#16519=ADVANCED_FACE('',(#16518),#16460,.T.);
#16520=COLOUR_RGB('',0.39,0.39,0.39);
#16521=FILL_AREA_STYLE_COLOUR('',#16520);
#16522=FILL_AREA_STYLE('',(#16521));
#16523=SURFACE_STYLE_FILL_AREA(#16522);
#16524=SURFACE_STYLE_TRANSPARENT(0.00);
#16525=SURFACE_STYLE_RENDERING_WITH_PROPERTIES(.NORMAL_SHADING.,#16520,(#16524));
#16526=SURFACE_SIDE_STYLE('',(#16523, #16525));
#16527=SURFACE_STYLE_USAGE(.BOTH.,#16526);
#16528=PRESENTATION_STYLE_ASSIGNMENT((#16527));
#16529=STYLED_ITEM('',(#16528),#16519);

#16533=CARTESIAN_POINT('',(8.86201,-4.70000,4.73971));
#16534=CARTESIAN_POINT('',(17.16699,-4.70000,10.30991));
#16530=(
BOUNDED_SURFACE()
B_SPLINE_SURFACE(2,1,((#16325,#16326),(#16533,#16534),(#16461,#16462)),.UNSPECIFIED.,.F.,.F.,.F.)
B_SPLINE_SURFACE_WITH_KNOTS((3,3),(2,2),(0.000,1.000),(0.000,1.000),.UNSPECIFIED.)
GEOMETRIC_REPRESENTATION_ITEM()
RATIONAL_B_SPLINE_SURFACE(((1.0000000000,1.0000000000),(0.7071067812,0.7071067812),(1.0000000000,1.0000000000)))
REPRESENTATION_ITEM('')
SURFACE()
);

#16547=ORIENTED_EDGE('',*,*,#2022,.F.);
#16556=ORIENTED_EDGE('',*,*,#2013,.F.);
#16563=ORIENTED_EDGE('',*,*,#16515,.F.);
#16572=ORIENTED_EDGE('',*,*,#4341,.F.);
#16581=ORIENTED_EDGE('',*,*,#4334,.F.);
#16586=ORIENTED_EDGE('',*,*,#16352,.F.);
#16587=EDGE_LOOP('',(#16547,#16556,#16563,#16572,#16581,#16586));
#16588=FACE_OUTER_BOUND('',#16587,.T.);
#16589=ADVANCED_FACE('',(#16588),#16530,.T.);
#16590=COLOUR_RGB('',0.39,0.39,0.39);
#16591=FILL_AREA_STYLE_COLOUR('',#16590);
#16592=FILL_AREA_STYLE('',(#16591));
#16593=SURFACE_STYLE_FILL_AREA(#16592);
#16594=SURFACE_STYLE_TRANSPARENT(0.00);
#16595=SURFACE_STYLE_RENDERING_WITH_PROPERTIES(.NORMAL_SHADING.,#16590,(#16594));
#16596=SURFACE_SIDE_STYLE('',(#16593, #16595));
#16597=SURFACE_STYLE_USAGE(.BOTH.,#16596);
#16598=PRESENTATION_STYLE_ASSIGNMENT((#16597));
#16599=STYLED_ITEM('',(#16598),#16589);

#16601=CARTESIAN_POINT('',(6.58033,-2.70000,7.52989));
#16602=CARTESIAN_POINT('',(13.16065,-2.70000,15.05979));
#16603=CARTESIAN_POINT('',(7.33332,-2.70000,6.87186));
#16604=CARTESIAN_POINT('',(13.91364,-2.70000,14.40176));
#16605=CARTESIAN_POINT('',(7.33332,-3.70000,6.87186));
#16606=CARTESIAN_POINT('',(13.91364,-3.70000,14.40176));
#16600=(
BOUNDED_SURFACE()
B_SPLINE_SURFACE(2,1,((#16601,#16602),(#16603,#16604),(#16605,#16606)),.UNSPECIFIED.,.F.,.F.,.F.)
B_SPLINE_SURFACE_WITH_KNOTS((3,3),(2,2),(0.000,1.000),(0.000,1.000),.UNSPECIFIED.)
GEOMETRIC_REPRESENTATION_ITEM()
RATIONAL_B_SPLINE_SURFACE(((1.0000000000,1.0000000000),(0.7071067812,0.7071067812),(1.0000000000,1.0000000000)))
REPRESENTATION_ITEM('')
SURFACE()
);

#16609=(
BOUNDED_CURVE()
B_SPLINE_CURVE(1,(#4360,#2093),.UNSPECIFIED.,.F.,.F.)
B_SPLINE_CURVE_WITH_KNOTS((2,2),(0.000,1.000),.UNSPECIFIED.)
CURVE()
GEOMETRIC_REPRESENTATION_ITEM()
RATIONAL_B_SPLINE_CURVE((1.0000000000,1.0000000000))
REPRESENTATION_ITEM('')
);

#16614=EDGE_CURVE('',#4362,#2095,#16609,.T.);
#16615=ORIENTED_EDGE('',*,*,#16614,.T.);
#16624=ORIENTED_EDGE('',*,*,#2096,.F.);
#16633=ORIENTED_EDGE('',*,*,#2087,.F.);
#16634=(
BOUNDED_CURVE()
B_SPLINE_CURVE(1,(#2075,#4378),.UNSPECIFIED.,.F.,.F.)
B_SPLINE_CURVE_WITH_KNOTS((2,2),(0.000,1.000),.UNSPECIFIED.)
CURVE()
GEOMETRIC_REPRESENTATION_ITEM()
RATIONAL_B_SPLINE_CURVE((1.0000000000,1.0000000000))
REPRESENTATION_ITEM('')
);

#16639=EDGE_CURVE('',#2077,#4380,#16634,.T.);
#16640=ORIENTED_EDGE('',*,*,#16639,.T.);
#16649=ORIENTED_EDGE('',*,*,#4381,.F.);
#16656=ORIENTED_EDGE('',*,*,#4372,.F.);
#16657=EDGE_LOOP('',(#16615,#16624,#16633,#16640,#16649,#16656));
#16658=FACE_OUTER_BOUND('',#16657,.T.);
#16659=ADVANCED_FACE('',(#16658),#16600,.T.);
#16660=COLOUR_RGB('',0.39,0.39,0.39);
#16661=FILL_AREA_STYLE_COLOUR('',#16660);
#16662=FILL_AREA_STYLE('',(#16661));
#16663=SURFACE_STYLE_FILL_AREA(#16662);
#16664=SURFACE_STYLE_TRANSPARENT(0.00);
#16665=SURFACE_STYLE_RENDERING_WITH_PROPERTIES(.NORMAL_SHADING.,#16660,(#16664));
#16666=SURFACE_SIDE_STYLE('',(#16663, #16665));
#16667=SURFACE_STYLE_USAGE(.BOTH.,#16666);
#16668=PRESENTATION_STYLE_ASSIGNMENT((#16667));
#16669=STYLED_ITEM('',(#16668),#16659);

#16671=CARTESIAN_POINT('',(5.82734,-3.70000,8.18793));
#16672=CARTESIAN_POINT('',(12.40766,-3.70000,15.71782));
#16673=CARTESIAN_POINT('',(5.82734,-2.70000,8.18793));
#16674=CARTESIAN_POINT('',(12.40766,-2.70000,15.71782));
#16670=(
BOUNDED_SURFACE()
B_SPLINE_SURFACE(2,1,((#16671,#16672),(#16673,#16674),(#16601,#16602)),.UNSPECIFIED.,.F.,.F.,.F.)
B_SPLINE_SURFACE_WITH_KNOTS((3,3),(2,2),(0.000,1.000),(0.000,1.000),.UNSPECIFIED.)
GEOMETRIC_REPRESENTATION_ITEM()
RATIONAL_B_SPLINE_SURFACE(((1.0000000000,1.0000000000),(0.7071067812,0.7071067812),(1.0000000000,1.0000000000)))
REPRESENTATION_ITEM('')
SURFACE()
);

#16679=(
BOUNDED_CURVE()
B_SPLINE_CURVE(1,(#4345,#2042),.UNSPECIFIED.,.F.,.F.)
B_SPLINE_CURVE_WITH_KNOTS((2,2),(0.000,1.000),.UNSPECIFIED.)
CURVE()
GEOMETRIC_REPRESENTATION_ITEM()
RATIONAL_B_SPLINE_CURVE((1.0000000000,1.0000000000))
REPRESENTATION_ITEM('')
);

#16684=EDGE_CURVE('',#4346,#2043,#16679,.T.);
#16685=ORIENTED_EDGE('',*,*,#16684,.T.);
#16694=ORIENTED_EDGE('',*,*,#2112,.F.);
#16703=ORIENTED_EDGE('',*,*,#2105,.F.);
#16710=ORIENTED_EDGE('',*,*,#16614,.F.);
#16719=ORIENTED_EDGE('',*,*,#4363,.F.);
#16726=ORIENTED_EDGE('',*,*,#4354,.F.);
#16727=EDGE_LOOP('',(#16685,#16694,#16703,#16710,#16719,#16726));
#16728=FACE_OUTER_BOUND('',#16727,.T.);
#16729=ADVANCED_FACE('',(#16728),#16670,.T.);
#16730=COLOUR_RGB('',0.39,0.39,0.39);
#16731=FILL_AREA_STYLE_COLOUR('',#16730);
#16732=FILL_AREA_STYLE('',(#16731));
#16733=SURFACE_STYLE_FILL_AREA(#16732);
#16734=SURFACE_STYLE_TRANSPARENT(0.00);
#16735=SURFACE_STYLE_RENDERING_WITH_PROPERTIES(.NORMAL_SHADING.,#16730,(#16734));
#16736=SURFACE_SIDE_STYLE('',(#16733, #16735));
#16737=SURFACE_STYLE_USAGE(.BOTH.,#16736);
#16738=PRESENTATION_STYLE_ASSIGNMENT((#16737));
#16739=STYLED_ITEM('',(#16738),#16729);

#16741=CARTESIAN_POINT('',(6.58033,-4.70000,7.52989));
#16742=CARTESIAN_POINT('',(13.16065,-4.70000,15.05979));
#16743=CARTESIAN_POINT('',(5.82734,-4.70000,8.18793));
#16744=CARTESIAN_POINT('',(12.40766,-4.70000,15.71782));
#16740=(
BOUNDED_SURFACE()
B_SPLINE_SURFACE(2,1,((#16741,#16742),(#16743,#16744),(#16671,#16672)),.UNSPECIFIED.,.F.,.F.,.F.)
B_SPLINE_SURFACE_WITH_KNOTS((3,3),(2,2),(0.000,1.000),(0.000,1.000),.UNSPECIFIED.)
GEOMETRIC_REPRESENTATION_ITEM()
RATIONAL_B_SPLINE_SURFACE(((1.0000000000,1.0000000000),(0.7071067812,0.7071067812),(1.0000000000,1.0000000000)))
REPRESENTATION_ITEM('')
SURFACE()
);

#16749=(
BOUNDED_CURVE()
B_SPLINE_CURVE(1,(#4396,#2057),.UNSPECIFIED.,.F.,.F.)
B_SPLINE_CURVE_WITH_KNOTS((2,2),(0.000,1.000),.UNSPECIFIED.)
CURVE()
GEOMETRIC_REPRESENTATION_ITEM()
RATIONAL_B_SPLINE_CURVE((1.0000000000,1.0000000000))
REPRESENTATION_ITEM('')
);

#16754=EDGE_CURVE('',#4398,#2059,#16749,.T.);
#16755=ORIENTED_EDGE('',*,*,#16754,.T.);
#16764=ORIENTED_EDGE('',*,*,#2060,.F.);
#16773=ORIENTED_EDGE('',*,*,#2051,.F.);
#16780=ORIENTED_EDGE('',*,*,#16684,.F.);
#16789=ORIENTED_EDGE('',*,*,#4415,.F.);
#16796=ORIENTED_EDGE('',*,*,#4408,.F.);
#16797=EDGE_LOOP('',(#16755,#16764,#16773,#16780,#16789,#16796));
#16798=FACE_OUTER_BOUND('',#16797,.T.);
#16799=ADVANCED_FACE('',(#16798),#16740,.T.);
#16800=COLOUR_RGB('',0.39,0.39,0.39);
#16801=FILL_AREA_STYLE_COLOUR('',#16800);
#16802=FILL_AREA_STYLE('',(#16801));
#16803=SURFACE_STYLE_FILL_AREA(#16802);
#16804=SURFACE_STYLE_TRANSPARENT(0.00);
#16805=SURFACE_STYLE_RENDERING_WITH_PROPERTIES(.NORMAL_SHADING.,#16800,(#16804));
#16806=SURFACE_SIDE_STYLE('',(#16803, #16805));
#16807=SURFACE_STYLE_USAGE(.BOTH.,#16806);
#16808=PRESENTATION_STYLE_ASSIGNMENT((#16807));
#16809=STYLED_ITEM('',(#16808),#16799);

#16813=CARTESIAN_POINT('',(7.33332,-4.70000,6.87186));
#16814=CARTESIAN_POINT('',(13.91364,-4.70000,14.40176));
#16810=(
BOUNDED_SURFACE()
B_SPLINE_SURFACE(2,1,((#16605,#16606),(#16813,#16814),(#16741,#16742)),.UNSPECIFIED.,.F.,.F.,.F.)
B_SPLINE_SURFACE_WITH_KNOTS((3,3),(2,2),(0.000,1.000),(0.000,1.000),.UNSPECIFIED.)
GEOMETRIC_REPRESENTATION_ITEM()
RATIONAL_B_SPLINE_SURFACE(((1.0000000000,1.0000000000),(0.7071067812,0.7071067812),(1.0000000000,1.0000000000)))
REPRESENTATION_ITEM('')
SURFACE()
);

#16825=ORIENTED_EDGE('',*,*,#16639,.F.);
#16834=ORIENTED_EDGE('',*,*,#2078,.F.);
#16843=ORIENTED_EDGE('',*,*,#2069,.F.);
#16850=ORIENTED_EDGE('',*,*,#16754,.F.);
#16859=ORIENTED_EDGE('',*,*,#4399,.F.);
#16866=ORIENTED_EDGE('',*,*,#4390,.F.);
#16867=EDGE_LOOP('',(#16825,#16834,#16843,#16850,#16859,#16866));
#16868=FACE_OUTER_BOUND('',#16867,.T.);
#16869=ADVANCED_FACE('',(#16868),#16810,.T.);
#16870=COLOUR_RGB('',0.39,0.39,0.39);
#16871=FILL_AREA_STYLE_COLOUR('',#16870);
#16872=FILL_AREA_STYLE('',(#16871));
#16873=SURFACE_STYLE_FILL_AREA(#16872);
#16874=SURFACE_STYLE_TRANSPARENT(0.00);
#16875=SURFACE_STYLE_RENDERING_WITH_PROPERTIES(.NORMAL_SHADING.,#16870,(#16874));
#16876=SURFACE_SIDE_STYLE('',(#16873, #16875));
#16877=SURFACE_STYLE_USAGE(.BOTH.,#16876);
#16878=PRESENTATION_STYLE_ASSIGNMENT((#16877));
#16879=STYLED_ITEM('',(#16878),#16869);

#16881=CARTESIAN_POINT('',(4.40723,-2.70000,8.97643));
#16882=CARTESIAN_POINT('',(8.81445,-2.70000,17.95287));
#16883=CARTESIAN_POINT('',(5.30487,-2.70000,8.53571));
#16884=CARTESIAN_POINT('',(9.71210,-2.70000,17.51214));
#16885=CARTESIAN_POINT('',(5.30487,-3.70000,8.53571));
#16886=CARTESIAN_POINT('',(9.71210,-3.70000,17.51214));
#16880=(
BOUNDED_SURFACE()
B_SPLINE_SURFACE(2,1,((#16881,#16882),(#16883,#16884),(#16885,#16886)),.UNSPECIFIED.,.F.,.F.,.F.)
B_SPLINE_SURFACE_WITH_KNOTS((3,3),(2,2),(0.000,1.000),(0.000,1.000),.UNSPECIFIED.)
GEOMETRIC_REPRESENTATION_ITEM()
RATIONAL_B_SPLINE_SURFACE(((1.0000000000,1.0000000000),(0.7071067812,0.7071067812),(1.0000000000,1.0000000000)))
REPRESENTATION_ITEM('')
SURFACE()
);

#16897=ORIENTED_EDGE('',*,*,#2152,.F.);
#16906=ORIENTED_EDGE('',*,*,#2143,.F.);
#16907=(
BOUNDED_CURVE()
B_SPLINE_CURVE(1,(#2131,#4434),.UNSPECIFIED.,.F.,.F.)
B_SPLINE_CURVE_WITH_KNOTS((2,2),(0.000,1.000),.UNSPECIFIED.)
CURVE()
GEOMETRIC_REPRESENTATION_ITEM()
RATIONAL_B_SPLINE_CURVE((1.0000000000,1.0000000000))
REPRESENTATION_ITEM('')
);

#16912=EDGE_CURVE('',#2133,#4436,#16907,.T.);
#16913=ORIENTED_EDGE('',*,*,#16912,.T.);
#16922=ORIENTED_EDGE('',*,*,#4437,.F.);
#16931=ORIENTED_EDGE('',*,*,#4428,.F.);
#16932=(
BOUNDED_CURVE()
B_SPLINE_CURVE(1,(#4419,#2149),.UNSPECIFIED.,.F.,.F.)
B_SPLINE_CURVE_WITH_KNOTS((2,2),(0.000,1.000),.UNSPECIFIED.)
CURVE()
GEOMETRIC_REPRESENTATION_ITEM()
RATIONAL_B_SPLINE_CURVE((1.0000000000,1.0000000000))
REPRESENTATION_ITEM('')
);

#16935=EDGE_CURVE('',#4420,#2151,#16932,.T.);
#16936=ORIENTED_EDGE('',*,*,#16935,.T.);
#16937=EDGE_LOOP('',(#16897,#16906,#16913,#16922,#16931,#16936));
#16938=FACE_OUTER_BOUND('',#16937,.T.);
#16939=ADVANCED_FACE('',(#16938),#16880,.T.);
#16940=COLOUR_RGB('',0.39,0.39,0.39);
#16941=FILL_AREA_STYLE_COLOUR('',#16940);
#16942=FILL_AREA_STYLE('',(#16941));
#16943=SURFACE_STYLE_FILL_AREA(#16942);
#16944=SURFACE_STYLE_TRANSPARENT(0.00);
#16945=SURFACE_STYLE_RENDERING_WITH_PROPERTIES(.NORMAL_SHADING.,#16940,(#16944));
#16946=SURFACE_SIDE_STYLE('',(#16943, #16945));
#16947=SURFACE_STYLE_USAGE(.BOTH.,#16946);
#16948=PRESENTATION_STYLE_ASSIGNMENT((#16947));
#16949=STYLED_ITEM('',(#16948),#16939);

#16951=CARTESIAN_POINT('',(3.50958,-3.70000,9.41716));
#16952=CARTESIAN_POINT('',(7.91681,-3.70000,18.39359));
#16953=CARTESIAN_POINT('',(3.50958,-2.70000,9.41716));
#16954=CARTESIAN_POINT('',(7.91681,-2.70000,18.39359));
#16950=(
BOUNDED_SURFACE()
B_SPLINE_SURFACE(2,1,((#16951,#16952),(#16953,#16954),(#16881,#16882)),.UNSPECIFIED.,.F.,.F.,.F.)
B_SPLINE_SURFACE_WITH_KNOTS((3,3),(2,2),(0.000,1.000),(0.000,1.000),.UNSPECIFIED.)
GEOMETRIC_REPRESENTATION_ITEM()
RATIONAL_B_SPLINE_SURFACE(((1.0000000000,1.0000000000),(0.7071067812,0.7071067812),(1.0000000000,1.0000000000)))
REPRESENTATION_ITEM('')
SURFACE()
);

#16967=ORIENTED_EDGE('',*,*,#2170,.F.);
#16976=ORIENTED_EDGE('',*,*,#2161,.F.);
#16983=ORIENTED_EDGE('',*,*,#16935,.F.);
#16992=ORIENTED_EDGE('',*,*,#4489,.F.);
#17001=ORIENTED_EDGE('',*,*,#4482,.F.);
#17002=(
BOUNDED_CURVE()
B_SPLINE_CURVE(1,(#4470,#2167),.UNSPECIFIED.,.F.,.F.)
B_SPLINE_CURVE_WITH_KNOTS((2,2),(0.000,1.000),.UNSPECIFIED.)
CURVE()
GEOMETRIC_REPRESENTATION_ITEM()
RATIONAL_B_SPLINE_CURVE((1.0000000000,1.0000000000))
REPRESENTATION_ITEM('')
);

#17005=EDGE_CURVE('',#4472,#2169,#17002,.T.);
#17006=ORIENTED_EDGE('',*,*,#17005,.T.);
#17007=EDGE_LOOP('',(#16967,#16976,#16983,#16992,#17001,#17006));
#17008=FACE_OUTER_BOUND('',#17007,.T.);
#17009=ADVANCED_FACE('',(#17008),#16950,.T.);
#17010=COLOUR_RGB('',0.39,0.39,0.39);
#17011=FILL_AREA_STYLE_COLOUR('',#17010);
#17012=FILL_AREA_STYLE('',(#17011));
#17013=SURFACE_STYLE_FILL_AREA(#17012);
#17014=SURFACE_STYLE_TRANSPARENT(0.00);
#17015=SURFACE_STYLE_RENDERING_WITH_PROPERTIES(.NORMAL_SHADING.,#17010,(#17014));
#17016=SURFACE_SIDE_STYLE('',(#17013, #17015));
#17017=SURFACE_STYLE_USAGE(.BOTH.,#17016);
#17018=PRESENTATION_STYLE_ASSIGNMENT((#17017));
#17019=STYLED_ITEM('',(#17018),#17009);

#17021=CARTESIAN_POINT('',(4.40723,-4.70000,8.97643));
#17022=CARTESIAN_POINT('',(8.81445,-4.70000,17.95287));
#17023=CARTESIAN_POINT('',(3.50958,-4.70000,9.41716));
#17024=CARTESIAN_POINT('',(7.91681,-4.70000,18.39359));
#17020=(
BOUNDED_SURFACE()
B_SPLINE_SURFACE(2,1,((#17021,#17022),(#17023,#17024),(#16951,#16952)),.UNSPECIFIED.,.F.,.F.,.F.)
B_SPLINE_SURFACE_WITH_KNOTS((3,3),(2,2),(0.000,1.000),(0.000,1.000),.UNSPECIFIED.)
GEOMETRIC_REPRESENTATION_ITEM()
RATIONAL_B_SPLINE_SURFACE(((1.0000000000,1.0000000000),(0.7071067812,0.7071067812),(1.0000000000,1.0000000000)))
REPRESENTATION_ITEM('')
SURFACE()
);

#17037=ORIENTED_EDGE('',*,*,#2186,.F.);
#17046=ORIENTED_EDGE('',*,*,#2179,.F.);
#17053=ORIENTED_EDGE('',*,*,#17005,.F.);
#17062=ORIENTED_EDGE('',*,*,#4473,.F.);
#17071=ORIENTED_EDGE('',*,*,#4464,.F.);
#17072=(
BOUNDED_CURVE()
B_SPLINE_CURVE(1,(#4452,#2116),.UNSPECIFIED.,.F.,.F.)
B_SPLINE_CURVE_WITH_KNOTS((2,2),(0.000,1.000),.UNSPECIFIED.)
CURVE()
GEOMETRIC_REPRESENTATION_ITEM()
RATIONAL_B_SPLINE_CURVE((1.0000000000,1.0000000000))
REPRESENTATION_ITEM('')
);

#17075=EDGE_CURVE('',#4454,#2117,#17072,.T.);
#17076=ORIENTED_EDGE('',*,*,#17075,.T.);
#17077=EDGE_LOOP('',(#17037,#17046,#17053,#17062,#17071,#17076));
#17078=FACE_OUTER_BOUND('',#17077,.T.);
#17079=ADVANCED_FACE('',(#17078),#17020,.T.);
#17080=COLOUR_RGB('',0.39,0.39,0.39);
#17081=FILL_AREA_STYLE_COLOUR('',#17080);
#17082=FILL_AREA_STYLE('',(#17081));
#17083=SURFACE_STYLE_FILL_AREA(#17082);
#17084=SURFACE_STYLE_TRANSPARENT(0.00);
#17085=SURFACE_STYLE_RENDERING_WITH_PROPERTIES(.NORMAL_SHADING.,#17080,(#17084));
#17086=SURFACE_SIDE_STYLE('',(#17083, #17085));
#17087=SURFACE_STYLE_USAGE(.BOTH.,#17086);
#17088=PRESENTATION_STYLE_ASSIGNMENT((#17087));
#17089=STYLED_ITEM('',(#17088),#17079);

#17093=CARTESIAN_POINT('',(5.30487,-4.70000,8.53571));
#17094=CARTESIAN_POINT('',(9.71210,-4.70000,17.51214));
#17090=(
BOUNDED_SURFACE()
B_SPLINE_SURFACE(2,1,((#16885,#16886),(#17093,#17094),(#17021,#17022)),.UNSPECIFIED.,.F.,.F.,.F.)
B_SPLINE_SURFACE_WITH_KNOTS((3,3),(2,2),(0.000,1.000),(0.000,1.000),.UNSPECIFIED.)
GEOMETRIC_REPRESENTATION_ITEM()
RATIONAL_B_SPLINE_SURFACE(((1.0000000000,1.0000000000),(0.7071067812,0.7071067812),(1.0000000000,1.0000000000)))
REPRESENTATION_ITEM('')
SURFACE()
);

#17107=ORIENTED_EDGE('',*,*,#2134,.F.);
#17116=ORIENTED_EDGE('',*,*,#2125,.F.);
#17123=ORIENTED_EDGE('',*,*,#17075,.F.);
#17132=ORIENTED_EDGE('',*,*,#4455,.F.);
#17141=ORIENTED_EDGE('',*,*,#4446,.F.);
#17146=ORIENTED_EDGE('',*,*,#16912,.F.);
#17147=EDGE_LOOP('',(#17107,#17116,#17123,#17132,#17141,#17146));
#17148=FACE_OUTER_BOUND('',#17147,.T.);
#17149=ADVANCED_FACE('',(#17148),#17090,.T.);
#17150=COLOUR_RGB('',0.39,0.39,0.39);
#17151=FILL_AREA_STYLE_COLOUR('',#17150);
#17152=FILL_AREA_STYLE('',(#17151));
#17153=SURFACE_STYLE_FILL_AREA(#17152);
#17154=SURFACE_STYLE_TRANSPARENT(0.00);
#17155=SURFACE_STYLE_RENDERING_WITH_PROPERTIES(.NORMAL_SHADING.,#17150,(#17154));
#17156=SURFACE_SIDE_STYLE('',(#17153, #17155));
#17157=SURFACE_STYLE_USAGE(.BOTH.,#17156);
#17158=PRESENTATION_STYLE_ASSIGNMENT((#17157));
#17159=STYLED_ITEM('',(#17158),#17149);

#17161=CARTESIAN_POINT('',(1.93378,-2.70000,9.81124));
#17162=CARTESIAN_POINT('',(3.86756,-2.70000,19.62249));
#17163=CARTESIAN_POINT('',(2.91491,-2.70000,9.61786));
#17164=CARTESIAN_POINT('',(4.84869,-2.70000,19.42911));
#17165=CARTESIAN_POINT('',(2.91491,-3.70000,9.61786));
#17166=CARTESIAN_POINT('',(4.84869,-3.70000,19.42911));
#17160=(
BOUNDED_SURFACE()
B_SPLINE_SURFACE(2,1,((#17161,#17162),(#17163,#17164),(#17165,#17166)),.UNSPECIFIED.,.F.,.F.,.F.)
B_SPLINE_SURFACE_WITH_KNOTS((3,3),(2,2),(0.000,1.000),(0.000,1.000),.UNSPECIFIED.)
GEOMETRIC_REPRESENTATION_ITEM()
RATIONAL_B_SPLINE_SURFACE(((1.0000000000,1.0000000000),(0.7071067812,0.7071067812),(1.0000000000,1.0000000000)))
REPRESENTATION_ITEM('')
SURFACE()
);

#17169=(
BOUNDED_CURVE()
B_SPLINE_CURVE(1,(#4544,#2205),.UNSPECIFIED.,.F.,.F.)
B_SPLINE_CURVE_WITH_KNOTS((2,2),(0.000,1.000),.UNSPECIFIED.)
CURVE()
GEOMETRIC_REPRESENTATION_ITEM()
RATIONAL_B_SPLINE_CURVE((1.0000000000,1.0000000000))
REPRESENTATION_ITEM('')
);

#17174=EDGE_CURVE('',#4546,#2207,#17169,.T.);
#17175=ORIENTED_EDGE('',*,*,#17174,.T.);
#17184=ORIENTED_EDGE('',*,*,#2208,.F.);
#17193=ORIENTED_EDGE('',*,*,#2199,.F.);
#17194=(
BOUNDED_CURVE()
B_SPLINE_CURVE(1,(#2190,#4493),.UNSPECIFIED.,.F.,.F.)
B_SPLINE_CURVE_WITH_KNOTS((2,2),(0.000,1.000),.UNSPECIFIED.)
CURVE()
GEOMETRIC_REPRESENTATION_ITEM()
RATIONAL_B_SPLINE_CURVE((1.0000000000,1.0000000000))
REPRESENTATION_ITEM('')
);

#17199=EDGE_CURVE('',#2191,#4494,#17194,.T.);
#17200=ORIENTED_EDGE('',*,*,#17199,.T.);
#17209=ORIENTED_EDGE('',*,*,#4563,.F.);
#17216=ORIENTED_EDGE('',*,*,#4556,.F.);
#17217=EDGE_LOOP('',(#17175,#17184,#17193,#17200,#17209,#17216));
#17218=FACE_OUTER_BOUND('',#17217,.T.);
#17219=ADVANCED_FACE('',(#17218),#17160,.T.);
#17220=COLOUR_RGB('',0.39,0.39,0.39);
#17221=FILL_AREA_STYLE_COLOUR('',#17220);
#17222=FILL_AREA_STYLE('',(#17221));
#17223=SURFACE_STYLE_FILL_AREA(#17222);
#17224=SURFACE_STYLE_TRANSPARENT(0.00);
#17225=SURFACE_STYLE_RENDERING_WITH_PROPERTIES(.NORMAL_SHADING.,#17220,(#17224));
#17226=SURFACE_SIDE_STYLE('',(#17223, #17225));
#17227=SURFACE_STYLE_USAGE(.BOTH.,#17226);
#17228=PRESENTATION_STYLE_ASSIGNMENT((#17227));
#17229=STYLED_ITEM('',(#17228),#17219);

#17231=CARTESIAN_POINT('',(0.95266,-3.70000,10.00462));
#17232=CARTESIAN_POINT('',(2.88644,-3.70000,19.81586));
#17233=CARTESIAN_POINT('',(0.95266,-2.70000,10.00462));
#17234=CARTESIAN_POINT('',(2.88644,-2.70000,19.81586));
#17230=(
BOUNDED_SURFACE()
B_SPLINE_SURFACE(2,1,((#17231,#17232),(#17233,#17234),(#17161,#17162)),.UNSPECIFIED.,.F.,.F.,.F.)
B_SPLINE_SURFACE_WITH_KNOTS((3,3),(2,2),(0.000,1.000),(0.000,1.000),.UNSPECIFIED.)
GEOMETRIC_REPRESENTATION_ITEM()
RATIONAL_B_SPLINE_SURFACE(((1.0000000000,1.0000000000),(0.7071067812,0.7071067812),(1.0000000000,1.0000000000)))
REPRESENTATION_ITEM('')
SURFACE()
);

#17239=(
BOUNDED_CURVE()
B_SPLINE_CURVE(1,(#4526,#2223),.UNSPECIFIED.,.F.,.F.)
B_SPLINE_CURVE_WITH_KNOTS((2,2),(0.000,1.000),.UNSPECIFIED.)
CURVE()
GEOMETRIC_REPRESENTATION_ITEM()
RATIONAL_B_SPLINE_CURVE((1.0000000000,1.0000000000))
REPRESENTATION_ITEM('')
);

#17244=EDGE_CURVE('',#4528,#2225,#17239,.T.);
#17245=ORIENTED_EDGE('',*,*,#17244,.T.);
#17254=ORIENTED_EDGE('',*,*,#2226,.F.);
#17263=ORIENTED_EDGE('',*,*,#2217,.F.);
#17270=ORIENTED_EDGE('',*,*,#17174,.F.);
#17279=ORIENTED_EDGE('',*,*,#4547,.F.);
#17286=ORIENTED_EDGE('',*,*,#4538,.F.);
#17287=EDGE_LOOP('',(#17245,#17254,#17263,#17270,#17279,#17286));
#17288=FACE_OUTER_BOUND('',#17287,.T.);
#17289=ADVANCED_FACE('',(#17288),#17230,.T.);
#17290=COLOUR_RGB('',0.39,0.39,0.39);
#17291=FILL_AREA_STYLE_COLOUR('',#17290);
#17292=FILL_AREA_STYLE('',(#17291));
#17293=SURFACE_STYLE_FILL_AREA(#17292);
#17294=SURFACE_STYLE_TRANSPARENT(0.00);
#17295=SURFACE_STYLE_RENDERING_WITH_PROPERTIES(.NORMAL_SHADING.,#17290,(#17294));
#17296=SURFACE_SIDE_STYLE('',(#17293, #17295));
#17297=SURFACE_STYLE_USAGE(.BOTH.,#17296);
#17298=PRESENTATION_STYLE_ASSIGNMENT((#17297));
#17299=STYLED_ITEM('',(#17298),#17289);

#17301=CARTESIAN_POINT('',(1.93378,-4.70000,9.81124));
#17302=CARTESIAN_POINT('',(3.86756,-4.70000,19.62249));
#17303=CARTESIAN_POINT('',(0.95266,-4.70000,10.00462));
#17304=CARTESIAN_POINT('',(2.88644,-4.70000,19.81586));
#17300=(
BOUNDED_SURFACE()
B_SPLINE_SURFACE(2,1,((#17301,#17302),(#17303,#17304),(#17231,#17232)),.UNSPECIFIED.,.F.,.F.,.F.)
B_SPLINE_SURFACE_WITH_KNOTS((3,3),(2,2),(0.000,1.000),(0.000,1.000),.UNSPECIFIED.)
GEOMETRIC_REPRESENTATION_ITEM()
RATIONAL_B_SPLINE_SURFACE(((1.0000000000,1.0000000000),(0.7071067812,0.7071067812),(1.0000000000,1.0000000000)))
REPRESENTATION_ITEM('')
SURFACE()
);

#17309=(
BOUNDED_CURVE()
B_SPLINE_CURVE(1,(#4508,#2241),.UNSPECIFIED.,.F.,.F.)
B_SPLINE_CURVE_WITH_KNOTS((2,2),(0.000,1.000),.UNSPECIFIED.)
CURVE()
GEOMETRIC_REPRESENTATION_ITEM()
RATIONAL_B_SPLINE_CURVE((1.0000000000,1.0000000000))
REPRESENTATION_ITEM('')
);

#17314=EDGE_CURVE('',#4510,#2243,#17309,.T.);
#17315=ORIENTED_EDGE('',*,*,#17314,.T.);
#17324=ORIENTED_EDGE('',*,*,#2244,.F.);
#17333=ORIENTED_EDGE('',*,*,#2235,.F.);
#17340=ORIENTED_EDGE('',*,*,#17244,.F.);
#17349=ORIENTED_EDGE('',*,*,#4529,.F.);
#17356=ORIENTED_EDGE('',*,*,#4520,.F.);
#17357=EDGE_LOOP('',(#17315,#17324,#17333,#17340,#17349,#17356));
#17358=FACE_OUTER_BOUND('',#17357,.T.);
#17359=ADVANCED_FACE('',(#17358),#17300,.T.);
#17360=COLOUR_RGB('',0.39,0.39,0.39);
#17361=FILL_AREA_STYLE_COLOUR('',#17360);
#17362=FILL_AREA_STYLE('',(#17361));
#17363=SURFACE_STYLE_FILL_AREA(#17362);
#17364=SURFACE_STYLE_TRANSPARENT(0.00);
#17365=SURFACE_STYLE_RENDERING_WITH_PROPERTIES(.NORMAL_SHADING.,#17360,(#17364));
#17366=SURFACE_SIDE_STYLE('',(#17363, #17365));
#17367=SURFACE_STYLE_USAGE(.BOTH.,#17366);
#17368=PRESENTATION_STYLE_ASSIGNMENT((#17367));
#17369=STYLED_ITEM('',(#17368),#17359);

#17373=CARTESIAN_POINT('',(2.91491,-4.70000,9.61786));
#17374=CARTESIAN_POINT('',(4.84869,-4.70000,19.42911));
#17370=(
BOUNDED_SURFACE()
B_SPLINE_SURFACE(2,1,((#17165,#17166),(#17373,#17374),(#17301,#17302)),.UNSPECIFIED.,.F.,.F.,.F.)
B_SPLINE_SURFACE_WITH_KNOTS((3,3),(2,2),(0.000,1.000),(0.000,1.000),.UNSPECIFIED.)
GEOMETRIC_REPRESENTATION_ITEM()
RATIONAL_B_SPLINE_SURFACE(((1.0000000000,1.0000000000),(0.7071067812,0.7071067812),(1.0000000000,1.0000000000)))
REPRESENTATION_ITEM('')
SURFACE()
);

#17385=ORIENTED_EDGE('',*,*,#17199,.F.);
#17394=ORIENTED_EDGE('',*,*,#2260,.F.);
#17403=ORIENTED_EDGE('',*,*,#2253,.F.);
#17410=ORIENTED_EDGE('',*,*,#17314,.F.);
#17419=ORIENTED_EDGE('',*,*,#4511,.F.);
#17426=ORIENTED_EDGE('',*,*,#4502,.F.);
#17427=EDGE_LOOP('',(#17385,#17394,#17403,#17410,#17419,#17426));
#17428=FACE_OUTER_BOUND('',#17427,.T.);
#17429=ADVANCED_FACE('',(#17428),#17370,.T.);
#17430=COLOUR_RGB('',0.39,0.39,0.39);
#17431=FILL_AREA_STYLE_COLOUR('',#17430);
#17432=FILL_AREA_STYLE('',(#17431));
#17433=SURFACE_STYLE_FILL_AREA(#17432);
#17434=SURFACE_STYLE_TRANSPARENT(0.00);
#17435=SURFACE_STYLE_RENDERING_WITH_PROPERTIES(.NORMAL_SHADING.,#17430,(#17434));
#17436=SURFACE_SIDE_STYLE('',(#17433, #17435));
#17437=SURFACE_STYLE_USAGE(.BOTH.,#17436);
#17438=PRESENTATION_STYLE_ASSIGNMENT((#17437));
#17439=STYLED_ITEM('',(#17438),#17429);

#17441=CARTESIAN_POINT('',(-0.67145,-2.70000,9.97743));
#17442=CARTESIAN_POINT('',(-1.34289,-2.70000,19.95487));
#17443=CARTESIAN_POINT('',(0.32630,-2.70000,10.04458));
#17444=CARTESIAN_POINT('',(-0.34515,-2.70000,20.02201));
#17445=CARTESIAN_POINT('',(0.32630,-3.70000,10.04458));
#17446=CARTESIAN_POINT('',(-0.34515,-3.70000,20.02201));
#17440=(
BOUNDED_SURFACE()
B_SPLINE_SURFACE(2,1,((#17441,#17442),(#17443,#17444),(#17445,#17446)),.UNSPECIFIED.,.F.,.F.,.F.)
B_SPLINE_SURFACE_WITH_KNOTS((3,3),(2,2),(0.000,1.000),(0.000,1.000),.UNSPECIFIED.)
GEOMETRIC_REPRESENTATION_ITEM()
RATIONAL_B_SPLINE_SURFACE(((1.0000000000,1.0000000000),(0.7071067812,0.7071067812),(1.0000000000,1.0000000000)))
REPRESENTATION_ITEM('')
SURFACE()
);

#17457=ORIENTED_EDGE('',*,*,#4088,.F.);
#17466=ORIENTED_EDGE('',*,*,#3625,.F.);
#17467=(
BOUNDED_CURVE()
B_SPLINE_CURVE(1,(#3613,#1326),.UNSPECIFIED.,.F.,.F.)
B_SPLINE_CURVE_WITH_KNOTS((2,2),(0.000,1.000),.UNSPECIFIED.)
CURVE()
GEOMETRIC_REPRESENTATION_ITEM()
RATIONAL_B_SPLINE_CURVE((1.0000000000,1.0000000000))
REPRESENTATION_ITEM('')
);

#17472=EDGE_CURVE('',#3615,#1327,#17467,.T.);
#17473=ORIENTED_EDGE('',*,*,#17472,.T.);
#17482=ORIENTED_EDGE('',*,*,#1396,.F.);
#17491=ORIENTED_EDGE('',*,*,#1389,.F.);
#17492=(
BOUNDED_CURVE()
B_SPLINE_CURVE(1,(#1377,#4085),.UNSPECIFIED.,.F.,.F.)
B_SPLINE_CURVE_WITH_KNOTS((2,2),(0.000,1.000),.UNSPECIFIED.)
CURVE()
GEOMETRIC_REPRESENTATION_ITEM()
RATIONAL_B_SPLINE_CURVE((1.0000000000,1.0000000000))
REPRESENTATION_ITEM('')
);

#17495=EDGE_CURVE('',#1379,#4087,#17492,.T.);
#17496=ORIENTED_EDGE('',*,*,#17495,.T.);
#17497=EDGE_LOOP('',(#17457,#17466,#17473,#17482,#17491,#17496));
#17498=FACE_OUTER_BOUND('',#17497,.T.);
#17499=ADVANCED_FACE('',(#17498),#17440,.T.);
#17500=COLOUR_RGB('',0.39,0.39,0.39);
#17501=FILL_AREA_STYLE_COLOUR('',#17500);
#17502=FILL_AREA_STYLE('',(#17501));
#17503=SURFACE_STYLE_FILL_AREA(#17502);
#17504=SURFACE_STYLE_TRANSPARENT(0.00);
#17505=SURFACE_STYLE_RENDERING_WITH_PROPERTIES(.NORMAL_SHADING.,#17500,(#17504));
#17506=SURFACE_SIDE_STYLE('',(#17503, #17505));
#17507=SURFACE_STYLE_USAGE(.BOTH.,#17506);
#17508=PRESENTATION_STYLE_ASSIGNMENT((#17507));
#17509=STYLED_ITEM('',(#17508),#17499);

#17511=CARTESIAN_POINT('',(-1.66919,-3.70000,9.91029));
#17512=CARTESIAN_POINT('',(-2.34064,-3.70000,19.88772));
#17513=CARTESIAN_POINT('',(-1.66919,-2.70000,9.91029));
#17514=CARTESIAN_POINT('',(-2.34064,-2.70000,19.88772));
#17510=(
BOUNDED_SURFACE()
B_SPLINE_SURFACE(2,1,((#17511,#17512),(#17513,#17514),(#17441,#17442)),.UNSPECIFIED.,.F.,.F.,.F.)
B_SPLINE_SURFACE_WITH_KNOTS((3,3),(2,2),(0.000,1.000),(0.000,1.000),.UNSPECIFIED.)
GEOMETRIC_REPRESENTATION_ITEM()
RATIONAL_B_SPLINE_SURFACE(((1.0000000000,1.0000000000),(0.7071067812,0.7071067812),(1.0000000000,1.0000000000)))
REPRESENTATION_ITEM('')
SURFACE()
);

#17527=ORIENTED_EDGE('',*,*,#1344,.F.);
#17536=ORIENTED_EDGE('',*,*,#1335,.F.);
#17543=ORIENTED_EDGE('',*,*,#17472,.F.);
#17552=ORIENTED_EDGE('',*,*,#3616,.F.);
#17561=ORIENTED_EDGE('',*,*,#3607,.F.);
#17562=(
BOUNDED_CURVE()
B_SPLINE_CURVE(1,(#3598,#1341),.UNSPECIFIED.,.F.,.F.)
B_SPLINE_CURVE_WITH_KNOTS((2,2),(0.000,1.000),.UNSPECIFIED.)
CURVE()
GEOMETRIC_REPRESENTATION_ITEM()
RATIONAL_B_SPLINE_CURVE((1.0000000000,1.0000000000))
REPRESENTATION_ITEM('')
);

#17565=EDGE_CURVE('',#3599,#1343,#17562,.T.);
#17566=ORIENTED_EDGE('',*,*,#17565,.T.);
#17567=EDGE_LOOP('',(#17527,#17536,#17543,#17552,#17561,#17566));
#17568=FACE_OUTER_BOUND('',#17567,.T.);
#17569=ADVANCED_FACE('',(#17568),#17510,.T.);
#17570=COLOUR_RGB('',0.39,0.39,0.39);
#17571=FILL_AREA_STYLE_COLOUR('',#17570);
#17572=FILL_AREA_STYLE('',(#17571));
#17573=SURFACE_STYLE_FILL_AREA(#17572);
#17574=SURFACE_STYLE_TRANSPARENT(0.00);
#17575=SURFACE_STYLE_RENDERING_WITH_PROPERTIES(.NORMAL_SHADING.,#17570,(#17574));
#17576=SURFACE_SIDE_STYLE('',(#17573, #17575));
#17577=SURFACE_STYLE_USAGE(.BOTH.,#17576);
#17578=PRESENTATION_STYLE_ASSIGNMENT((#17577));
#17579=STYLED_ITEM('',(#17578),#17569);

#17581=CARTESIAN_POINT('',(-0.67145,-4.70000,9.97743));
#17582=CARTESIAN_POINT('',(-1.34289,-4.70000,19.95487));
#17583=CARTESIAN_POINT('',(-1.66919,-4.70000,9.91029));
#17584=CARTESIAN_POINT('',(-2.34064,-4.70000,19.88772));
#17580=(
BOUNDED_SURFACE()
B_SPLINE_SURFACE(2,1,((#17581,#17582),(#17583,#17584),(#17511,#17512)),.UNSPECIFIED.,.F.,.F.,.F.)
B_SPLINE_SURFACE_WITH_KNOTS((3,3),(2,2),(0.000,1.000),(0.000,1.000),.UNSPECIFIED.)
GEOMETRIC_REPRESENTATION_ITEM()
RATIONAL_B_SPLINE_SURFACE(((1.0000000000,1.0000000000),(0.7071067812,0.7071067812),(1.0000000000,1.0000000000)))
REPRESENTATION_ITEM('')
SURFACE()
);

#17597=ORIENTED_EDGE('',*,*,#1362,.F.);
#17606=ORIENTED_EDGE('',*,*,#1353,.F.);
#17613=ORIENTED_EDGE('',*,*,#17565,.F.);
#17622=ORIENTED_EDGE('',*,*,#3687,.F.);
#17631=ORIENTED_EDGE('',*,*,#3680,.F.);
#17632=(
BOUNDED_CURVE()
B_SPLINE_CURVE(1,(#3668,#1359),.UNSPECIFIED.,.F.,.F.)
B_SPLINE_CURVE_WITH_KNOTS((2,2),(0.000,1.000),.UNSPECIFIED.)
CURVE()
GEOMETRIC_REPRESENTATION_ITEM()
RATIONAL_B_SPLINE_CURVE((1.0000000000,1.0000000000))
REPRESENTATION_ITEM('')
);

#17635=EDGE_CURVE('',#3670,#1361,#17632,.T.);
#17636=ORIENTED_EDGE('',*,*,#17635,.T.);
#17637=EDGE_LOOP('',(#17597,#17606,#17613,#17622,#17631,#17636));
#17638=FACE_OUTER_BOUND('',#17637,.T.);
#17639=ADVANCED_FACE('',(#17638),#17580,.T.);
#17640=COLOUR_RGB('',0.39,0.39,0.39);
#17641=FILL_AREA_STYLE_COLOUR('',#17640);
#17642=FILL_AREA_STYLE('',(#17641));
#17643=SURFACE_STYLE_FILL_AREA(#17642);
#17644=SURFACE_STYLE_TRANSPARENT(0.00);
#17645=SURFACE_STYLE_RENDERING_WITH_PROPERTIES(.NORMAL_SHADING.,#17640,(#17644));
#17646=SURFACE_SIDE_STYLE('',(#17643, #17645));
#17647=SURFACE_STYLE_USAGE(.BOTH.,#17646);
#17648=PRESENTATION_STYLE_ASSIGNMENT((#17647));
#17649=STYLED_ITEM('',(#17648),#17639);

#17653=CARTESIAN_POINT('',(0.32630,-4.70000,10.04458));
#17654=CARTESIAN_POINT('',(-0.34515,-4.70000,20.02201));
#17650=(
BOUNDED_SURFACE()
B_SPLINE_SURFACE(2,1,((#17445,#17446),(#17653,#17654),(#17581,#17582)),.UNSPECIFIED.,.F.,.F.,.F.)
B_SPLINE_SURFACE_WITH_KNOTS((3,3),(2,2),(0.000,1.000),(0.000,1.000),.UNSPECIFIED.)
GEOMETRIC_REPRESENTATION_ITEM()
RATIONAL_B_SPLINE_SURFACE(((1.0000000000,1.0000000000),(0.7071067812,0.7071067812),(1.0000000000,1.0000000000)))
REPRESENTATION_ITEM('')
SURFACE()
);

#17667=ORIENTED_EDGE('',*,*,#4097,.F.);
#17674=ORIENTED_EDGE('',*,*,#17495,.F.);
#17683=ORIENTED_EDGE('',*,*,#1380,.F.);
#17692=ORIENTED_EDGE('',*,*,#1371,.F.);
#17699=ORIENTED_EDGE('',*,*,#17635,.F.);
#17706=ORIENTED_EDGE('',*,*,#3671,.F.);
#17707=EDGE_LOOP('',(#17667,#17674,#17683,#17692,#17699,#17706));
#17708=FACE_OUTER_BOUND('',#17707,.T.);
#17709=ADVANCED_FACE('',(#17708),#17650,.T.);
#17710=COLOUR_RGB('',0.39,0.39,0.39);
#17711=FILL_AREA_STYLE_COLOUR('',#17710);
#17712=FILL_AREA_STYLE('',(#17711));
#17713=SURFACE_STYLE_FILL_AREA(#17712);
#17714=SURFACE_STYLE_TRANSPARENT(0.00);
#17715=SURFACE_STYLE_RENDERING_WITH_PROPERTIES(.NORMAL_SHADING.,#17710,(#17714));
#17716=SURFACE_SIDE_STYLE('',(#17713, #17715));
#17717=SURFACE_STYLE_USAGE(.BOTH.,#17716);
#17718=PRESENTATION_STYLE_ASSIGNMENT((#17717));
#17719=STYLED_ITEM('',(#17718),#17709);

#17721=CARTESIAN_POINT('',(-3.23092,-2.70000,9.46368));
#17722=CARTESIAN_POINT('',(-6.46183,-2.70000,18.92735));
#17723=CARTESIAN_POINT('',(-2.28455,-2.70000,9.78677));
#17724=CARTESIAN_POINT('',(-5.51547,-2.70000,19.25045));
#17725=CARTESIAN_POINT('',(-2.28455,-3.70000,9.78677));
#17726=CARTESIAN_POINT('',(-5.51547,-3.70000,19.25045));
#17720=(
BOUNDED_SURFACE()
B_SPLINE_SURFACE(2,1,((#17721,#17722),(#17723,#17724),(#17725,#17726)),.UNSPECIFIED.,.F.,.F.,.F.)
B_SPLINE_SURFACE_WITH_KNOTS((3,3),(2,2),(0.000,1.000),(0.000,1.000),.UNSPECIFIED.)
GEOMETRIC_REPRESENTATION_ITEM()
RATIONAL_B_SPLINE_SURFACE(((1.0000000000,1.0000000000),(0.7071067812,0.7071067812),(1.0000000000,1.0000000000)))
REPRESENTATION_ITEM('')
SURFACE()
);

#17729=(
BOUNDED_CURVE()
B_SPLINE_CURVE(1,(#3706,#1451),.UNSPECIFIED.,.F.,.F.)
B_SPLINE_CURVE_WITH_KNOTS((2,2),(0.000,1.000),.UNSPECIFIED.)
CURVE()
GEOMETRIC_REPRESENTATION_ITEM()
RATIONAL_B_SPLINE_CURVE((1.0000000000,1.0000000000))
REPRESENTATION_ITEM('')
);

#17734=EDGE_CURVE('',#3708,#1453,#17729,.T.);
#17735=ORIENTED_EDGE('',*,*,#17734,.T.);
#17744=ORIENTED_EDGE('',*,*,#1454,.F.);
#17753=ORIENTED_EDGE('',*,*,#1445,.F.);
#17754=(
BOUNDED_CURVE()
B_SPLINE_CURVE(1,(#1433,#3724),.UNSPECIFIED.,.F.,.F.)
B_SPLINE_CURVE_WITH_KNOTS((2,2),(0.000,1.000),.UNSPECIFIED.)
CURVE()
GEOMETRIC_REPRESENTATION_ITEM()
RATIONAL_B_SPLINE_CURVE((1.0000000000,1.0000000000))
REPRESENTATION_ITEM('')
);

#17759=EDGE_CURVE('',#1435,#3726,#17754,.T.);
#17760=ORIENTED_EDGE('',*,*,#17759,.T.);
#17769=ORIENTED_EDGE('',*,*,#3727,.F.);
#17776=ORIENTED_EDGE('',*,*,#3718,.F.);
#17777=EDGE_LOOP('',(#17735,#17744,#17753,#17760,#17769,#17776));
#17778=FACE_OUTER_BOUND('',#17777,.T.);
#17779=ADVANCED_FACE('',(#17778),#17720,.T.);
#17780=COLOUR_RGB('',0.39,0.39,0.39);
#17781=FILL_AREA_STYLE_COLOUR('',#17780);
#17782=FILL_AREA_STYLE('',(#17781));
#17783=SURFACE_STYLE_FILL_AREA(#17782);
#17784=SURFACE_STYLE_TRANSPARENT(0.00);
#17785=SURFACE_STYLE_RENDERING_WITH_PROPERTIES(.NORMAL_SHADING.,#17780,(#17784));
#17786=SURFACE_SIDE_STYLE('',(#17783, #17785));
#17787=SURFACE_STYLE_USAGE(.BOTH.,#17786);
#17788=PRESENTATION_STYLE_ASSIGNMENT((#17787));
#17789=STYLED_ITEM('',(#17788),#17779);

#17791=CARTESIAN_POINT('',(-4.17728,-3.70000,9.14059));
#17792=CARTESIAN_POINT('',(-7.40820,-3.70000,18.60426));
#17793=CARTESIAN_POINT('',(-4.17728,-2.70000,9.14059));
#17794=CARTESIAN_POINT('',(-7.40820,-2.70000,18.60426));
#17790=(
BOUNDED_SURFACE()
B_SPLINE_SURFACE(2,1,((#17791,#17792),(#17793,#17794),(#17721,#17722)),.UNSPECIFIED.,.F.,.F.,.F.)
B_SPLINE_SURFACE_WITH_KNOTS((3,3),(2,2),(0.000,1.000),(0.000,1.000),.UNSPECIFIED.)
GEOMETRIC_REPRESENTATION_ITEM()
RATIONAL_B_SPLINE_SURFACE(((1.0000000000,1.0000000000),(0.7071067812,0.7071067812),(1.0000000000,1.0000000000)))
REPRESENTATION_ITEM('')
SURFACE()
);

#17799=(
BOUNDED_CURVE()
B_SPLINE_CURVE(1,(#3691,#1400),.UNSPECIFIED.,.F.,.F.)
B_SPLINE_CURVE_WITH_KNOTS((2,2),(0.000,1.000),.UNSPECIFIED.)
CURVE()
GEOMETRIC_REPRESENTATION_ITEM()
RATIONAL_B_SPLINE_CURVE((1.0000000000,1.0000000000))
REPRESENTATION_ITEM('')
);

#17804=EDGE_CURVE('',#3692,#1401,#17799,.T.);
#17805=ORIENTED_EDGE('',*,*,#17804,.T.);
#17814=ORIENTED_EDGE('',*,*,#1470,.F.);
#17823=ORIENTED_EDGE('',*,*,#1463,.F.);
#17830=ORIENTED_EDGE('',*,*,#17734,.F.);
#17839=ORIENTED_EDGE('',*,*,#3709,.F.);
#17846=ORIENTED_EDGE('',*,*,#3700,.F.);
#17847=EDGE_LOOP('',(#17805,#17814,#17823,#17830,#17839,#17846));
#17848=FACE_OUTER_BOUND('',#17847,.T.);
#17849=ADVANCED_FACE('',(#17848),#17790,.T.);
#17850=COLOUR_RGB('',0.39,0.39,0.39);
#17851=FILL_AREA_STYLE_COLOUR('',#17850);
#17852=FILL_AREA_STYLE('',(#17851));
#17853=SURFACE_STYLE_FILL_AREA(#17852);
#17854=SURFACE_STYLE_TRANSPARENT(0.00);
#17855=SURFACE_STYLE_RENDERING_WITH_PROPERTIES(.NORMAL_SHADING.,#17850,(#17854));
#17856=SURFACE_SIDE_STYLE('',(#17853, #17855));
#17857=SURFACE_STYLE_USAGE(.BOTH.,#17856);
#17858=PRESENTATION_STYLE_ASSIGNMENT((#17857));
#17859=STYLED_ITEM('',(#17858),#17849);

#17861=CARTESIAN_POINT('',(-3.23092,-4.70000,9.46368));
#17862=CARTESIAN_POINT('',(-6.46183,-4.70000,18.92735));
#17863=CARTESIAN_POINT('',(-4.17728,-4.70000,9.14059));
#17864=CARTESIAN_POINT('',(-7.40820,-4.70000,18.60426));
#17860=(
BOUNDED_SURFACE()
B_SPLINE_SURFACE(2,1,((#17861,#17862),(#17863,#17864),(#17791,#17792)),.UNSPECIFIED.,.F.,.F.,.F.)
B_SPLINE_SURFACE_WITH_KNOTS((3,3),(2,2),(0.000,1.000),(0.000,1.000),.UNSPECIFIED.)
GEOMETRIC_REPRESENTATION_ITEM()
RATIONAL_B_SPLINE_SURFACE(((1.0000000000,1.0000000000),(0.7071067812,0.7071067812),(1.0000000000,1.0000000000)))
REPRESENTATION_ITEM('')
SURFACE()
);

#17869=(
BOUNDED_CURVE()
B_SPLINE_CURVE(1,(#3742,#1415),.UNSPECIFIED.,.F.,.F.)
B_SPLINE_CURVE_WITH_KNOTS((2,2),(0.000,1.000),.UNSPECIFIED.)
CURVE()
GEOMETRIC_REPRESENTATION_ITEM()
RATIONAL_B_SPLINE_CURVE((1.0000000000,1.0000000000))
REPRESENTATION_ITEM('')
);

#17874=EDGE_CURVE('',#3744,#1417,#17869,.T.);
#17875=ORIENTED_EDGE('',*,*,#17874,.T.);
#17884=ORIENTED_EDGE('',*,*,#1418,.F.);
#17893=ORIENTED_EDGE('',*,*,#1409,.F.);
#17900=ORIENTED_EDGE('',*,*,#17804,.F.);
#17909=ORIENTED_EDGE('',*,*,#3761,.F.);
#17916=ORIENTED_EDGE('',*,*,#3754,.F.);
#17917=EDGE_LOOP('',(#17875,#17884,#17893,#17900,#17909,#17916));
#17918=FACE_OUTER_BOUND('',#17917,.T.);
#17919=ADVANCED_FACE('',(#17918),#17860,.T.);
#17920=COLOUR_RGB('',0.39,0.39,0.39);
#17921=FILL_AREA_STYLE_COLOUR('',#17920);
#17922=FILL_AREA_STYLE('',(#17921));
#17923=SURFACE_STYLE_FILL_AREA(#17922);
#17924=SURFACE_STYLE_TRANSPARENT(0.00);
#17925=SURFACE_STYLE_RENDERING_WITH_PROPERTIES(.NORMAL_SHADING.,#17920,(#17924));
#17926=SURFACE_SIDE_STYLE('',(#17923, #17925));
#17927=SURFACE_STYLE_USAGE(.BOTH.,#17926);
#17928=PRESENTATION_STYLE_ASSIGNMENT((#17927));
#17929=STYLED_ITEM('',(#17928),#17919);

#17933=CARTESIAN_POINT('',(-2.28455,-4.70000,9.78677));
#17934=CARTESIAN_POINT('',(-5.51547,-4.70000,19.25045));
#17930=(
BOUNDED_SURFACE()
B_SPLINE_SURFACE(2,1,((#17725,#17726),(#17933,#17934),(#17861,#17862)),.UNSPECIFIED.,.F.,.F.,.F.)
B_SPLINE_SURFACE_WITH_KNOTS((3,3),(2,2),(0.000,1.000),(0.000,1.000),.UNSPECIFIED.)
GEOMETRIC_REPRESENTATION_ITEM()
RATIONAL_B_SPLINE_SURFACE(((1.0000000000,1.0000000000),(0.7071067812,0.7071067812),(1.0000000000,1.0000000000)))
REPRESENTATION_ITEM('')
SURFACE()
);

#17945=ORIENTED_EDGE('',*,*,#17759,.F.);
#17954=ORIENTED_EDGE('',*,*,#1436,.F.);
#17963=ORIENTED_EDGE('',*,*,#1427,.F.);
#17970=ORIENTED_EDGE('',*,*,#17874,.F.);
#17979=ORIENTED_EDGE('',*,*,#3745,.F.);
#17986=ORIENTED_EDGE('',*,*,#3736,.F.);
#17987=EDGE_LOOP('',(#17945,#17954,#17963,#17970,#17979,#17986));
#17988=FACE_OUTER_BOUND('',#17987,.T.);
#17989=ADVANCED_FACE('',(#17988),#17930,.T.);
#17990=COLOUR_RGB('',0.39,0.39,0.39);
#17991=FILL_AREA_STYLE_COLOUR('',#17990);
#17992=FILL_AREA_STYLE('',(#17991));
#17993=SURFACE_STYLE_FILL_AREA(#17992);
#17994=SURFACE_STYLE_TRANSPARENT(0.00);
#17995=SURFACE_STYLE_RENDERING_WITH_PROPERTIES(.NORMAL_SHADING.,#17990,(#17994));
#17996=SURFACE_SIDE_STYLE('',(#17993, #17995));
#17997=SURFACE_STYLE_USAGE(.BOTH.,#17996);
#17998=PRESENTATION_STYLE_ASSIGNMENT((#17997));
#17999=STYLED_ITEM('',(#17998),#17989);

#18001=CARTESIAN_POINT('',(-5.57021,-2.70000,8.30499));
#18002=CARTESIAN_POINT('',(-11.14041,-2.70000,16.60997));
#18003=CARTESIAN_POINT('',(-4.73971,-2.70000,8.86201));
#18004=CARTESIAN_POINT('',(-10.30991,-2.70000,17.16699));
#18005=CARTESIAN_POINT('',(-4.73971,-3.70000,8.86201));
#18006=CARTESIAN_POINT('',(-10.30991,-3.70000,17.16699));
#18000=(
BOUNDED_SURFACE()
B_SPLINE_SURFACE(2,1,((#18001,#18002),(#18003,#18004),(#18005,#18006)),.UNSPECIFIED.,.F.,.F.,.F.)
B_SPLINE_SURFACE_WITH_KNOTS((3,3),(2,2),(0.000,1.000),(0.000,1.000),.UNSPECIFIED.)
GEOMETRIC_REPRESENTATION_ITEM()
RATIONAL_B_SPLINE_SURFACE(((1.0000000000,1.0000000000),(0.7071067812,0.7071067812),(1.0000000000,1.0000000000)))
REPRESENTATION_ITEM('')
SURFACE()
);

#18009=(
BOUNDED_CURVE()
B_SPLINE_CURVE(1,(#3765,#1507),.UNSPECIFIED.,.F.,.F.)
B_SPLINE_CURVE_WITH_KNOTS((2,2),(0.000,1.000),.UNSPECIFIED.)
CURVE()
GEOMETRIC_REPRESENTATION_ITEM()
RATIONAL_B_SPLINE_CURVE((1.0000000000,1.0000000000))
REPRESENTATION_ITEM('')
);

#18014=EDGE_CURVE('',#3766,#1509,#18009,.T.);
#18015=ORIENTED_EDGE('',*,*,#18014,.T.);
#18024=ORIENTED_EDGE('',*,*,#1510,.F.);
#18033=ORIENTED_EDGE('',*,*,#1501,.F.);
#18034=(
BOUNDED_CURVE()
B_SPLINE_CURVE(1,(#1489,#3780),.UNSPECIFIED.,.F.,.F.)
B_SPLINE_CURVE_WITH_KNOTS((2,2),(0.000,1.000),.UNSPECIFIED.)
CURVE()
GEOMETRIC_REPRESENTATION_ITEM()
RATIONAL_B_SPLINE_CURVE((1.0000000000,1.0000000000))
REPRESENTATION_ITEM('')
);

#18039=EDGE_CURVE('',#1491,#3782,#18034,.T.);
#18040=ORIENTED_EDGE('',*,*,#18039,.T.);
#18049=ORIENTED_EDGE('',*,*,#3783,.F.);
#18056=ORIENTED_EDGE('',*,*,#3774,.F.);
#18057=EDGE_LOOP('',(#18015,#18024,#18033,#18040,#18049,#18056));
#18058=FACE_OUTER_BOUND('',#18057,.T.);
#18059=ADVANCED_FACE('',(#18058),#18000,.T.);
#18060=COLOUR_RGB('',0.39,0.39,0.39);
#18061=FILL_AREA_STYLE_COLOUR('',#18060);
#18062=FILL_AREA_STYLE('',(#18061));
#18063=SURFACE_STYLE_FILL_AREA(#18062);
#18064=SURFACE_STYLE_TRANSPARENT(0.00);
#18065=SURFACE_STYLE_RENDERING_WITH_PROPERTIES(.NORMAL_SHADING.,#18060,(#18064));
#18066=SURFACE_SIDE_STYLE('',(#18063, #18065));
#18067=SURFACE_STYLE_USAGE(.BOTH.,#18066);
#18068=PRESENTATION_STYLE_ASSIGNMENT((#18067));
#18069=STYLED_ITEM('',(#18068),#18059);

#18071=CARTESIAN_POINT('',(-6.40070,-3.70000,7.74797));
#18072=CARTESIAN_POINT('',(-11.97091,-3.70000,16.05295));
#18073=CARTESIAN_POINT('',(-6.40070,-2.70000,7.74797));
#18074=CARTESIAN_POINT('',(-11.97091,-2.70000,16.05295));
#18070=(
BOUNDED_SURFACE()
B_SPLINE_SURFACE(2,1,((#18071,#18072),(#18073,#18074),(#18001,#18002)),.UNSPECIFIED.,.F.,.F.,.F.)
B_SPLINE_SURFACE_WITH_KNOTS((3,3),(2,2),(0.000,1.000),(0.000,1.000),.UNSPECIFIED.)
GEOMETRIC_REPRESENTATION_ITEM()
RATIONAL_B_SPLINE_SURFACE(((1.0000000000,1.0000000000),(0.7071067812,0.7071067812),(1.0000000000,1.0000000000)))
REPRESENTATION_ITEM('')
SURFACE()
);

#18079=(
BOUNDED_CURVE()
B_SPLINE_CURVE(1,(#3816,#1525),.UNSPECIFIED.,.F.,.F.)
B_SPLINE_CURVE_WITH_KNOTS((2,2),(0.000,1.000),.UNSPECIFIED.)
CURVE()
GEOMETRIC_REPRESENTATION_ITEM()
RATIONAL_B_SPLINE_CURVE((1.0000000000,1.0000000000))
REPRESENTATION_ITEM('')
);

#18084=EDGE_CURVE('',#3818,#1527,#18079,.T.);
#18085=ORIENTED_EDGE('',*,*,#18084,.T.);
#18094=ORIENTED_EDGE('',*,*,#1528,.F.);
#18103=ORIENTED_EDGE('',*,*,#1519,.F.);
#18110=ORIENTED_EDGE('',*,*,#18014,.F.);
#18119=ORIENTED_EDGE('',*,*,#3835,.F.);
#18126=ORIENTED_EDGE('',*,*,#3828,.F.);
#18127=EDGE_LOOP('',(#18085,#18094,#18103,#18110,#18119,#18126));
#18128=FACE_OUTER_BOUND('',#18127,.T.);
#18129=ADVANCED_FACE('',(#18128),#18070,.T.);
#18130=COLOUR_RGB('',0.39,0.39,0.39);
#18131=FILL_AREA_STYLE_COLOUR('',#18130);
#18132=FILL_AREA_STYLE('',(#18131));
#18133=SURFACE_STYLE_FILL_AREA(#18132);
#18134=SURFACE_STYLE_TRANSPARENT(0.00);
#18135=SURFACE_STYLE_RENDERING_WITH_PROPERTIES(.NORMAL_SHADING.,#18130,(#18134));
#18136=SURFACE_SIDE_STYLE('',(#18133, #18135));
#18137=SURFACE_STYLE_USAGE(.BOTH.,#18136);
#18138=PRESENTATION_STYLE_ASSIGNMENT((#18137));
#18139=STYLED_ITEM('',(#18138),#18129);

#18141=CARTESIAN_POINT('',(-5.57021,-4.70000,8.30499));
#18142=CARTESIAN_POINT('',(-11.14041,-4.70000,16.60997));
#18143=CARTESIAN_POINT('',(-6.40070,-4.70000,7.74797));
#18144=CARTESIAN_POINT('',(-11.97091,-4.70000,16.05295));
#18140=(
BOUNDED_SURFACE()
B_SPLINE_SURFACE(2,1,((#18141,#18142),(#18143,#18144),(#18071,#18072)),.UNSPECIFIED.,.F.,.F.,.F.)
B_SPLINE_SURFACE_WITH_KNOTS((3,3),(2,2),(0.000,1.000),(0.000,1.000),.UNSPECIFIED.)
GEOMETRIC_REPRESENTATION_ITEM()
RATIONAL_B_SPLINE_SURFACE(((1.0000000000,1.0000000000),(0.7071067812,0.7071067812),(1.0000000000,1.0000000000)))
REPRESENTATION_ITEM('')
SURFACE()
);

#18149=(
BOUNDED_CURVE()
B_SPLINE_CURVE(1,(#3798,#1474),.UNSPECIFIED.,.F.,.F.)
B_SPLINE_CURVE_WITH_KNOTS((2,2),(0.000,1.000),.UNSPECIFIED.)
CURVE()
GEOMETRIC_REPRESENTATION_ITEM()
RATIONAL_B_SPLINE_CURVE((1.0000000000,1.0000000000))
REPRESENTATION_ITEM('')
);

#18154=EDGE_CURVE('',#3800,#1475,#18149,.T.);
#18155=ORIENTED_EDGE('',*,*,#18154,.T.);
#18164=ORIENTED_EDGE('',*,*,#1544,.F.);
#18173=ORIENTED_EDGE('',*,*,#1537,.F.);
#18180=ORIENTED_EDGE('',*,*,#18084,.F.);
#18189=ORIENTED_EDGE('',*,*,#3819,.F.);
#18196=ORIENTED_EDGE('',*,*,#3810,.F.);
#18197=EDGE_LOOP('',(#18155,#18164,#18173,#18180,#18189,#18196));
#18198=FACE_OUTER_BOUND('',#18197,.T.);
#18199=ADVANCED_FACE('',(#18198),#18140,.T.);
#18200=COLOUR_RGB('',0.39,0.39,0.39);
#18201=FILL_AREA_STYLE_COLOUR('',#18200);
#18202=FILL_AREA_STYLE('',(#18201));
#18203=SURFACE_STYLE_FILL_AREA(#18202);
#18204=SURFACE_STYLE_TRANSPARENT(0.00);
#18205=SURFACE_STYLE_RENDERING_WITH_PROPERTIES(.NORMAL_SHADING.,#18200,(#18204));
#18206=SURFACE_SIDE_STYLE('',(#18203, #18205));
#18207=SURFACE_STYLE_USAGE(.BOTH.,#18206);
#18208=PRESENTATION_STYLE_ASSIGNMENT((#18207));
#18209=STYLED_ITEM('',(#18208),#18199);

#18213=CARTESIAN_POINT('',(-4.73971,-4.70000,8.86201));
#18214=CARTESIAN_POINT('',(-10.30991,-4.70000,17.16699));
#18210=(
BOUNDED_SURFACE()
B_SPLINE_SURFACE(2,1,((#18005,#18006),(#18213,#18214),(#18141,#18142)),.UNSPECIFIED.,.F.,.F.,.F.)
B_SPLINE_SURFACE_WITH_KNOTS((3,3),(2,2),(0.000,1.000),(0.000,1.000),.UNSPECIFIED.)
GEOMETRIC_REPRESENTATION_ITEM()
RATIONAL_B_SPLINE_SURFACE(((1.0000000000,1.0000000000),(0.7071067812,0.7071067812),(1.0000000000,1.0000000000)))
REPRESENTATION_ITEM('')
SURFACE()
);

#18225=ORIENTED_EDGE('',*,*,#18039,.F.);
#18234=ORIENTED_EDGE('',*,*,#1492,.F.);
#18243=ORIENTED_EDGE('',*,*,#1483,.F.);
#18250=ORIENTED_EDGE('',*,*,#18154,.F.);
#18259=ORIENTED_EDGE('',*,*,#3801,.F.);
#18266=ORIENTED_EDGE('',*,*,#3792,.F.);
#18267=EDGE_LOOP('',(#18225,#18234,#18243,#18250,#18259,#18266));
#18268=FACE_OUTER_BOUND('',#18267,.T.);
#18269=ADVANCED_FACE('',(#18268),#18210,.T.);
#18270=COLOUR_RGB('',0.39,0.39,0.39);
#18271=FILL_AREA_STYLE_COLOUR('',#18270);
#18272=FILL_AREA_STYLE('',(#18271));
#18273=SURFACE_STYLE_FILL_AREA(#18272);
#18274=SURFACE_STYLE_TRANSPARENT(0.00);
#18275=SURFACE_STYLE_RENDERING_WITH_PROPERTIES(.NORMAL_SHADING.,#18270,(#18274));
#18276=SURFACE_SIDE_STYLE('',(#18273, #18275));
#18277=SURFACE_STYLE_USAGE(.BOTH.,#18276);
#18278=PRESENTATION_STYLE_ASSIGNMENT((#18277));
#18279=STYLED_ITEM('',(#18278),#18269);

#18281=CARTESIAN_POINT('',(-7.52989,-2.70000,6.58033));
#18282=CARTESIAN_POINT('',(-15.05979,-2.70000,13.16065));
#18283=CARTESIAN_POINT('',(-6.87186,-2.70000,7.33332));
#18284=CARTESIAN_POINT('',(-14.40176,-2.70000,13.91364));
#18285=CARTESIAN_POINT('',(-6.87186,-3.70000,7.33332));
#18286=CARTESIAN_POINT('',(-14.40176,-3.70000,13.91364));
#18280=(
BOUNDED_SURFACE()
B_SPLINE_SURFACE(2,1,((#18281,#18282),(#18283,#18284),(#18285,#18286)),.UNSPECIFIED.,.F.,.F.,.F.)
B_SPLINE_SURFACE_WITH_KNOTS((3,3),(2,2),(0.000,1.000),(0.000,1.000),.UNSPECIFIED.)
GEOMETRIC_REPRESENTATION_ITEM()
RATIONAL_B_SPLINE_SURFACE(((1.0000000000,1.0000000000),(0.7071067812,0.7071067812),(1.0000000000,1.0000000000)))
REPRESENTATION_ITEM('')
SURFACE()
);

#18297=ORIENTED_EDGE('',*,*,#1566,.F.);
#18306=ORIENTED_EDGE('',*,*,#1557,.F.);
#18307=(
BOUNDED_CURVE()
B_SPLINE_CURVE(1,(#1548,#3839),.UNSPECIFIED.,.F.,.F.)
B_SPLINE_CURVE_WITH_KNOTS((2,2),(0.000,1.000),.UNSPECIFIED.)
CURVE()
GEOMETRIC_REPRESENTATION_ITEM()
RATIONAL_B_SPLINE_CURVE((1.0000000000,1.0000000000))
REPRESENTATION_ITEM('')
);

#18312=EDGE_CURVE('',#1549,#3840,#18307,.T.);
#18313=ORIENTED_EDGE('',*,*,#18312,.T.);
#18322=ORIENTED_EDGE('',*,*,#3909,.F.);
#18331=ORIENTED_EDGE('',*,*,#3902,.F.);
#18332=(
BOUNDED_CURVE()
B_SPLINE_CURVE(1,(#3890,#1563),.UNSPECIFIED.,.F.,.F.)
B_SPLINE_CURVE_WITH_KNOTS((2,2),(0.000,1.000),.UNSPECIFIED.)
CURVE()
GEOMETRIC_REPRESENTATION_ITEM()
RATIONAL_B_SPLINE_CURVE((1.0000000000,1.0000000000))
REPRESENTATION_ITEM('')
);

#18335=EDGE_CURVE('',#3892,#1565,#18332,.T.);
#18336=ORIENTED_EDGE('',*,*,#18335,.T.);
#18337=EDGE_LOOP('',(#18297,#18306,#18313,#18322,#18331,#18336));
#18338=FACE_OUTER_BOUND('',#18337,.T.);
#18339=ADVANCED_FACE('',(#18338),#18280,.T.);
#18340=COLOUR_RGB('',0.39,0.39,0.39);
#18341=FILL_AREA_STYLE_COLOUR('',#18340);
#18342=FILL_AREA_STYLE('',(#18341));
#18343=SURFACE_STYLE_FILL_AREA(#18342);
#18344=SURFACE_STYLE_TRANSPARENT(0.00);
#18345=SURFACE_STYLE_RENDERING_WITH_PROPERTIES(.NORMAL_SHADING.,#18340,(#18344));
#18346=SURFACE_SIDE_STYLE('',(#18343, #18345));
#18347=SURFACE_STYLE_USAGE(.BOTH.,#18346);
#18348=PRESENTATION_STYLE_ASSIGNMENT((#18347));
#18349=STYLED_ITEM('',(#18348),#18339);

#18351=CARTESIAN_POINT('',(-8.18793,-3.70000,5.82734));
#18352=CARTESIAN_POINT('',(-15.71782,-3.70000,12.40766));
#18353=CARTESIAN_POINT('',(-8.18793,-2.70000,5.82734));
#18354=CARTESIAN_POINT('',(-15.71782,-2.70000,12.40766));
#18350=(
BOUNDED_SURFACE()
B_SPLINE_SURFACE(2,1,((#18351,#18352),(#18353,#18354),(#18281,#18282)),.UNSPECIFIED.,.F.,.F.,.F.)
B_SPLINE_SURFACE_WITH_KNOTS((3,3),(2,2),(0.000,1.000),(0.000,1.000),.UNSPECIFIED.)
GEOMETRIC_REPRESENTATION_ITEM()
RATIONAL_B_SPLINE_SURFACE(((1.0000000000,1.0000000000),(0.7071067812,0.7071067812),(1.0000000000,1.0000000000)))
REPRESENTATION_ITEM('')
SURFACE()
);

#18367=ORIENTED_EDGE('',*,*,#1584,.F.);
#18376=ORIENTED_EDGE('',*,*,#1575,.F.);
#18383=ORIENTED_EDGE('',*,*,#18335,.F.);
#18392=ORIENTED_EDGE('',*,*,#3893,.F.);
#18401=ORIENTED_EDGE('',*,*,#3884,.F.);
#18402=(
BOUNDED_CURVE()
B_SPLINE_CURVE(1,(#3872,#1581),.UNSPECIFIED.,.F.,.F.)
B_SPLINE_CURVE_WITH_KNOTS((2,2),(0.000,1.000),.UNSPECIFIED.)
CURVE()
GEOMETRIC_REPRESENTATION_ITEM()
RATIONAL_B_SPLINE_CURVE((1.0000000000,1.0000000000))
REPRESENTATION_ITEM('')
);

#18405=EDGE_CURVE('',#3874,#1583,#18402,.T.);
#18406=ORIENTED_EDGE('',*,*,#18405,.T.);
#18407=EDGE_LOOP('',(#18367,#18376,#18383,#18392,#18401,#18406));
#18408=FACE_OUTER_BOUND('',#18407,.T.);
#18409=ADVANCED_FACE('',(#18408),#18350,.T.);
#18410=COLOUR_RGB('',0.39,0.39,0.39);
#18411=FILL_AREA_STYLE_COLOUR('',#18410);
#18412=FILL_AREA_STYLE('',(#18411));
#18413=SURFACE_STYLE_FILL_AREA(#18412);
#18414=SURFACE_STYLE_TRANSPARENT(0.00);
#18415=SURFACE_STYLE_RENDERING_WITH_PROPERTIES(.NORMAL_SHADING.,#18410,(#18414));
#18416=SURFACE_SIDE_STYLE('',(#18413, #18415));
#18417=SURFACE_STYLE_USAGE(.BOTH.,#18416);
#18418=PRESENTATION_STYLE_ASSIGNMENT((#18417));
#18419=STYLED_ITEM('',(#18418),#18409);

#18421=CARTESIAN_POINT('',(-7.52989,-4.70000,6.58033));
#18422=CARTESIAN_POINT('',(-15.05979,-4.70000,13.16065));
#18423=CARTESIAN_POINT('',(-8.18793,-4.70000,5.82734));
#18424=CARTESIAN_POINT('',(-15.71782,-4.70000,12.40766));
#18420=(
BOUNDED_SURFACE()
B_SPLINE_SURFACE(2,1,((#18421,#18422),(#18423,#18424),(#18351,#18352)),.UNSPECIFIED.,.F.,.F.,.F.)
B_SPLINE_SURFACE_WITH_KNOTS((3,3),(2,2),(0.000,1.000),(0.000,1.000),.UNSPECIFIED.)
GEOMETRIC_REPRESENTATION_ITEM()
RATIONAL_B_SPLINE_SURFACE(((1.0000000000,1.0000000000),(0.7071067812,0.7071067812),(1.0000000000,1.0000000000)))
REPRESENTATION_ITEM('')
SURFACE()
);

#18437=ORIENTED_EDGE('',*,*,#1602,.F.);
#18446=ORIENTED_EDGE('',*,*,#1593,.F.);
#18453=ORIENTED_EDGE('',*,*,#18405,.F.);
#18462=ORIENTED_EDGE('',*,*,#3875,.F.);
#18471=ORIENTED_EDGE('',*,*,#3866,.F.);
#18472=(
BOUNDED_CURVE()
B_SPLINE_CURVE(1,(#3854,#1599),.UNSPECIFIED.,.F.,.F.)
B_SPLINE_CURVE_WITH_KNOTS((2,2),(0.000,1.000),.UNSPECIFIED.)
CURVE()
GEOMETRIC_REPRESENTATION_ITEM()
RATIONAL_B_SPLINE_CURVE((1.0000000000,1.0000000000))
REPRESENTATION_ITEM('')
);

#18475=EDGE_CURVE('',#3856,#1601,#18472,.T.);
#18476=ORIENTED_EDGE('',*,*,#18475,.T.);
#18477=EDGE_LOOP('',(#18437,#18446,#18453,#18462,#18471,#18476));
#18478=FACE_OUTER_BOUND('',#18477,.T.);
#18479=ADVANCED_FACE('',(#18478),#18420,.T.);
#18480=COLOUR_RGB('',0.39,0.39,0.39);
#18481=FILL_AREA_STYLE_COLOUR('',#18480);
#18482=FILL_AREA_STYLE('',(#18481));
#18483=SURFACE_STYLE_FILL_AREA(#18482);
#18484=SURFACE_STYLE_TRANSPARENT(0.00);
#18485=SURFACE_STYLE_RENDERING_WITH_PROPERTIES(.NORMAL_SHADING.,#18480,(#18484));
#18486=SURFACE_SIDE_STYLE('',(#18483, #18485));
#18487=SURFACE_STYLE_USAGE(.BOTH.,#18486);
#18488=PRESENTATION_STYLE_ASSIGNMENT((#18487));
#18489=STYLED_ITEM('',(#18488),#18479);

#18493=CARTESIAN_POINT('',(-6.87186,-4.70000,7.33332));
#18494=CARTESIAN_POINT('',(-14.40176,-4.70000,13.91364));
#18490=(
BOUNDED_SURFACE()
B_SPLINE_SURFACE(2,1,((#18285,#18286),(#18493,#18494),(#18421,#18422)),.UNSPECIFIED.,.F.,.F.,.F.)
B_SPLINE_SURFACE_WITH_KNOTS((3,3),(2,2),(0.000,1.000),(0.000,1.000),.UNSPECIFIED.)
GEOMETRIC_REPRESENTATION_ITEM()
RATIONAL_B_SPLINE_SURFACE(((1.0000000000,1.0000000000),(0.7071067812,0.7071067812),(1.0000000000,1.0000000000)))
REPRESENTATION_ITEM('')
SURFACE()
);

#18507=ORIENTED_EDGE('',*,*,#1618,.F.);
#18516=ORIENTED_EDGE('',*,*,#1611,.F.);
#18523=ORIENTED_EDGE('',*,*,#18475,.F.);
#18532=ORIENTED_EDGE('',*,*,#3857,.F.);
#18541=ORIENTED_EDGE('',*,*,#3848,.F.);
#18546=ORIENTED_EDGE('',*,*,#18312,.F.);
#18547=EDGE_LOOP('',(#18507,#18516,#18523,#18532,#18541,#18546));
#18548=FACE_OUTER_BOUND('',#18547,.T.);
#18549=ADVANCED_FACE('',(#18548),#18490,.T.);
#18550=COLOUR_RGB('',0.39,0.39,0.39);
#18551=FILL_AREA_STYLE_COLOUR('',#18550);
#18552=FILL_AREA_STYLE('',(#18551));
#18553=SURFACE_STYLE_FILL_AREA(#18552);
#18554=SURFACE_STYLE_TRANSPARENT(0.00);
#18555=SURFACE_STYLE_RENDERING_WITH_PROPERTIES(.NORMAL_SHADING.,#18550,(#18554));
#18556=SURFACE_SIDE_STYLE('',(#18553, #18555));
#18557=SURFACE_STYLE_USAGE(.BOTH.,#18556);
#18558=PRESENTATION_STYLE_ASSIGNMENT((#18557));
#18559=STYLED_ITEM('',(#18558),#18549);

#18561=CARTESIAN_POINT('',(-8.97643,-2.70000,4.40723));
#18562=CARTESIAN_POINT('',(-17.95287,-2.70000,8.81445));
#18563=CARTESIAN_POINT('',(-8.53571,-2.70000,5.30487));
#18564=CARTESIAN_POINT('',(-17.51214,-2.70000,9.71210));
#18565=CARTESIAN_POINT('',(-8.53571,-3.70000,5.30487));
#18566=CARTESIAN_POINT('',(-17.51214,-3.70000,9.71210));
#18560=(
BOUNDED_SURFACE()
B_SPLINE_SURFACE(2,1,((#18561,#18562),(#18563,#18564),(#18565,#18566)),.UNSPECIFIED.,.F.,.F.,.F.)
B_SPLINE_SURFACE_WITH_KNOTS((3,3),(2,2),(0.000,1.000),(0.000,1.000),.UNSPECIFIED.)
GEOMETRIC_REPRESENTATION_ITEM()
RATIONAL_B_SPLINE_SURFACE(((1.0000000000,1.0000000000),(0.7071067812,0.7071067812),(1.0000000000,1.0000000000)))
REPRESENTATION_ITEM('')
SURFACE()
);

#18577=ORIENTED_EDGE('',*,*,#3967,.F.);
#18586=ORIENTED_EDGE('',*,*,#3958,.F.);
#18587=(
BOUNDED_CURVE()
B_SPLINE_CURVE(1,(#3946,#1622),.UNSPECIFIED.,.F.,.F.)
B_SPLINE_CURVE_WITH_KNOTS((2,2),(0.000,1.000),.UNSPECIFIED.)
CURVE()
GEOMETRIC_REPRESENTATION_ITEM()
RATIONAL_B_SPLINE_CURVE((1.0000000000,1.0000000000))
REPRESENTATION_ITEM('')
);

#18592=EDGE_CURVE('',#3948,#1623,#18587,.T.);
#18593=ORIENTED_EDGE('',*,*,#18592,.T.);
#18602=ORIENTED_EDGE('',*,*,#1692,.F.);
#18611=ORIENTED_EDGE('',*,*,#1685,.F.);
#18612=(
BOUNDED_CURVE()
B_SPLINE_CURVE(1,(#1673,#3964),.UNSPECIFIED.,.F.,.F.)
B_SPLINE_CURVE_WITH_KNOTS((2,2),(0.000,1.000),.UNSPECIFIED.)
CURVE()
GEOMETRIC_REPRESENTATION_ITEM()
RATIONAL_B_SPLINE_CURVE((1.0000000000,1.0000000000))
REPRESENTATION_ITEM('')
);

#18615=EDGE_CURVE('',#1675,#3966,#18612,.T.);
#18616=ORIENTED_EDGE('',*,*,#18615,.T.);
#18617=EDGE_LOOP('',(#18577,#18586,#18593,#18602,#18611,#18616));
#18618=FACE_OUTER_BOUND('',#18617,.T.);
#18619=ADVANCED_FACE('',(#18618),#18560,.T.);
#18620=COLOUR_RGB('',0.39,0.39,0.39);
#18621=FILL_AREA_STYLE_COLOUR('',#18620);
#18622=FILL_AREA_STYLE('',(#18621));
#18623=SURFACE_STYLE_FILL_AREA(#18622);
#18624=SURFACE_STYLE_TRANSPARENT(0.00);
#18625=SURFACE_STYLE_RENDERING_WITH_PROPERTIES(.NORMAL_SHADING.,#18620,(#18624));
#18626=SURFACE_SIDE_STYLE('',(#18623, #18625));
#18627=SURFACE_STYLE_USAGE(.BOTH.,#18626);
#18628=PRESENTATION_STYLE_ASSIGNMENT((#18627));
#18629=STYLED_ITEM('',(#18628),#18619);

#18631=CARTESIAN_POINT('',(-9.41716,-3.70000,3.50958));
#18632=CARTESIAN_POINT('',(-18.39359,-3.70000,7.91681));
#18633=CARTESIAN_POINT('',(-9.41716,-2.70000,3.50958));
#18634=CARTESIAN_POINT('',(-18.39359,-2.70000,7.91681));
#18630=(
BOUNDED_SURFACE()
B_SPLINE_SURFACE(2,1,((#18631,#18632),(#18633,#18634),(#18561,#18562)),.UNSPECIFIED.,.F.,.F.,.F.)
B_SPLINE_SURFACE_WITH_KNOTS((3,3),(2,2),(0.000,1.000),(0.000,1.000),.UNSPECIFIED.)
GEOMETRIC_REPRESENTATION_ITEM()
RATIONAL_B_SPLINE_SURFACE(((1.0000000000,1.0000000000),(0.7071067812,0.7071067812),(1.0000000000,1.0000000000)))
REPRESENTATION_ITEM('')
SURFACE()
);

#18647=ORIENTED_EDGE('',*,*,#3949,.F.);
#18656=ORIENTED_EDGE('',*,*,#3940,.F.);
#18657=(
BOUNDED_CURVE()
B_SPLINE_CURVE(1,(#3928,#1637),.UNSPECIFIED.,.F.,.F.)
B_SPLINE_CURVE_WITH_KNOTS((2,2),(0.000,1.000),.UNSPECIFIED.)
CURVE()
GEOMETRIC_REPRESENTATION_ITEM()
RATIONAL_B_SPLINE_CURVE((1.0000000000,1.0000000000))
REPRESENTATION_ITEM('')
);

#18662=EDGE_CURVE('',#3930,#1639,#18657,.T.);
#18663=ORIENTED_EDGE('',*,*,#18662,.T.);
#18672=ORIENTED_EDGE('',*,*,#1640,.F.);
#18681=ORIENTED_EDGE('',*,*,#1631,.F.);
#18686=ORIENTED_EDGE('',*,*,#18592,.F.);
#18687=EDGE_LOOP('',(#18647,#18656,#18663,#18672,#18681,#18686));
#18688=FACE_OUTER_BOUND('',#18687,.T.);
#18689=ADVANCED_FACE('',(#18688),#18630,.T.);
#18690=COLOUR_RGB('',0.39,0.39,0.39);
#18691=FILL_AREA_STYLE_COLOUR('',#18690);
#18692=FILL_AREA_STYLE('',(#18691));
#18693=SURFACE_STYLE_FILL_AREA(#18692);
#18694=SURFACE_STYLE_TRANSPARENT(0.00);
#18695=SURFACE_STYLE_RENDERING_WITH_PROPERTIES(.NORMAL_SHADING.,#18690,(#18694));
#18696=SURFACE_SIDE_STYLE('',(#18693, #18695));
#18697=SURFACE_STYLE_USAGE(.BOTH.,#18696);
#18698=PRESENTATION_STYLE_ASSIGNMENT((#18697));
#18699=STYLED_ITEM('',(#18698),#18689);

#18701=CARTESIAN_POINT('',(-8.97643,-4.70000,4.40723));
#18702=CARTESIAN_POINT('',(-17.95287,-4.70000,8.81445));
#18703=CARTESIAN_POINT('',(-9.41716,-4.70000,3.50958));
#18704=CARTESIAN_POINT('',(-18.39359,-4.70000,7.91681));
#18700=(
BOUNDED_SURFACE()
B_SPLINE_SURFACE(2,1,((#18701,#18702),(#18703,#18704),(#18631,#18632)),.UNSPECIFIED.,.F.,.F.,.F.)
B_SPLINE_SURFACE_WITH_KNOTS((3,3),(2,2),(0.000,1.000),(0.000,1.000),.UNSPECIFIED.)
GEOMETRIC_REPRESENTATION_ITEM()
RATIONAL_B_SPLINE_SURFACE(((1.0000000000,1.0000000000),(0.7071067812,0.7071067812),(1.0000000000,1.0000000000)))
REPRESENTATION_ITEM('')
SURFACE()
);

#18717=ORIENTED_EDGE('',*,*,#3931,.F.);
#18726=ORIENTED_EDGE('',*,*,#3922,.F.);
#18727=(
BOUNDED_CURVE()
B_SPLINE_CURVE(1,(#3913,#1655),.UNSPECIFIED.,.F.,.F.)
B_SPLINE_CURVE_WITH_KNOTS((2,2),(0.000,1.000),.UNSPECIFIED.)
CURVE()
GEOMETRIC_REPRESENTATION_ITEM()
RATIONAL_B_SPLINE_CURVE((1.0000000000,1.0000000000))
REPRESENTATION_ITEM('')
);

#18732=EDGE_CURVE('',#3914,#1657,#18727,.T.);
#18733=ORIENTED_EDGE('',*,*,#18732,.T.);
#18742=ORIENTED_EDGE('',*,*,#1658,.F.);
#18751=ORIENTED_EDGE('',*,*,#1649,.F.);
#18756=ORIENTED_EDGE('',*,*,#18662,.F.);
#18757=EDGE_LOOP('',(#18717,#18726,#18733,#18742,#18751,#18756));
#18758=FACE_OUTER_BOUND('',#18757,.T.);
#18759=ADVANCED_FACE('',(#18758),#18700,.T.);
#18760=COLOUR_RGB('',0.39,0.39,0.39);
#18761=FILL_AREA_STYLE_COLOUR('',#18760);
#18762=FILL_AREA_STYLE('',(#18761));
#18763=SURFACE_STYLE_FILL_AREA(#18762);
#18764=SURFACE_STYLE_TRANSPARENT(0.00);
#18765=SURFACE_STYLE_RENDERING_WITH_PROPERTIES(.NORMAL_SHADING.,#18760,(#18764));
#18766=SURFACE_SIDE_STYLE('',(#18763, #18765));
#18767=SURFACE_STYLE_USAGE(.BOTH.,#18766);
#18768=PRESENTATION_STYLE_ASSIGNMENT((#18767));
#18769=STYLED_ITEM('',(#18768),#18759);

#18773=CARTESIAN_POINT('',(-8.53571,-4.70000,5.30487));
#18774=CARTESIAN_POINT('',(-17.51214,-4.70000,9.71210));
#18770=(
BOUNDED_SURFACE()
B_SPLINE_SURFACE(2,1,((#18565,#18566),(#18773,#18774),(#18701,#18702)),.UNSPECIFIED.,.F.,.F.,.F.)
B_SPLINE_SURFACE_WITH_KNOTS((3,3),(2,2),(0.000,1.000),(0.000,1.000),.UNSPECIFIED.)
GEOMETRIC_REPRESENTATION_ITEM()
RATIONAL_B_SPLINE_SURFACE(((1.0000000000,1.0000000000),(0.7071067812,0.7071067812),(1.0000000000,1.0000000000)))
REPRESENTATION_ITEM('')
SURFACE()
);

#18787=ORIENTED_EDGE('',*,*,#3983,.F.);
#18796=ORIENTED_EDGE('',*,*,#3976,.F.);
#18803=ORIENTED_EDGE('',*,*,#18615,.F.);
#18812=ORIENTED_EDGE('',*,*,#1676,.F.);
#18821=ORIENTED_EDGE('',*,*,#1667,.F.);
#18826=ORIENTED_EDGE('',*,*,#18732,.F.);
#18827=EDGE_LOOP('',(#18787,#18796,#18803,#18812,#18821,#18826));
#18828=FACE_OUTER_BOUND('',#18827,.T.);
#18829=ADVANCED_FACE('',(#18828),#18770,.T.);
#18830=COLOUR_RGB('',0.39,0.39,0.39);
#18831=FILL_AREA_STYLE_COLOUR('',#18830);
#18832=FILL_AREA_STYLE('',(#18831));
#18833=SURFACE_STYLE_FILL_AREA(#18832);
#18834=SURFACE_STYLE_TRANSPARENT(0.00);
#18835=SURFACE_STYLE_RENDERING_WITH_PROPERTIES(.NORMAL_SHADING.,#18830,(#18834));
#18836=SURFACE_SIDE_STYLE('',(#18833, #18835));
#18837=SURFACE_STYLE_USAGE(.BOTH.,#18836);
#18838=PRESENTATION_STYLE_ASSIGNMENT((#18837));
#18839=STYLED_ITEM('',(#18838),#18829);

#18841=CARTESIAN_POINT('',(-19.62249,-4.70000,3.86756));
#18842=CARTESIAN_POINT('',(-9.81124,-4.70000,1.93378));
#18843=CARTESIAN_POINT('',(-19.42911,-4.70000,4.84869));
#18844=CARTESIAN_POINT('',(-9.61786,-4.70000,2.91491));
#18845=CARTESIAN_POINT('',(-19.42911,-3.70000,4.84869));
#18846=CARTESIAN_POINT('',(-9.61786,-3.70000,2.91491));
#18840=(
BOUNDED_SURFACE()
B_SPLINE_SURFACE(2,1,((#18841,#18842),(#18843,#18844),(#18845,#18846)),.UNSPECIFIED.,.F.,.F.,.F.)
B_SPLINE_SURFACE_WITH_KNOTS((3,3),(2,2),(0.000,1.000),(0.000,1.000),.UNSPECIFIED.)
GEOMETRIC_REPRESENTATION_ITEM()
RATIONAL_B_SPLINE_SURFACE(((1.0000000000,1.0000000000),(0.7071067812,0.7071067812),(1.0000000000,1.0000000000)))
REPRESENTATION_ITEM('')
SURFACE()
);

#18849=(
BOUNDED_CURVE()
B_SPLINE_CURVE(1,(#1711,#4038),.UNSPECIFIED.,.F.,.F.)
B_SPLINE_CURVE_WITH_KNOTS((2,2),(0.000,1.000),.UNSPECIFIED.)
CURVE()
GEOMETRIC_REPRESENTATION_ITEM()
RATIONAL_B_SPLINE_CURVE((1.0000000000,1.0000000000))
REPRESENTATION_ITEM('')
);

#18854=EDGE_CURVE('',#1713,#4040,#18849,.T.);
#18855=ORIENTED_EDGE('',*,*,#18854,.T.);
#18864=ORIENTED_EDGE('',*,*,#4041,.F.);
#18873=ORIENTED_EDGE('',*,*,#4032,.F.);
#18874=(
BOUNDED_CURVE()
B_SPLINE_CURVE(1,(#4020,#1729),.UNSPECIFIED.,.F.,.F.)
B_SPLINE_CURVE_WITH_KNOTS((2,2),(0.000,1.000),.UNSPECIFIED.)
CURVE()
GEOMETRIC_REPRESENTATION_ITEM()
RATIONAL_B_SPLINE_CURVE((1.0000000000,1.0000000000))
REPRESENTATION_ITEM('')
);

#18879=EDGE_CURVE('',#4022,#1731,#18874,.T.);
#18880=ORIENTED_EDGE('',*,*,#18879,.T.);
#18889=ORIENTED_EDGE('',*,*,#1732,.F.);
#18896=ORIENTED_EDGE('',*,*,#1723,.F.);
#18897=EDGE_LOOP('',(#18855,#18864,#18873,#18880,#18889,#18896));
#18898=FACE_OUTER_BOUND('',#18897,.T.);
#18899=ADVANCED_FACE('',(#18898),#18840,.T.);
#18900=COLOUR_RGB('',0.39,0.39,0.39);
#18901=FILL_AREA_STYLE_COLOUR('',#18900);
#18902=FILL_AREA_STYLE('',(#18901));
#18903=SURFACE_STYLE_FILL_AREA(#18902);
#18904=SURFACE_STYLE_TRANSPARENT(0.00);
#18905=SURFACE_STYLE_RENDERING_WITH_PROPERTIES(.NORMAL_SHADING.,#18900,(#18904));
#18906=SURFACE_SIDE_STYLE('',(#18903, #18905));
#18907=SURFACE_STYLE_USAGE(.BOTH.,#18906);
#18908=PRESENTATION_STYLE_ASSIGNMENT((#18907));
#18909=STYLED_ITEM('',(#18908),#18899);

#18911=CARTESIAN_POINT('',(-19.81586,-3.70000,2.88644));
#18912=CARTESIAN_POINT('',(-10.00462,-3.70000,0.95266));
#18913=CARTESIAN_POINT('',(-19.81586,-4.70000,2.88644));
#18914=CARTESIAN_POINT('',(-10.00462,-4.70000,0.95266));
#18910=(
BOUNDED_SURFACE()
B_SPLINE_SURFACE(2,1,((#18911,#18912),(#18913,#18914),(#18841,#18842)),.UNSPECIFIED.,.F.,.F.,.F.)
B_SPLINE_SURFACE_WITH_KNOTS((3,3),(2,2),(0.000,1.000),(0.000,1.000),.UNSPECIFIED.)
GEOMETRIC_REPRESENTATION_ITEM()
RATIONAL_B_SPLINE_SURFACE(((1.0000000000,1.0000000000),(0.7071067812,0.7071067812),(1.0000000000,1.0000000000)))
REPRESENTATION_ITEM('')
SURFACE()
);

#18919=(
BOUNDED_CURVE()
B_SPLINE_CURVE(1,(#1696,#3987),.UNSPECIFIED.,.F.,.F.)
B_SPLINE_CURVE_WITH_KNOTS((2,2),(0.000,1.000),.UNSPECIFIED.)
CURVE()
GEOMETRIC_REPRESENTATION_ITEM()
RATIONAL_B_SPLINE_CURVE((1.0000000000,1.0000000000))
REPRESENTATION_ITEM('')
);

#18924=EDGE_CURVE('',#1697,#3988,#18919,.T.);
#18925=ORIENTED_EDGE('',*,*,#18924,.T.);
#18934=ORIENTED_EDGE('',*,*,#4057,.F.);
#18943=ORIENTED_EDGE('',*,*,#4050,.F.);
#18950=ORIENTED_EDGE('',*,*,#18854,.F.);
#18959=ORIENTED_EDGE('',*,*,#1714,.F.);
#18966=ORIENTED_EDGE('',*,*,#1705,.F.);
#18967=EDGE_LOOP('',(#18925,#18934,#18943,#18950,#18959,#18966));
#18968=FACE_OUTER_BOUND('',#18967,.T.);
#18969=ADVANCED_FACE('',(#18968),#18910,.T.);
#18970=COLOUR_RGB('',0.39,0.39,0.39);
#18971=FILL_AREA_STYLE_COLOUR('',#18970);
#18972=FILL_AREA_STYLE('',(#18971));
#18973=SURFACE_STYLE_FILL_AREA(#18972);
#18974=SURFACE_STYLE_TRANSPARENT(0.00);
#18975=SURFACE_STYLE_RENDERING_WITH_PROPERTIES(.NORMAL_SHADING.,#18970,(#18974));
#18976=SURFACE_SIDE_STYLE('',(#18973, #18975));
#18977=SURFACE_STYLE_USAGE(.BOTH.,#18976);
#18978=PRESENTATION_STYLE_ASSIGNMENT((#18977));
#18979=STYLED_ITEM('',(#18978),#18969);

#18981=CARTESIAN_POINT('',(-19.62249,-2.70000,3.86756));
#18982=CARTESIAN_POINT('',(-9.81124,-2.70000,1.93378));
#18983=CARTESIAN_POINT('',(-19.81586,-2.70000,2.88644));
#18984=CARTESIAN_POINT('',(-10.00462,-2.70000,0.95266));
#18980=(
BOUNDED_SURFACE()
B_SPLINE_SURFACE(2,1,((#18981,#18982),(#18983,#18984),(#18911,#18912)),.UNSPECIFIED.,.F.,.F.,.F.)
B_SPLINE_SURFACE_WITH_KNOTS((3,3),(2,2),(0.000,1.000),(0.000,1.000),.UNSPECIFIED.)
GEOMETRIC_REPRESENTATION_ITEM()
RATIONAL_B_SPLINE_SURFACE(((1.0000000000,1.0000000000),(0.7071067812,0.7071067812),(1.0000000000,1.0000000000)))
REPRESENTATION_ITEM('')
SURFACE()
);

#18989=(
BOUNDED_CURVE()
B_SPLINE_CURVE(1,(#1747,#4002),.UNSPECIFIED.,.F.,.F.)
B_SPLINE_CURVE_WITH_KNOTS((2,2),(0.000,1.000),.UNSPECIFIED.)
CURVE()
GEOMETRIC_REPRESENTATION_ITEM()
RATIONAL_B_SPLINE_CURVE((1.0000000000,1.0000000000))
REPRESENTATION_ITEM('')
);

#18994=EDGE_CURVE('',#1749,#4004,#18989,.T.);
#18995=ORIENTED_EDGE('',*,*,#18994,.T.);
#19004=ORIENTED_EDGE('',*,*,#4005,.F.);
#19013=ORIENTED_EDGE('',*,*,#3996,.F.);
#19020=ORIENTED_EDGE('',*,*,#18924,.F.);
#19029=ORIENTED_EDGE('',*,*,#1766,.F.);
#19036=ORIENTED_EDGE('',*,*,#1759,.F.);
#19037=EDGE_LOOP('',(#18995,#19004,#19013,#19020,#19029,#19036));
#19038=FACE_OUTER_BOUND('',#19037,.T.);
#19039=ADVANCED_FACE('',(#19038),#18980,.T.);
#19040=COLOUR_RGB('',0.39,0.39,0.39);
#19041=FILL_AREA_STYLE_COLOUR('',#19040);
#19042=FILL_AREA_STYLE('',(#19041));
#19043=SURFACE_STYLE_FILL_AREA(#19042);
#19044=SURFACE_STYLE_TRANSPARENT(0.00);
#19045=SURFACE_STYLE_RENDERING_WITH_PROPERTIES(.NORMAL_SHADING.,#19040,(#19044));
#19046=SURFACE_SIDE_STYLE('',(#19043, #19045));
#19047=SURFACE_STYLE_USAGE(.BOTH.,#19046);
#19048=PRESENTATION_STYLE_ASSIGNMENT((#19047));
#19049=STYLED_ITEM('',(#19048),#19039);

#19053=CARTESIAN_POINT('',(-19.42911,-2.70000,4.84869));
#19054=CARTESIAN_POINT('',(-9.61786,-2.70000,2.91491));
#19050=(
BOUNDED_SURFACE()
B_SPLINE_SURFACE(2,1,((#18845,#18846),(#19053,#19054),(#18981,#18982)),.UNSPECIFIED.,.F.,.F.,.F.)
B_SPLINE_SURFACE_WITH_KNOTS((3,3),(2,2),(0.000,1.000),(0.000,1.000),.UNSPECIFIED.)
GEOMETRIC_REPRESENTATION_ITEM()
RATIONAL_B_SPLINE_SURFACE(((1.0000000000,1.0000000000),(0.7071067812,0.7071067812),(1.0000000000,1.0000000000)))
REPRESENTATION_ITEM('')
SURFACE()
);

#19065=ORIENTED_EDGE('',*,*,#18879,.F.);
#19074=ORIENTED_EDGE('',*,*,#4023,.F.);
#19083=ORIENTED_EDGE('',*,*,#4014,.F.);
#19090=ORIENTED_EDGE('',*,*,#18994,.F.);
#19099=ORIENTED_EDGE('',*,*,#1750,.F.);
#19106=ORIENTED_EDGE('',*,*,#1741,.F.);
#19107=EDGE_LOOP('',(#19065,#19074,#19083,#19090,#19099,#19106));
#19108=FACE_OUTER_BOUND('',#19107,.T.);
#19109=ADVANCED_FACE('',(#19108),#19050,.T.);
#19110=COLOUR_RGB('',0.39,0.39,0.39);
#19111=FILL_AREA_STYLE_COLOUR('',#19110);
#19112=FILL_AREA_STYLE('',(#19111));
#19113=SURFACE_STYLE_FILL_AREA(#19112);
#19114=SURFACE_STYLE_TRANSPARENT(0.00);
#19115=SURFACE_STYLE_RENDERING_WITH_PROPERTIES(.NORMAL_SHADING.,#19110,(#19114));
#19116=SURFACE_SIDE_STYLE('',(#19113, #19115));
#19117=SURFACE_STYLE_USAGE(.BOTH.,#19116);
#19118=PRESENTATION_STYLE_ASSIGNMENT((#19117));
#19119=STYLED_ITEM('',(#19118),#19109);

#19120=CLOSED_SHELL('',(#239,#289,#339,#389,#1276,#1770,#2264,#2684,#3178,#3262,#3312,#3362,#3412,#3462,#3580,#4061,#4567,#5037,#5518,#5573,#5628,#5683,#5738,#5822,#5877,#5932,#5987,#6042,#6092,#6142,#6192,#6242,#6326,#6376,#6426,#6476,#6526,#6610,#6660,#6710,#6760,#6810,#7731,#7781,#7831,#7881,#7931,#7977,#8023,#8069,#8119,#8169,#8219,#8269,#8319,#8369,#8419,#8469,#8519,#8569,#8619,#8669,#8719,#8769,#8819,#8869,#8919,#8969,#9019,#9069,#9119,#9169,#9219,#9269,#9319,#9369,#9419,#9469,#9519,#9569,#9619,#9669,#9719,#9769,#9819,#9869,#9919,#9969,#10019,#10069,#10119,#10169,#10219,#10269,#10319,#10369,#10419,#10469,#10519,#10569,#10619,#10669,#10719,#10769,#10819,#10869,#10919,#10969,#11019,#11069,#11119,#11169,#11219,#11269,#11319,#11369,#11419,#11469,#11519,#11569,#11619,#11669,#11719,#11769,#11819,#11869,#11919,#11969,#12019,#12069,#12119,#12169,#12219,#12269,#12319,#12369,#12419,#12469,#12519,#12569,#12619,#12669,#12739,#12809,#12879,#12949,#13019,#13089,#13159,#13229,#13299,#13369,#13439,#13509,#13579,#13649,#13719,#13789,#13859,#13929,#13999,#14069,#14139,#14209,#14279,#14349,#14419,#14489,#14559,#14629,#14699,#14769,#14839,#14909,#14979,#15049,#15119,#15189,#15259,#15329,#15399,#15469,#15539,#15609,#15679,#15749,#15819,#15889,#15959,#16029,#16099,#16169,#16239,#16309,#16379,#16449,#16519,#16589,#16659,#16729,#16799,#16869,#16939,#17009,#17079,#17149,#17219,#17289,#17359,#17429,#17499,#17569,#17639,#17709,#17779,#17849,#17919,#17989,#18059,#18129,#18199,#18269,#18339,#18409,#18479,#18549,#18619,#18689,#18759,#18829,#18899,#18969,#19039,#19109));
#19121=MANIFOLD_SOLID_BREP('brep',#19120);
#19122=ADVANCED_BREP_SHAPE_REPRESENTATION('',(#19121,#170),#168);
#19123=SHAPE_REPRESENTATION_RELATIONSHIP($,$,#169,#19122);

ENDSEC;

END-ISO-10303-21;
